{
"type": "FeatureCollection",
"name": "boundary",
"features": [
{ "type": "Feature", "properties": { }, "geometry": { "type": "MultiPolygon", "coordinates": [ [ [ [ 119.423988204000011, -8.762890848999973 ], [ 119.423653403000117, -8.762215146999949 ], [ 119.42417944500005, -8.762428716999977 ], [ 119.423988204000011, -8.762890848999973 ] ] ], [ [ [ 119.430581922000101, -8.764493318999939 ], [ 119.423145154000053, -8.761632418999966 ], [ 119.419340359000103, -8.754870861999962 ], [ 119.423249740000074, -8.744142910999926 ], [ 119.427014944, -8.746152160999941 ], [ 119.42733889200008, -8.753222345999973 ], [ 119.430581922000101, -8.764493318999939 ] ] ], [ [ [ 119.441009547000021, -8.752679073999957 ], [ 119.440064331000031, -8.752071412999953 ], [ 119.44039333, -8.751578969999969 ], [ 119.441009547000021, -8.752679073999957 ] ] ], [ [ [ 119.367376944000057, -8.74961882499997 ], [ 119.367735291000031, -8.74961168699997 ], [ 119.367321264000111, -8.749718762999976 ], [ 119.367376944000057, -8.74961882499997 ] ] ], [ [ [ 119.367619649000062, -8.749334716999954 ], [ 119.367695316000095, -8.749444647999951 ], [ 119.367445473000089, -8.749453213999971 ], [ 119.367619649000062, -8.749334716999954 ] ] ], [ [ [ 119.367646537000041, -8.749214316999939 ], [ 119.367984420000084, -8.749204798999926 ], [ 119.367663193000112, -8.749274992999972 ], [ 119.367646537000041, -8.749214316999939 ] ] ], [ [ [ 119.366994358000056, -8.748583870999937 ], [ 119.367131982000046, -8.748326025999972 ], [ 119.367753479000044, -8.748678517999963 ], [ 119.366994358000056, -8.748583870999937 ] ] ], [ [ [ 119.371051, -8.74587100499997 ], [ 119.372049073000085, -8.745244345999936 ], [ 119.371311965000018, -8.746153008999954 ], [ 119.371051, -8.74587100499997 ] ] ], [ [ [ 119.372684980000031, -8.74543282999997 ], [ 119.372701637000091, -8.745570838999981 ], [ 119.372656427000038, -8.745449486999973 ], [ 119.372684980000031, -8.74543282999997 ] ] ], [ [ [ 119.375429689000043, -8.743997222999951 ], [ 119.374291116000109, -8.74394368399993 ], [ 119.37473012800001, -8.743254830999945 ], [ 119.375429689000043, -8.743997222999951 ] ] ], [ [ [ 119.36755530500011, -8.740681304999953 ], [ 119.370969006000109, -8.741246019999949 ], [ 119.374618381000118, -8.738549339999963 ], [ 119.374074277000091, -8.744074871999942 ], [ 119.363855994000119, -8.74780100199996 ], [ 119.36755530500011, -8.740681304999953 ] ] ], [ [ [ 119.410467637000011, -8.742876440999964 ], [ 119.409807337000075, -8.742676565999943 ], [ 119.41016782600002, -8.742544505999945 ], [ 119.410467637000011, -8.742876440999964 ] ] ], [ [ [ 119.410364131000051, -8.742105494999976 ], [ 119.411348633000102, -8.741962727999976 ], [ 119.410979816, -8.742929383999979 ], [ 119.410364131000051, -8.742105494999976 ] ] ], [ [ [ 119.370272527000111, -8.739636289999964 ], [ 119.370080568000049, -8.74012098399993 ], [ 119.369437492000088, -8.739427823999961 ], [ 119.370272527000111, -8.739636289999964 ] ] ], [ [ [ 119.48320284600004, -8.738042854999946 ], [ 119.483347517000084, -8.737938157999963 ], [ 119.483351324000068, -8.738016204999951 ], [ 119.48320284600004, -8.738042854999946 ] ] ], [ [ [ 119.375503975000015, -8.737201908999964 ], [ 119.375137882000104, -8.738530749999939 ], [ 119.374425879000114, -8.737554055999965 ], [ 119.375503975000015, -8.737201908999964 ] ] ], [ [ [ 119.48039807300006, -8.738359534999972 ], [ 119.481827817000067, -8.736850051999966 ], [ 119.481752147000066, -8.738731110999936 ], [ 119.48039807300006, -8.738359534999972 ] ] ], [ [ [ 119.411231457000099, -8.739024436999955 ], [ 119.410967329000073, -8.735798348999936 ], [ 119.411587004000012, -8.735812452999937 ], [ 119.411231457000099, -8.739024436999955 ] ] ], [ [ [ 119.382118843000057, -8.736649535999959 ], [ 119.381544457000018, -8.736671218999959 ], [ 119.382085148000101, -8.736395105999975 ], [ 119.382118843000057, -8.736649535999959 ] ] ], [ [ [ 119.390073725000093, -8.728836803999968 ], [ 119.390029943000059, -8.728726396999946 ], [ 119.390233625000064, -8.728753046999941 ], [ 119.390073725000093, -8.728836803999968 ] ] ], [ [ [ 119.525280467000016, -8.702334081999936 ], [ 119.524323328000037, -8.701610130999939 ], [ 119.525643334000051, -8.701733267999941 ], [ 119.525280467000016, -8.702334081999936 ] ] ], [ [ [ 119.523936665000065, -8.700207438999939 ], [ 119.523836728000106, -8.700018270999976 ], [ 119.524161525000068, -8.699904056999969 ], [ 119.523936665000065, -8.700207438999939 ] ] ], [ [ [ 119.538034100000118, -8.692088162999937 ], [ 119.538028151000049, -8.691912676999948 ], [ 119.538315215000011, -8.692040685999928 ], [ 119.538034100000118, -8.692088162999937 ] ] ], [ [ [ 119.540873558000044, -8.688712951999946 ], [ 119.535911762000069, -8.69347470699995 ], [ 119.532649838000111, -8.692973393999978 ], [ 119.532967244000019, -8.68881685499997 ], [ 119.540873558000044, -8.688712951999946 ] ] ], [ [ [ 119.449204105000035, -8.688468229999955 ], [ 119.449217096000098, -8.688911603999941 ], [ 119.449022165000088, -8.689023142999929 ], [ 119.449204105000035, -8.688468229999955 ] ] ], [ [ [ 119.470679042000029, -8.685853963999932 ], [ 119.473524851000093, -8.690037467999957 ], [ 119.469133562000025, -8.69057238399995 ], [ 119.46458464300008, -8.687731829999962 ], [ 119.465278136000052, -8.685265413999957 ], [ 119.470679042000029, -8.685853963999932 ] ] ], [ [ [ 119.533361962000072, -8.674971612999968 ], [ 119.533481334000044, -8.67820048699997 ], [ 119.533185882000112, -8.678079189999949 ], [ 119.533361962000072, -8.674971612999968 ] ] ], [ [ [ 119.531569883000088, -8.669603782999957 ], [ 119.533374819000073, -8.668588751999948 ], [ 119.531978641000023, -8.670034838999982 ], [ 119.531569883000088, -8.669603782999957 ] ] ], [ [ [ 119.534993197000063, -8.66604367399998 ], [ 119.534662961000095, -8.666485576999946 ], [ 119.534127761000036, -8.665592077999975 ], [ 119.534993197000063, -8.66604367399998 ] ] ], [ [ [ 119.538212019000071, -8.657249036999929 ], [ 119.538230835000036, -8.65764913299995 ], [ 119.537965259000089, -8.657242796999981 ], [ 119.538212019000071, -8.657249036999929 ] ] ], [ [ [ 119.49643998800002, -8.64710529499996 ], [ 119.495264363000047, -8.650340952999954 ], [ 119.494055384000035, -8.64748414099995 ], [ 119.49643998800002, -8.64710529499996 ] ] ], [ [ [ 119.395824158000096, -8.63529254599996 ], [ 119.396223908000024, -8.63581126899993 ], [ 119.394862856000032, -8.636196741999981 ], [ 119.395824158000096, -8.63529254599996 ] ] ], [ [ [ 119.375275336000072, -8.62543183799994 ], [ 119.375150414000018, -8.625335469999925 ], [ 119.375518042000067, -8.625164148999943 ], [ 119.375275336000072, -8.62543183799994 ] ] ], [ [ [ 119.527933574000031, -8.626416322999944 ], [ 119.524515041000086, -8.623565543999973 ], [ 119.530467016000102, -8.623752619999948 ], [ 119.527933574000031, -8.626416322999944 ] ] ], [ [ [ 119.34382000800008, -8.619177801999967 ], [ 119.344120520000047, -8.620405155999947 ], [ 119.3433903130001, -8.620075184999962 ], [ 119.34382000800008, -8.619177801999967 ] ] ], [ [ [ 119.467207943000062, -8.621115879999934 ], [ 119.465789261000054, -8.619145885999956 ], [ 119.471766362000039, -8.61744458499993 ], [ 119.471109410000054, -8.620957293999936 ], [ 119.467207943000062, -8.621115879999934 ] ] ], [ [ [ 119.475771946, -8.616912710999941 ], [ 119.474599395000041, -8.61769748699993 ], [ 119.474987729000077, -8.616452865999975 ], [ 119.475771946, -8.616912710999941 ] ] ], [ [ [ 119.520078837000028, -8.614573095999958 ], [ 119.520990299000118, -8.614820136999981 ], [ 119.520921770000086, -8.615715282999929 ], [ 119.519169167000086, -8.617075990999979 ], [ 119.520078837000028, -8.614573095999958 ] ] ], [ [ [ 119.53142604300001, -8.615104389999942 ], [ 119.53205648200003, -8.614891949999958 ], [ 119.532153393000044, -8.616021208999939 ], [ 119.53142604300001, -8.615104389999942 ] ] ], [ [ [ 119.484885586000019, -8.613383582999973 ], [ 119.486871048000012, -8.61294264299994 ], [ 119.485020582000061, -8.613979126999936 ], [ 119.484885586000019, -8.613383582999973 ] ] ], [ [ [ 119.521336444000099, -8.609863724999968 ], [ 119.532739860000106, -8.606211387999963 ], [ 119.531380516000013, -8.613866240999926 ], [ 119.524860841000077, -8.616172545999973 ], [ 119.521724304000031, -8.613722238999969 ], [ 119.521336444000099, -8.609863724999968 ] ] ], [ [ [ 119.529654052000069, -8.603774447999967 ], [ 119.529282331000104, -8.603505753999968 ], [ 119.529477030000066, -8.603432193999936 ], [ 119.529654052000069, -8.603774447999967 ] ] ], [ [ [ 119.48734279700011, -8.598944538999945 ], [ 119.48824184700004, -8.599309170999959 ], [ 119.487000651000017, -8.600347484999929 ], [ 119.48734279700011, -8.598944538999945 ] ] ], [ [ [ 119.49207664700009, -8.597865551999973 ], [ 119.493696950000071, -8.597453665999979 ], [ 119.496915995000109, -8.601376697999967 ], [ 119.49207664700009, -8.597865551999973 ] ] ], [ [ [ 119.385033212000053, -8.597141592999947 ], [ 119.385018340000101, -8.596960158999934 ], [ 119.385181928000065, -8.597105900999964 ], [ 119.385033212000053, -8.597141592999947 ] ] ], [ [ [ 119.470868410000094, -8.480279355999926 ], [ 119.483253741000112, -8.48620436899995 ], [ 119.488369722000016, -8.480294323999942 ], [ 119.495213446000093, -8.47926999799995 ], [ 119.496715426000037, -8.485656837999954 ], [ 119.506869478000112, -8.494033971999954 ], [ 119.516054297000096, -8.491088484999977 ], [ 119.519556647000059, -8.485403186999974 ], [ 119.526377076000017, -8.482455766999976 ], [ 119.52637767300007, -8.488648507999926 ], [ 119.534890244000053, -8.497357832999967 ], [ 119.546416745000101, -8.48838051599995 ], [ 119.552168597000104, -8.478973761999953 ], [ 119.546276759000079, -8.492478818999928 ], [ 119.549533896000071, -8.498880815999939 ], [ 119.562676557000032, -8.484363050999946 ], [ 119.571186555000054, -8.489557180999952 ], [ 119.572132029000045, -8.496590431999948 ], [ 119.568696122, -8.50097685399993 ], [ 119.572624163000114, -8.508272199999965 ], [ 119.569369946000052, -8.509720782999977 ], [ 119.568364699000085, -8.515574756999968 ], [ 119.57329750100007, -8.519177998999965 ], [ 119.567747224000072, -8.521750572999963 ], [ 119.569812868000099, -8.532340169999941 ], [ 119.563505643000099, -8.530109957999969 ], [ 119.565024954000023, -8.524695620999978 ], [ 119.561484550000046, -8.52403379499998 ], [ 119.560032178000029, -8.514165177999928 ], [ 119.554205486000114, -8.522964182999942 ], [ 119.554374422000024, -8.529673118999938 ], [ 119.549191412000027, -8.529886356999953 ], [ 119.549511448000089, -8.536425797999925 ], [ 119.553736244000106, -8.538144763999981 ], [ 119.56001986900003, -8.550374967999971 ], [ 119.55858377900006, -8.570489428999963 ], [ 119.564498336000042, -8.576370704999931 ], [ 119.559623764000094, -8.586740936999945 ], [ 119.564709073000017, -8.593462883999962 ], [ 119.570185365000043, -8.591332892999958 ], [ 119.57417810100003, -8.595397011999978 ], [ 119.557198490000019, -8.598529748999965 ], [ 119.546087399000044, -8.59599364099995 ], [ 119.543188238000084, -8.599971125999957 ], [ 119.536337512000046, -8.599609688999976 ], [ 119.535795579000023, -8.602767082999947 ], [ 119.52595249, -8.598663630999965 ], [ 119.518526689000055, -8.602170137999963 ], [ 119.517123953, -8.592068617999928 ], [ 119.522995154000114, -8.588154205999956 ], [ 119.524820526000099, -8.582172716999935 ], [ 119.519887517000029, -8.573711424999942 ], [ 119.505330610000101, -8.568521955999927 ], [ 119.498358020000069, -8.571141109999928 ], [ 119.495670879000045, -8.575546172999964 ], [ 119.497098380000011, -8.587449492999951 ], [ 119.48609848000001, -8.593495635999943 ], [ 119.484350373000098, -8.599036152999929 ], [ 119.479406938000011, -8.601399598999933 ], [ 119.479818385000044, -8.605386541999962 ], [ 119.469343862000073, -8.608597347999932 ], [ 119.460302185000046, -8.604115971999931 ], [ 119.452986656, -8.606343061999951 ], [ 119.453589402000034, -8.610945852999976 ], [ 119.458518791000074, -8.613613360999977 ], [ 119.455981718000089, -8.61651564899995 ], [ 119.464874014000088, -8.627836485999978 ], [ 119.473193651000088, -8.629301089999956 ], [ 119.473727231000112, -8.625082360999954 ], [ 119.482370369000023, -8.624539807999952 ], [ 119.487052424000012, -8.614118108999946 ], [ 119.492138387000068, -8.611718935999932 ], [ 119.493688710000015, -8.61444152699994 ], [ 119.489394179000101, -8.626723384999934 ], [ 119.484764126000073, -8.62660836799995 ], [ 119.479625776000034, -8.63209730799997 ], [ 119.485971365000069, -8.637270629999932 ], [ 119.484900446000097, -8.640850922999959 ], [ 119.482623613000101, -8.642456938999942 ], [ 119.479167129000075, -8.637300577999952 ], [ 119.474780040000041, -8.639240860999962 ], [ 119.47616512500008, -8.65214651499997 ], [ 119.467910869000093, -8.65355490099995 ], [ 119.465469006000035, -8.649775072999944 ], [ 119.456418255000017, -8.648155311999972 ], [ 119.447937351000064, -8.65501309299998 ], [ 119.433169412000098, -8.67575994699996 ], [ 119.434786077000012, -8.684528040999965 ], [ 119.448737890000075, -8.686447459999954 ], [ 119.442507361000025, -8.692325561999951 ], [ 119.445194491000052, -8.699303226999973 ], [ 119.456219938000118, -8.702508813999941 ], [ 119.445691810000085, -8.721631367999976 ], [ 119.447557483000082, -8.725702272999968 ], [ 119.458220004000054, -8.727149865999934 ], [ 119.448061829000039, -8.734692946999928 ], [ 119.44879193700001, -8.740182865999941 ], [ 119.452657533000092, -8.740429006999932 ], [ 119.451672699000028, -8.74497206999996 ], [ 119.458506305000014, -8.744238203999942 ], [ 119.460811810000109, -8.738008305999927 ], [ 119.471368405000021, -8.737207638999962 ], [ 119.461350276000076, -8.746784635999973 ], [ 119.443768928000054, -8.751177598999959 ], [ 119.437238983000043, -8.749574898999981 ], [ 119.419289840000033, -8.730051936999928 ], [ 119.414028011000028, -8.73081179199994 ], [ 119.413664480000079, -8.726504752999972 ], [ 119.40975896000009, -8.727979492999964 ], [ 119.406477775000099, -8.72205364499996 ], [ 119.400195624000048, -8.725853026999971 ], [ 119.391300381000065, -8.723272893999933 ], [ 119.389458096000112, -8.725569495999935 ], [ 119.390247198000111, -8.730787698999961 ], [ 119.386878729000045, -8.729308139999944 ], [ 119.384639348000064, -8.734979759999931 ], [ 119.377142108000044, -8.73794679599996 ], [ 119.376559595000117, -8.73487690099995 ], [ 119.382233365000047, -8.73143403399996 ], [ 119.379495287000054, -8.727845892999937 ], [ 119.381244494000043, -8.725497023999935 ], [ 119.379717445000097, -8.72153547299996 ], [ 119.371260987000028, -8.717387042999974 ], [ 119.382234203000053, -8.716259717999947 ], [ 119.380452307000041, -8.709917393999945 ], [ 119.386059947000035, -8.701829651999958 ], [ 119.387875834000056, -8.692301516999976 ], [ 119.395926496000016, -8.69540507499994 ], [ 119.399220248, -8.689880453999933 ], [ 119.404440364000038, -8.688238811999952 ], [ 119.407079377000059, -8.662420660999942 ], [ 119.403490977000047, -8.658716373999937 ], [ 119.40979243400011, -8.646858574999953 ], [ 119.404146095000101, -8.638787204999971 ], [ 119.39799869400008, -8.639937157999952 ], [ 119.396374068000114, -8.633440178999933 ], [ 119.401702549000106, -8.627776356999959 ], [ 119.397722356000031, -8.622324469999967 ], [ 119.390432610000062, -8.628217322999944 ], [ 119.384102743000085, -8.624307219999935 ], [ 119.377914271, -8.634026429999949 ], [ 119.373351982000031, -8.630716034999978 ], [ 119.374427014000048, -8.626197992999948 ], [ 119.382795799000064, -8.622955868999952 ], [ 119.382337412000084, -8.618054964999942 ], [ 119.379768170000034, -8.618586611999945 ], [ 119.380359173000102, -8.611205247999976 ], [ 119.388311787000021, -8.600345641999979 ], [ 119.384620829000028, -8.592573164999976 ], [ 119.373436200000015, -8.587128520999954 ], [ 119.381653512000071, -8.581544640999937 ], [ 119.382304330000011, -8.575764198999934 ], [ 119.389069187000018, -8.572887818999959 ], [ 119.38808567500007, -8.568485007999925 ], [ 119.384604528000068, -8.567670029999931 ], [ 119.38906454500011, -8.564699700999938 ], [ 119.389775574000055, -8.559369341999968 ], [ 119.399285047000035, -8.563855936999971 ], [ 119.410909373000095, -8.555740635999939 ], [ 119.411506750000058, -8.550181472999952 ], [ 119.417631962000087, -8.553695008999966 ], [ 119.423189326000056, -8.551824586999942 ], [ 119.423777181000105, -8.535409800999957 ], [ 119.421103108000011, -8.529665103999946 ], [ 119.436606593000079, -8.526427387999945 ], [ 119.430891915000075, -8.521005173999981 ], [ 119.433990703000063, -8.517171449999978 ], [ 119.43233701500003, -8.512554568999974 ], [ 119.427480140000057, -8.512774729999933 ], [ 119.422501176000083, -8.505503468999962 ], [ 119.41615622900008, -8.506528018999973 ], [ 119.412437111000031, -8.502195055999948 ], [ 119.421379047000073, -8.50082905499994 ], [ 119.423913611000103, -8.49533646499998 ], [ 119.428821109000069, -8.495574499999975 ], [ 119.4303268970001, -8.49151885699996 ], [ 119.437993934000019, -8.488901186999954 ], [ 119.446090090000098, -8.494121587999928 ], [ 119.448960724000017, -8.491849927999965 ], [ 119.445391950000044, -8.483439915999952 ], [ 119.438667422000094, -8.481258857999933 ], [ 119.430940931, -8.471151306999957 ], [ 119.426596523000057, -8.471913947999951 ], [ 119.424672660000056, -8.466556194999953 ], [ 119.427025467000021, -8.462049941999965 ], [ 119.420478391000074, -8.451535891999981 ], [ 119.423651407000079, -8.446284435999928 ], [ 119.421527696000112, -8.443852909999976 ], [ 119.441422194000097, -8.446442981999951 ], [ 119.443363587000022, -8.45050682699997 ], [ 119.450394815000095, -8.452185139999926 ], [ 119.454245743000115, -8.44509842399998 ], [ 119.449754713000061, -8.430498735999947 ], [ 119.455318732000023, -8.427229334999936 ], [ 119.467589308000015, -8.438018921999969 ], [ 119.466867745000059, -8.448289803999955 ], [ 119.473724480000101, -8.452738025999963 ], [ 119.469184619000089, -8.456030735999946 ], [ 119.471253890000071, -8.46048385499995 ], [ 119.467479565000076, -8.464058484999953 ], [ 119.47447833700005, -8.472995332999972 ], [ 119.469467933000033, -8.473966340999937 ], [ 119.470868410000094, -8.480279355999926 ] ] ], [ [ [ 119.37258870200003, -8.58837299299995 ], [ 119.372358370000029, -8.587891389999982 ], [ 119.372691494000037, -8.588034157999971 ], [ 119.37258870200003, -8.58837299299995 ] ] ], [ [ [ 119.372000499000023, -8.587790501999962 ], [ 119.372074738000038, -8.587748622999925 ], [ 119.3721356530001, -8.587895197999956 ], [ 119.372000499000023, -8.587790501999962 ] ] ], [ [ [ 119.371210916000109, -8.559879353999975 ], [ 119.371509433000028, -8.558097610999937 ], [ 119.372106372000076, -8.559806334999962 ], [ 119.371210916000109, -8.559879353999975 ] ] ], [ [ [ 119.371529482000028, -8.558062835999976 ], [ 119.371348047000083, -8.557899246999966 ], [ 119.371704967000028, -8.557824889999949 ], [ 119.371529482000028, -8.558062835999976 ] ] ], [ [ [ 119.390109567000081, -8.557571508999956 ], [ 119.39033783800005, -8.55805202099998 ], [ 119.389993555000046, -8.558069290999981 ], [ 119.390109567000081, -8.557571508999956 ] ] ], [ [ [ 119.388958509000076, -8.553837285999975 ], [ 119.387360466000018, -8.55634682699997 ], [ 119.386561443000119, -8.550878349999948 ], [ 119.388958509000076, -8.553837285999975 ] ] ], [ [ [ 119.382964252000079, -8.542829837999932 ], [ 119.382488445000035, -8.541898011999933 ], [ 119.383683733000112, -8.542373522999981 ], [ 119.382964252000079, -8.542829837999932 ] ] ], [ [ [ 119.36572134700009, -8.526118040999961 ], [ 119.365321599000026, -8.525608835999947 ], [ 119.366116338000097, -8.525808710999968 ], [ 119.36572134700009, -8.526118040999961 ] ] ], [ [ [ 119.413411014000076, -8.520194966999952 ], [ 119.412939881000057, -8.519780940999965 ], [ 119.413403875000085, -8.518931473999942 ], [ 119.413411014000076, -8.520194966999952 ] ] ], [ [ [ 119.413663950000114, -8.518899350999959 ], [ 119.413795297000092, -8.518986914999971 ], [ 119.413724865000063, -8.51911826099996 ], [ 119.413663950000114, -8.518899350999959 ] ] ], [ [ [ 119.412399148000077, -8.517562985999973 ], [ 119.413449085000025, -8.517890161999958 ], [ 119.41315760100008, -8.518562359999976 ], [ 119.412399148000077, -8.517562985999973 ] ] ], [ [ [ 119.42241948100002, -8.51075519799997 ], [ 119.421742448000032, -8.510378724999953 ], [ 119.422789664000106, -8.510418087999938 ], [ 119.42241948100002, -8.51075519799997 ] ] ], [ [ [ 119.634081036000111, -8.809562652999944 ], [ 119.634452231000068, -8.80893606099994 ], [ 119.634840877000102, -8.808763152999973 ], [ 119.634081036000111, -8.809562652999944 ] ] ], [ [ [ 119.622472018000053, -8.796823546999974 ], [ 119.622410795000064, -8.797070431999941 ], [ 119.62234473400008, -8.796897306999938 ], [ 119.622472018000053, -8.796823546999974 ] ] ], [ [ [ 119.622895073000109, -8.796197743999926 ], [ 119.622844396000119, -8.796507826999971 ], [ 119.622758918000045, -8.796307103999936 ], [ 119.622895073000109, -8.796197743999926 ] ] ], [ [ [ 119.616120502000058, -8.791076184999952 ], [ 119.6159182560001, -8.791384846999961 ], [ 119.615664171000049, -8.791075704999969 ], [ 119.616120502000058, -8.791076184999952 ] ] ], [ [ [ 119.612026081000067, -8.787663514999963 ], [ 119.612099844000113, -8.787753934999955 ], [ 119.612007046000031, -8.787763451999979 ], [ 119.612026081000067, -8.787663514999963 ] ] ], [ [ [ 119.612352900000019, -8.779390009999929 ], [ 119.612524222000047, -8.779207266999947 ], [ 119.612449982000044, -8.779386203999934 ], [ 119.612352900000019, -8.779390009999929 ] ] ], [ [ [ 119.611859647000074, -8.762979276999943 ], [ 119.611534823000056, -8.762897102999943 ], [ 119.611817159000111, -8.762849979999942 ], [ 119.611859647000074, -8.762979276999943 ] ] ], [ [ [ 119.60226259600006, -8.748123507999935 ], [ 119.603921563000085, -8.747756340999956 ], [ 119.603837419000115, -8.748729953999941 ], [ 119.60226259600006, -8.748123507999935 ] ] ], [ [ [ 119.605139573000088, -8.738903182999934 ], [ 119.605124972000112, -8.73923925899993 ], [ 119.604741256000011, -8.738835259999973 ], [ 119.605139573000088, -8.738903182999934 ] ] ], [ [ [ 119.615589001000103, -8.725261044999968 ], [ 119.615650867000113, -8.725365740999962 ], [ 119.61554974, -8.725276510999947 ], [ 119.615589001000103, -8.725261044999968 ] ] ], [ [ [ 119.61516245200005, -8.725579739999944 ], [ 119.613476042000116, -8.725971887999947 ], [ 119.61308048300009, -8.723316979999936 ], [ 119.61516245200005, -8.725579739999944 ] ] ], [ [ [ 119.61209511900006, -8.722902760999943 ], [ 119.612196009000058, -8.722888483999952 ], [ 119.61221123700011, -8.722976047999964 ], [ 119.61209511900006, -8.722902760999943 ] ] ], [ [ [ 119.571949652000058, -8.692020973999945 ], [ 119.568818281000063, -8.693006070999957 ], [ 119.564950024000041, -8.686501758999952 ], [ 119.570457554000086, -8.684525300999951 ], [ 119.571949652000058, -8.692020973999945 ] ] ], [ [ [ 119.632789211000045, -8.688474933999942 ], [ 119.632874872000116, -8.68844495299993 ], [ 119.632900570000061, -8.688542034999955 ], [ 119.632789211000045, -8.688474933999942 ] ] ], [ [ [ 119.628700808000076, -8.68751560499993 ], [ 119.628980395000099, -8.686947507999946 ], [ 119.629248085000086, -8.687042686999973 ], [ 119.628700808000076, -8.68751560499993 ] ] ], [ [ [ 119.539943618000052, -8.684405279999964 ], [ 119.539214907000087, -8.684762792999948 ], [ 119.538132253000072, -8.68370988199996 ], [ 119.539943618000052, -8.684405279999964 ] ] ], [ [ [ 119.542164950000029, -8.680999466999936 ], [ 119.541936509000038, -8.680882517999976 ], [ 119.542302910000103, -8.680809056999976 ], [ 119.542164950000029, -8.680999466999936 ] ] ], [ [ [ 119.542380675000118, -8.681069041999933 ], [ 119.543487917000107, -8.680085530999975 ], [ 119.543824320000112, -8.681580660999941 ], [ 119.542380675000118, -8.681069041999933 ] ] ], [ [ [ 119.606076873, -8.676659173999951 ], [ 119.60720949600011, -8.677629993999972 ], [ 119.606600355000069, -8.678845645999957 ], [ 119.606076873, -8.676659173999951 ] ] ], [ [ [ 119.549627287000021, -8.676940613999932 ], [ 119.549595869000086, -8.676458886999967 ], [ 119.549869507000039, -8.676539787999957 ], [ 119.549627287000021, -8.676940613999932 ] ] ], [ [ [ 119.593646937000017, -8.668709198999977 ], [ 119.593599348000112, -8.668801997999935 ], [ 119.593569605000084, -8.66876749599993 ], [ 119.593646937000017, -8.668709198999977 ] ] ], [ [ [ 119.584320368000022, -8.666744327999936 ], [ 119.584450030000085, -8.667130928999939 ], [ 119.584228730000063, -8.667064109999956 ], [ 119.584320368000022, -8.666744327999936 ] ] ], [ [ [ 119.583847976000015, -8.666090771999961 ], [ 119.583577446000049, -8.666607663999969 ], [ 119.583610375000035, -8.665998204999937 ], [ 119.583847976000015, -8.666090771999961 ] ] ], [ [ [ 119.575121763000084, -8.66051092999993 ], [ 119.565195900000049, -8.658851794999975 ], [ 119.558157141000038, -8.665667357999951 ], [ 119.554921275000083, -8.676078830999927 ], [ 119.564341766000098, -8.691967367999951 ], [ 119.560869266000054, -8.689550911999959 ], [ 119.558819246000098, -8.694507922999946 ], [ 119.554948780000018, -8.678439513999933 ], [ 119.549108259000036, -8.681362817999968 ], [ 119.550929662000044, -8.676569214999972 ], [ 119.549104449000083, -8.67331384199997 ], [ 119.544437057000096, -8.673566654999945 ], [ 119.540460292000034, -8.678346485999953 ], [ 119.54005222, -8.671761430999936 ], [ 119.53514416500002, -8.668622182999968 ], [ 119.540481946000114, -8.662492120999957 ], [ 119.543496087000108, -8.665463325999951 ], [ 119.553588808000086, -8.660637039999926 ], [ 119.559432765000111, -8.655445054999973 ], [ 119.558351537000021, -8.651000221999936 ], [ 119.568477846000064, -8.656347033999964 ], [ 119.575526860000082, -8.646462616999941 ], [ 119.57175308, -8.64292153699995 ], [ 119.575584310000067, -8.638124223999966 ], [ 119.581464298000014, -8.641671247999966 ], [ 119.581947608000064, -8.637919038999939 ], [ 119.58954919100006, -8.633402970999953 ], [ 119.602631131000066, -8.631269805999978 ], [ 119.601761700000111, -8.64715651399996 ], [ 119.604332948000092, -8.651840777999951 ], [ 119.602051246000087, -8.659813443999951 ], [ 119.593118811000068, -8.661573012999952 ], [ 119.590743301000089, -8.666342283999938 ], [ 119.589783889000046, -8.662445464999962 ], [ 119.579229403000113, -8.65474824699993 ], [ 119.575018283000077, -8.656219360999955 ], [ 119.575121763000084, -8.66051092999993 ] ] ], [ [ [ 119.597180595000054, -8.662069708999979 ], [ 119.59719963100008, -8.662267680999946 ], [ 119.597058767000021, -8.662094455999977 ], [ 119.597180595000054, -8.662069708999979 ] ] ], [ [ [ 119.604366860000027, -8.656453134999936 ], [ 119.604486785000063, -8.656416966999927 ], [ 119.604463942000052, -8.656515001999935 ], [ 119.604366860000027, -8.656453134999936 ] ] ], [ [ [ 119.571415673000047, -8.649602018999929 ], [ 119.569609172000014, -8.651737515999969 ], [ 119.56979013900002, -8.648799397999937 ], [ 119.571415673000047, -8.649602018999929 ] ] ], [ [ [ 119.631580745000065, -8.649307710999949 ], [ 119.631742648000113, -8.649056033999955 ], [ 119.63181996600008, -8.649407837999945 ], [ 119.631580745000065, -8.649307710999949 ] ] ], [ [ [ 119.632215599, -8.648610011999949 ], [ 119.631449675000113, -8.648679268999956 ], [ 119.631941653000013, -8.648086 ], [ 119.632215599, -8.648610011999949 ] ] ], [ [ [ 119.603409920000104, -8.648130702999936 ], [ 119.603298562000077, -8.648100007999972 ], [ 119.603417059000094, -8.648097152999981 ], [ 119.603409920000104, -8.648130702999936 ] ] ], [ [ [ 119.603073702000074, -8.648041472999978 ], [ 119.603124384000012, -8.647979369999973 ], [ 119.603127954000115, -8.647993645999975 ], [ 119.603073702000074, -8.648041472999978 ] ] ], [ [ [ 119.631304381000064, -8.647248398999977 ], [ 119.631444787000078, -8.647218691999967 ], [ 119.63144477000003, -8.647343576999958 ], [ 119.631304381000064, -8.647248398999977 ] ] ], [ [ [ 119.556165387000078, -8.646136380999963 ], [ 119.555528521000042, -8.646058607999976 ], [ 119.555647242000077, -8.645053533999942 ], [ 119.556165387000078, -8.646136380999963 ] ] ], [ [ [ 119.623219364000079, -8.638921787999948 ], [ 119.623000660000116, -8.63898652499995 ], [ 119.622065429000031, -8.636354364999931 ], [ 119.623219364000079, -8.638921787999948 ] ] ], [ [ [ 119.616043327000057, -8.637247668999976 ], [ 119.612145628, -8.629527437999968 ], [ 119.612278283000023, -8.625225437999973 ], [ 119.619551370000067, -8.629106415999956 ], [ 119.619368574000077, -8.635839695999948 ], [ 119.616043327000057, -8.637247668999976 ] ] ], [ [ [ 119.62114202600003, -8.628372708999962 ], [ 119.621058686000083, -8.628544930999965 ], [ 119.62103352500003, -8.628396843999951 ], [ 119.62114202600003, -8.628372708999962 ] ] ], [ [ [ 119.578202788000112, -8.603070983999942 ], [ 119.578041266000014, -8.603353949999928 ], [ 119.578054783000084, -8.603073476999953 ], [ 119.578202788000112, -8.603070983999942 ] ] ], [ [ [ 119.577860912, -8.602876368999944 ], [ 119.57786805100011, -8.602675304999934 ], [ 119.577984644000026, -8.602821641999981 ], [ 119.577860912, -8.602876368999944 ] ] ], [ [ [ 119.577872809000041, -8.602634852999927 ], [ 119.577783579000084, -8.602509931999975 ], [ 119.577989403000061, -8.602500413999962 ], [ 119.577872809000041, -8.602634852999927 ] ] ], [ [ [ 119.632117855000047, -8.559487574999935 ], [ 119.627167025000062, -8.555039336999926 ], [ 119.632900768000013, -8.558081656999946 ], [ 119.632117855000047, -8.559487574999935 ] ] ], [ [ [ 119.565779819000113, -8.552455237999936 ], [ 119.565883325000073, -8.552291054999955 ], [ 119.565992780000101, -8.552369577999968 ], [ 119.565779819000113, -8.552455237999936 ] ] ], [ [ [ 119.59040997000011, -8.550732403999973 ], [ 119.590976282000042, -8.551094081999963 ], [ 119.590281479000055, -8.551370098999939 ], [ 119.59040997000011, -8.550732403999973 ] ] ], [ [ [ 119.575322036000102, -8.549054741999953 ], [ 119.575157853000064, -8.54886486099997 ], [ 119.575363439000057, -8.548944811999945 ], [ 119.575322036000102, -8.549054741999953 ] ] ], [ [ [ 119.590299325000046, -8.548294645999931 ], [ 119.589595005000092, -8.547661709999943 ], [ 119.589590246000057, -8.547304789999941 ], [ 119.590299325000046, -8.548294645999931 ] ] ], [ [ [ 119.568734603000053, -8.542614167999943 ], [ 119.564935888000036, -8.543086058999961 ], [ 119.564787979000016, -8.542405481999936 ], [ 119.568734603000053, -8.542614167999943 ] ] ], [ [ [ 119.572828990000062, -8.534245841999962 ], [ 119.578514858000062, -8.538668195999946 ], [ 119.570293768000056, -8.541388845999961 ], [ 119.567646733000061, -8.534605617999944 ], [ 119.572828990000062, -8.534245841999962 ] ] ], [ [ [ 119.614103267000019, -8.536576436999951 ], [ 119.613991550000037, -8.53701093199993 ], [ 119.613806021000073, -8.536860134999927 ], [ 119.614103267000019, -8.536576436999951 ] ] ], [ [ [ 119.566778948000092, -8.534814377999965 ], [ 119.567288205000068, -8.534833342999946 ], [ 119.566808062000064, -8.535004004999962 ], [ 119.566778948000092, -8.534814377999965 ] ] ], [ [ [ 119.627600975000064, -8.531018291999942 ], [ 119.627509271, -8.529833958999973 ], [ 119.62803373700001, -8.530738593999956 ], [ 119.627600975000064, -8.531018291999942 ] ] ], [ [ [ 119.587899095000012, -8.518110164999939 ], [ 119.587033408000025, -8.519796731999975 ], [ 119.585599862000095, -8.518215827999938 ], [ 119.587899095000012, -8.518110164999939 ] ] ], [ [ [ 119.638416458000052, -8.514972419999935 ], [ 119.63962312600006, -8.518819182999948 ], [ 119.635275455000055, -8.521226522999939 ], [ 119.633569670000043, -8.514559009999971 ], [ 119.641381841000111, -8.511141711999926 ], [ 119.642505193000034, -8.51835959899995 ], [ 119.638416458000052, -8.514972419999935 ] ] ], [ [ [ 119.575915900000041, -8.511267830999941 ], [ 119.575400971000022, -8.511446742999965 ], [ 119.575667950000025, -8.511124609999968 ], [ 119.575915900000041, -8.511267830999941 ] ] ], [ [ [ 119.573178833000043, -8.505015560999936 ], [ 119.573196916000029, -8.50510978799997 ], [ 119.5731283880001, -8.505126919999952 ], [ 119.573178833000043, -8.505015560999936 ] ] ], [ [ [ 119.583506909000107, -8.495625842999971 ], [ 119.5794318720001, -8.498412663999943 ], [ 119.577197575000014, -8.496168343999955 ], [ 119.58115827000006, -8.492735403999973 ], [ 119.583506909000107, -8.495625842999971 ] ] ], [ [ [ 119.588619220000055, -8.491953896999973 ], [ 119.586953578000021, -8.48611637099998 ], [ 119.591553228000066, -8.48839757199994 ], [ 119.588619220000055, -8.491953896999973 ] ] ], [ [ [ 119.562121844000103, -8.460949764999953 ], [ 119.566962105000016, -8.467906314999937 ], [ 119.563136381000049, -8.466774717999954 ], [ 119.563808986000026, -8.471424676999959 ], [ 119.560008222000079, -8.47660902399997 ], [ 119.556095503000051, -8.475215937999963 ], [ 119.554408977000094, -8.477598948999969 ], [ 119.551374768000073, -8.47483379199997 ], [ 119.557399158000067, -8.463635898999939 ], [ 119.562121844000103, -8.460949764999953 ] ] ], [ [ [ 119.570122825000112, -8.451253340999926 ], [ 119.562308923000046, -8.459171311999967 ], [ 119.564534814000012, -8.445529457999953 ], [ 119.56870751200006, -8.450045167999974 ], [ 119.583133135000026, -8.441150590999939 ], [ 119.584077443000069, -8.452434704999973 ], [ 119.570122825000112, -8.451253340999926 ] ] ], [ [ [ 119.562526974000093, -8.41196395399993 ], [ 119.563394466000091, -8.410691221999969 ], [ 119.563963267000076, -8.411401810999962 ], [ 119.562526974000093, -8.41196395399993 ] ] ], [ [ [ 119.658995361000052, -8.818335216999969 ], [ 119.658136206000108, -8.810309605999976 ], [ 119.652880125000024, -8.814569232999929 ], [ 119.6510944260001, -8.803980684999942 ], [ 119.647405861000038, -8.809465070999977 ], [ 119.630701937000026, -8.806922243999963 ], [ 119.635472210000103, -8.797889981999958 ], [ 119.655499734000045, -8.786090016999935 ], [ 119.654694031000076, -8.79025508899997 ], [ 119.658406801000069, -8.79038795799994 ], [ 119.659034978000022, -8.794772510999962 ], [ 119.667215132000024, -8.798922326999957 ], [ 119.669937350000055, -8.80806124999998 ], [ 119.666320297000084, -8.810955295999975 ], [ 119.667283756000074, -8.81672231999994 ], [ 119.66429744200002, -8.814846296999974 ], [ 119.658995361000052, -8.818335216999969 ] ] ], [ [ [ 119.646565327000076, -8.791318769999975 ], [ 119.646267894000061, -8.791030854999974 ], [ 119.646831827000028, -8.791097479999962 ], [ 119.646565327000076, -8.791318769999975 ] ] ], [ [ [ 119.670820835000086, -8.78799509199996 ], [ 119.670959052000057, -8.788718256999971 ], [ 119.670440122000059, -8.78815213699994 ], [ 119.670820835000086, -8.78799509199996 ] ] ], [ [ [ 119.65765521000003, -8.784274985999957 ], [ 119.659554797000055, -8.784827420999932 ], [ 119.657735644000013, -8.784886936999953 ], [ 119.65765521000003, -8.784274985999957 ] ] ], [ [ [ 119.732897316000049, -8.766734824999958 ], [ 119.732876495000028, -8.766874617999974 ], [ 119.731976297000074, -8.766253694999932 ], [ 119.732897316000049, -8.766734824999958 ] ] ], [ [ [ 119.725610062000101, -8.741659548999962 ], [ 119.725987801000088, -8.741707138999971 ], [ 119.726029442000026, -8.74181421399993 ], [ 119.725610062000101, -8.741659548999962 ] ] ], [ [ [ 119.658487809, -8.656929187999935 ], [ 119.667713873000025, -8.662150028999974 ], [ 119.668596434000051, -8.664279045999933 ], [ 119.660797175000084, -8.663644676999979 ], [ 119.668680565000045, -8.670358743999941 ], [ 119.666655362000029, -8.672614840999927 ], [ 119.673619393000081, -8.68777201599994 ], [ 119.679173758000047, -8.684175529999948 ], [ 119.67755309100005, -8.67293590099996 ], [ 119.68528682200008, -8.675266943999929 ], [ 119.682770132000087, -8.676812060999964 ], [ 119.685682857000074, -8.684814931999938 ], [ 119.690467944000034, -8.675031485999966 ], [ 119.70816194400004, -8.669792325999936 ], [ 119.705536557000073, -8.665291832999969 ], [ 119.70953780800005, -8.65912063299993 ], [ 119.704204484000115, -8.653206995999938 ], [ 119.697890953000069, -8.653764290999959 ], [ 119.698676974000023, -8.651285148999932 ], [ 119.687283999000101, -8.639433374999953 ], [ 119.690975276000017, -8.636920578999934 ], [ 119.707817877000025, -8.648507102999929 ], [ 119.711086178000073, -8.645601576999979 ], [ 119.71465545500007, -8.655723157999944 ], [ 119.714980762000096, -8.63103689999997 ], [ 119.718699103000063, -8.621404808999955 ], [ 119.738552587000072, -8.620811879999962 ], [ 119.74175402700007, -8.623183344999973 ], [ 119.740617380000117, -8.627167012999962 ], [ 119.743959774000018, -8.628412700999945 ], [ 119.752833311000018, -8.617971959999977 ], [ 119.762260475000062, -8.620606824999982 ], [ 119.762598358000105, -8.615357733999929 ], [ 119.769517734000033, -8.615517562999969 ], [ 119.786028911000017, -8.619114268999965 ], [ 119.792400871000041, -8.614095541999973 ], [ 119.801105836000033, -8.618694780999931 ], [ 119.804997340000114, -8.625310383999931 ], [ 119.798663214000044, -8.634200050999937 ], [ 119.798991044000104, -8.657014782999966 ], [ 119.79785198400009, -8.654346858999929 ], [ 119.793697732000055, -8.660348810999949 ], [ 119.791705317000037, -8.656099906999941 ], [ 119.770027536000043, -8.658542418999957 ], [ 119.757486505000088, -8.665400449999936 ], [ 119.747691216000021, -8.677470808999942 ], [ 119.75019782600009, -8.689793951999945 ], [ 119.743685766000112, -8.692479229999947 ], [ 119.744956982000076, -8.698559861999968 ], [ 119.725664226000049, -8.699379199999953 ], [ 119.723439039000027, -8.696588586999951 ], [ 119.726894963000063, -8.690395226999954 ], [ 119.725044394000065, -8.68498208699998 ], [ 119.719017576000056, -8.686620577999975 ], [ 119.717455026000039, -8.681553741999949 ], [ 119.710876470000017, -8.679391197999962 ], [ 119.713425760000064, -8.687500666999938 ], [ 119.707476444, -8.69217828099994 ], [ 119.709702227000093, -8.697328628999969 ], [ 119.689922145000082, -8.723114089999967 ], [ 119.697865515000103, -8.73315064999997 ], [ 119.70553703600001, -8.734216414999935 ], [ 119.711231183000109, -8.738837022999974 ], [ 119.722659815000043, -8.739740848999929 ], [ 119.720737563000057, -8.744931991999977 ], [ 119.725333574000047, -8.745404896999958 ], [ 119.724358456000118, -8.749306193999928 ], [ 119.733492688000069, -8.756631236999965 ], [ 119.725331904000086, -8.753854614999966 ], [ 119.717213430000015, -8.755930125999953 ], [ 119.716779997000117, -8.758920147999959 ], [ 119.721699107000063, -8.760668886999952 ], [ 119.717502244000116, -8.76489361299997 ], [ 119.731881074000057, -8.766331958999956 ], [ 119.7262904050001, -8.766884101999949 ], [ 119.726863779000041, -8.770783259999973 ], [ 119.724138876000097, -8.77207693899993 ], [ 119.724953909000078, -8.774129031999962 ], [ 119.728097278000064, -8.774271041999953 ], [ 119.72873194400006, -8.775359777999938 ], [ 119.714917602000014, -8.775721426999951 ], [ 119.719823870000027, -8.778321468999934 ], [ 119.718428695000057, -8.780015099999957 ], [ 119.711819608000042, -8.778662208999947 ], [ 119.720034441000053, -8.786915649999969 ], [ 119.714324591000036, -8.790500584999961 ], [ 119.716727755000079, -8.793532132999928 ], [ 119.705619255000101, -8.793506891999925 ], [ 119.709453851000035, -8.799156104999952 ], [ 119.701869005000049, -8.798422050999932 ], [ 119.703725774000077, -8.802691584999934 ], [ 119.696969536000097, -8.804980910999973 ], [ 119.693736920000106, -8.810470588999976 ], [ 119.675793664000025, -8.809135022999953 ], [ 119.673301607000099, -8.804119880999963 ], [ 119.675029265000035, -8.788005820999956 ], [ 119.671297632, -8.78822213899997 ], [ 119.670115261000092, -8.783379991999936 ], [ 119.65933072100006, -8.77315370499997 ], [ 119.651293036000084, -8.773598729999946 ], [ 119.649462889, -8.778165755999964 ], [ 119.640706581000018, -8.775936264999928 ], [ 119.638707855, -8.781304951999971 ], [ 119.622597968000036, -8.795458823999979 ], [ 119.618004778000113, -8.794126349999942 ], [ 119.619007332000024, -8.790007963999926 ], [ 119.613545877000092, -8.787924861999954 ], [ 119.616455696000116, -8.781318856999974 ], [ 119.611536608000051, -8.775938963999977 ], [ 119.616930402000094, -8.775004315999979 ], [ 119.612612382000066, -8.768672804999937 ], [ 119.617031147000034, -8.763942863999944 ], [ 119.611948275000032, -8.763499636999939 ], [ 119.613841064000098, -8.760921078999957 ], [ 119.603487828000084, -8.754512795999972 ], [ 119.603669017000016, -8.749151744999949 ], [ 119.610411953000039, -8.750471362999974 ], [ 119.613215454000056, -8.747729461999938 ], [ 119.607828230000109, -8.743985403999943 ], [ 119.605650640000022, -8.733524728999953 ], [ 119.615881101000014, -8.740962359999969 ], [ 119.618602349000071, -8.738694800999951 ], [ 119.612838127000032, -8.735337390999973 ], [ 119.611910464000061, -8.732212686999958 ], [ 119.616794540000114, -8.733014213999979 ], [ 119.625058139000089, -8.742065507999939 ], [ 119.628225403000101, -8.73923851099994 ], [ 119.633434033000071, -8.741778980999982 ], [ 119.623012837000033, -8.733215247999965 ], [ 119.620875317000014, -8.726571246999981 ], [ 119.615619081000091, -8.724950213999932 ], [ 119.62854728100001, -8.724122787999931 ], [ 119.633301647000053, -8.727758430999927 ], [ 119.636975542000073, -8.724825672999941 ], [ 119.630123566000066, -8.718908105999958 ], [ 119.620084372000065, -8.717361706999952 ], [ 119.617483237000101, -8.70767792099997 ], [ 119.631915231000107, -8.69906726399995 ], [ 119.635774142000059, -8.698753674999978 ], [ 119.641344697000022, -8.703233027999943 ], [ 119.6410869340001, -8.70780638399998 ], [ 119.64509453800008, -8.709114893999981 ], [ 119.648720743000013, -8.70040494999995 ], [ 119.65429439400009, -8.707976954999936 ], [ 119.661220645000071, -8.701331849999974 ], [ 119.654477277000069, -8.69401527399998 ], [ 119.660065556000063, -8.68893705499994 ], [ 119.654302634000032, -8.687673304999976 ], [ 119.658850100000109, -8.681976069999962 ], [ 119.655258359000072, -8.683230010999978 ], [ 119.656902147000096, -8.679632897999966 ], [ 119.65252617100009, -8.679863282999975 ], [ 119.652563825000016, -8.668802379999931 ], [ 119.648458011000116, -8.668332204999956 ], [ 119.651223653000102, -8.672324574999948 ], [ 119.648124137000082, -8.677135117999967 ], [ 119.649926479000101, -8.682120150999936 ], [ 119.643917936000094, -8.680530105999935 ], [ 119.646041271000058, -8.683602149999956 ], [ 119.643808039000078, -8.685624639999958 ], [ 119.64036261900003, -8.678987153999969 ], [ 119.638610376000088, -8.681213165999964 ], [ 119.641472572000112, -8.685846881999964 ], [ 119.638869394000039, -8.688947298999949 ], [ 119.634965616000045, -8.68672451499998 ], [ 119.630786358000023, -8.688573256999973 ], [ 119.628732417000037, -8.682275304999962 ], [ 119.624108025000055, -8.681719849999979 ], [ 119.63106549500003, -8.681724299999928 ], [ 119.639394515000049, -8.675801387999968 ], [ 119.641945303000057, -8.658988392999959 ], [ 119.632769745000019, -8.64701581099996 ], [ 119.635234575000027, -8.641342316999953 ], [ 119.630776665000099, -8.636955437999973 ], [ 119.632887692000054, -8.634734929999979 ], [ 119.630762382000057, -8.632680318999974 ], [ 119.625225858000022, -8.635944157999973 ], [ 119.614446025, -8.609523642999932 ], [ 119.632232520000116, -8.602767511999957 ], [ 119.639199443000052, -8.609170184999925 ], [ 119.652950693000093, -8.61409400399998 ], [ 119.662813723000113, -8.612426454999934 ], [ 119.66181786300001, -8.618993350999972 ], [ 119.663148618000037, -8.622432425999932 ], [ 119.665269266000109, -8.620939104999934 ], [ 119.661054215000036, -8.644066484999939 ], [ 119.663518924000073, -8.648386073999973 ], [ 119.658487809, -8.656929187999935 ] ] ], [ [ [ 119.766847566000024, -8.708807713999931 ], [ 119.766945323000073, -8.698288612999932 ], [ 119.768251833000022, -8.708112847999928 ], [ 119.766884582000102, -8.71362744299995 ], [ 119.766847566000024, -8.708807713999931 ] ] ], [ [ [ 119.763020684000026, -8.700119786999949 ], [ 119.763059240000075, -8.699844134999978 ], [ 119.763181068000108, -8.700148705999936 ], [ 119.763020684000026, -8.700119786999949 ] ] ], [ [ [ 119.710173307000105, -8.696992849999958 ], [ 119.710050847000048, -8.697277646999964 ], [ 119.709769136000091, -8.697026328999925 ], [ 119.710173307000105, -8.696992849999958 ] ] ], [ [ [ 119.715949221000074, -8.694513401999927 ], [ 119.716024978000064, -8.694834275999938 ], [ 119.715928483000084, -8.694852825999931 ], [ 119.715949221000074, -8.694513401999927 ] ] ], [ [ [ 119.754660243000103, -8.695625522999933 ], [ 119.752511225000035, -8.693698535999943 ], [ 119.75282229700008, -8.693288042999939 ], [ 119.754660243000103, -8.695625522999933 ] ] ], [ [ [ 119.647264551000035, -8.691345686999966 ], [ 119.647465737000061, -8.691470766999942 ], [ 119.647225261000017, -8.691503202999968 ], [ 119.647264551000035, -8.691345686999966 ] ] ], [ [ [ 119.647648830000094, -8.691279776999977 ], [ 119.64780539100002, -8.691322075999949 ], [ 119.64763714500009, -8.69146053999998 ], [ 119.647648830000094, -8.691279776999977 ] ] ], [ [ [ 119.657334385000013, -8.689829825999936 ], [ 119.657628851000027, -8.689318861999936 ], [ 119.658319015000075, -8.688980045999926 ], [ 119.657334385000013, -8.689829825999936 ] ] ], [ [ [ 119.648600769000041, -8.689037424999981 ], [ 119.649247659000025, -8.689100017999976 ], [ 119.648886238000046, -8.689509156999975 ], [ 119.648600769000041, -8.689037424999981 ] ] ], [ [ [ 119.751298403000078, -8.687247079999963 ], [ 119.752302608000036, -8.686766295999973 ], [ 119.752085615000055, -8.687659793999956 ], [ 119.751298403000078, -8.687247079999963 ] ] ], [ [ [ 119.645262760000037, -8.685184884999956 ], [ 119.650291852, -8.684141068999963 ], [ 119.646923417000039, -8.688031900999931 ], [ 119.645262760000037, -8.685184884999956 ] ] ], [ [ [ 119.690488082000115, -8.672049752999953 ], [ 119.690449012000045, -8.671589212999947 ], [ 119.690701853000064, -8.672066799999925 ], [ 119.690488082000115, -8.672049752999953 ] ] ], [ [ [ 119.690696723000087, -8.670593563999944 ], [ 119.689930275000052, -8.671104951999951 ], [ 119.690268671000013, -8.67015939099997 ], [ 119.690696723000087, -8.670593563999944 ] ] ], [ [ [ 119.710012189000054, -8.633971427999938 ], [ 119.711207448000096, -8.632841320999944 ], [ 119.711230763000117, -8.634785055999942 ], [ 119.710012189000054, -8.633971427999938 ] ] ], [ [ [ 119.706361732000119, -8.630927730999929 ], [ 119.704794580000112, -8.628360440999927 ], [ 119.707155606000015, -8.62792074999993 ], [ 119.709357675000092, -8.629476244999978 ], [ 119.706361732000119, -8.630927730999929 ] ] ], [ [ [ 119.712377277000087, -8.628551467999955 ], [ 119.71212317700008, -8.628571331999979 ], [ 119.7120652750001, -8.627686258999972 ], [ 119.712377277000087, -8.628551467999955 ] ] ], [ [ [ 119.742507276000083, -8.626636040999927 ], [ 119.742514841000116, -8.62628807699997 ], [ 119.743359951000116, -8.626535481999952 ], [ 119.742507276000083, -8.626636040999927 ] ] ], [ [ [ 119.722118847000047, -8.616825322999944 ], [ 119.71885695800006, -8.614039733999959 ], [ 119.722297306000087, -8.613458385999934 ], [ 119.722118847000047, -8.616825322999944 ] ] ], [ [ [ 119.662878510000041, -8.611312877999978 ], [ 119.662954653000043, -8.611606027999926 ], [ 119.662901353000052, -8.611623159999965 ], [ 119.662878510000041, -8.611312877999978 ] ] ], [ [ [ 119.644373085000097, -8.603122654999936 ], [ 119.644514425000011, -8.603146924999976 ], [ 119.644487300000037, -8.603221163999933 ], [ 119.644373085000097, -8.603122654999936 ] ] ], [ [ [ 119.706181911000044, -8.600094485999932 ], [ 119.705276150000032, -8.601376830999925 ], [ 119.705456942000069, -8.599864795999963 ], [ 119.706181911000044, -8.600094485999932 ] ] ], [ [ [ 119.767091116000074, -8.600251928999967 ], [ 119.767401925000058, -8.59695992199994 ], [ 119.768945268000039, -8.598367407999945 ], [ 119.767091116000074, -8.600251928999967 ] ] ], [ [ [ 119.709394659000054, -8.597774407999964 ], [ 119.710041416000081, -8.597748945999967 ], [ 119.709522695000032, -8.598036860999969 ], [ 119.709394659000054, -8.597774407999964 ] ] ], [ [ [ 119.698726683000018, -8.599117135999961 ], [ 119.69835385500005, -8.596162445999937 ], [ 119.700344717, -8.59799284099995 ], [ 119.698726683000018, -8.599117135999961 ] ] ], [ [ [ 119.756465911000078, -8.594098518999942 ], [ 119.758799403000012, -8.591826480999941 ], [ 119.757953074000056, -8.593592882999928 ], [ 119.756465911000078, -8.594098518999942 ] ] ], [ [ [ 119.725487519000012, -8.591092443999969 ], [ 119.727283602000057, -8.588985116999936 ], [ 119.727528361000054, -8.59132090199995 ], [ 119.725487519000012, -8.591092443999969 ] ] ], [ [ [ 119.694142206000038, -8.584511855999949 ], [ 119.694933376000108, -8.587789563999934 ], [ 119.690821551000113, -8.58713284199996 ], [ 119.694142206000038, -8.584511855999949 ] ] ], [ [ [ 119.706569903000059, -8.585311419999925 ], [ 119.706450930000074, -8.585420874999954 ], [ 119.706217743000025, -8.585025884999936 ], [ 119.706569903000059, -8.585311419999925 ] ] ], [ [ [ 119.686515796000094, -8.577622983999959 ], [ 119.69793585900004, -8.580828278999945 ], [ 119.688617454000109, -8.583387202999972 ], [ 119.684650892000036, -8.581107679999946 ], [ 119.686515796000094, -8.577622983999959 ] ] ], [ [ [ 119.680632354000068, -8.577831636999974 ], [ 119.680952526000056, -8.576906592999933 ], [ 119.68138384000008, -8.577443897999956 ], [ 119.680632354000068, -8.577831636999974 ] ] ], [ [ [ 119.746261984000057, -8.574803248999956 ], [ 119.748348277000105, -8.572634077999965 ], [ 119.751165843000081, -8.581056836999949 ], [ 119.748773062000055, -8.581814827999949 ], [ 119.74584173900007, -8.580094325999937 ], [ 119.746261984000057, -8.574803248999956 ] ] ], [ [ [ 119.726527481000062, -8.569542795999951 ], [ 119.729313732000037, -8.573445488999937 ], [ 119.724706706, -8.57906954799995 ], [ 119.712458569000091, -8.580768520999925 ], [ 119.710822126000039, -8.574569089999954 ], [ 119.705137660000105, -8.574795655999935 ], [ 119.711477642000091, -8.56986874699993 ], [ 119.726527481000062, -8.569542795999951 ] ] ], [ [ [ 119.749276143000088, -8.572225956999944 ], [ 119.749577848000058, -8.572210483999982 ], [ 119.749301709000065, -8.57235005299998 ], [ 119.749276143000088, -8.572225956999944 ] ] ], [ [ [ 119.689742186000103, -8.547660616999963 ], [ 119.690889537000089, -8.551155994999931 ], [ 119.682253474000049, -8.557830143999979 ], [ 119.679324138000084, -8.54750265499996 ], [ 119.689742186000103, -8.547660616999963 ] ] ], [ [ [ 119.646691629000088, -8.535610112999962 ], [ 119.656987187000027, -8.538561798999979 ], [ 119.658927224000081, -8.531889 ], [ 119.665148718000069, -8.536988651999934 ], [ 119.655428172000029, -8.546429230999934 ], [ 119.658952017000047, -8.562710368999944 ], [ 119.658449674000053, -8.567258968999965 ], [ 119.655953257000078, -8.567187305999937 ], [ 119.649925246000066, -8.556989357999953 ], [ 119.65153578200011, -8.543390042999931 ], [ 119.646691629000088, -8.535610112999962 ] ] ], [ [ [ 119.642375769000068, -8.543833167999935 ], [ 119.641257112000062, -8.538398252999968 ], [ 119.642808047000017, -8.543569658999957 ], [ 119.642375769000068, -8.543833167999935 ] ] ], [ [ [ 119.744801927000026, -8.528635230999953 ], [ 119.745684955000115, -8.525415525999961 ], [ 119.746656149000046, -8.529125801999953 ], [ 119.744801927000026, -8.528635230999953 ] ] ], [ [ [ 119.736577198000077, -8.524214081999958 ], [ 119.735233397000115, -8.524158438999962 ], [ 119.734992079000108, -8.51922473299993 ], [ 119.736577198000077, -8.524214081999958 ] ] ], [ [ [ 119.712974773000042, -8.518662225999947 ], [ 119.712328706000108, -8.519312972999955 ], [ 119.711335681000037, -8.516673330999936 ], [ 119.712974773000042, -8.518662225999947 ] ] ], [ [ [ 119.724738027000058, -8.517768215999979 ], [ 119.727149429000065, -8.512288478999949 ], [ 119.728981664000116, -8.518388198999958 ], [ 119.724738027000058, -8.517768215999979 ] ] ], [ [ [ 119.701126079, -8.518566168999939 ], [ 119.696019474000082, -8.512081618999957 ], [ 119.704526876000045, -8.509888872999966 ], [ 119.709739400000103, -8.513175580999928 ], [ 119.701126079, -8.518566168999939 ] ] ], [ [ [ 119.728364997000085, -8.509534981999934 ], [ 119.732726075000073, -8.51350714199998 ], [ 119.727668424000058, -8.511954044999925 ], [ 119.728364997000085, -8.509534981999934 ] ] ], [ [ [ 119.695945600000073, -8.510573521999959 ], [ 119.696047653000051, -8.510565826999937 ], [ 119.69599409500006, -8.510748186999933 ], [ 119.695945600000073, -8.510573521999959 ] ] ], [ [ [ 119.737788042000034, -8.510438460999978 ], [ 119.73857186500004, -8.510465229999966 ], [ 119.737939862000076, -8.510857418999933 ], [ 119.737788042000034, -8.510438460999978 ] ] ], [ [ [ 119.711844780000092, -8.51035922899996 ], [ 119.712172228000099, -8.51040712799994 ], [ 119.712015541000028, -8.510564822999982 ], [ 119.711844780000092, -8.51035922899996 ] ] ], [ [ [ 119.711290283000039, -8.508738084999948 ], [ 119.711598715000036, -8.508832324999958 ], [ 119.711400925000021, -8.509063208999976 ], [ 119.711290283000039, -8.508738084999948 ] ] ], [ [ [ 119.716232496000089, -8.518350139999939 ], [ 119.713438199000052, -8.512382619999926 ], [ 119.716348761000063, -8.508275111999978 ], [ 119.713340604000109, -8.505451985999969 ], [ 119.716405451000014, -8.497268360999954 ], [ 119.730562774000077, -8.494338659999926 ], [ 119.734143983000081, -8.501356010999928 ], [ 119.729316261, -8.501702268999964 ], [ 119.730911266000021, -8.503353050999976 ], [ 119.7271542740001, -8.506341297999938 ], [ 119.719716330000097, -8.505878874999951 ], [ 119.717412104000118, -8.509451148999972 ], [ 119.72040572200001, -8.510591586999965 ], [ 119.720231925, -8.512066781999977 ], [ 119.716232496000089, -8.518350139999939 ] ] ], [ [ [ 119.709821233000071, -8.500235860999965 ], [ 119.710436524000102, -8.500501176999933 ], [ 119.710268608000092, -8.500865141999952 ], [ 119.709821233000071, -8.500235860999965 ] ] ], [ [ [ 119.758575681000025, -8.498035657999935 ], [ 119.755660668000019, -8.49154204599995 ], [ 119.76101071000005, -8.495524361999969 ], [ 119.758575681000025, -8.498035657999935 ] ] ], [ [ [ 119.756553874000019, -8.489596512999981 ], [ 119.756831249000015, -8.489368313999933 ], [ 119.756679019000103, -8.489739245999942 ], [ 119.756553874000019, -8.489596512999981 ] ] ], [ [ [ 119.731519777000017, -8.486882757999979 ], [ 119.731405563000067, -8.487303921999967 ], [ 119.731120028000078, -8.48710880699997 ], [ 119.731519777000017, -8.486882757999979 ] ] ], [ [ [ 119.883607230000052, -8.840532637999956 ], [ 119.884302765000029, -8.841242644999966 ], [ 119.883824174000097, -8.841807639999956 ], [ 119.883607230000052, -8.840532637999956 ] ] ], [ [ [ 119.770889541000088, -8.819035043999975 ], [ 119.771491008000112, -8.806742934999932 ], [ 119.782714055000042, -8.791260760999933 ], [ 119.787001179000072, -8.790735641999959 ], [ 119.786004457000104, -8.793994667999925 ], [ 119.803293424000117, -8.800455880999948 ], [ 119.798298011000043, -8.821878676999972 ], [ 119.789649979000046, -8.825790748999964 ], [ 119.787137146000077, -8.820459697999979 ], [ 119.785973425000066, -8.824129480999943 ], [ 119.784762942000043, -8.820806680999965 ], [ 119.780212624000114, -8.820520083999952 ], [ 119.778644018000023, -8.824083078999934 ], [ 119.770889541000088, -8.819035043999975 ] ] ], [ [ [ 119.800658544000044, -8.785654092999948 ], [ 119.801295050000022, -8.786359602999937 ], [ 119.800380147000055, -8.786599928999976 ], [ 119.800658544000044, -8.785654092999948 ] ] ], [ [ [ 119.803888315000108, -8.789062601999944 ], [ 119.803537345000109, -8.78241795699995 ], [ 119.807272144000081, -8.785407848999967 ], [ 119.803888315000108, -8.789062601999944 ] ] ], [ [ [ 119.797994440000025, -8.783844809999948 ], [ 119.80067934200008, -8.784134654999946 ], [ 119.797911158000034, -8.784606237999981 ], [ 119.797994440000025, -8.783844809999948 ] ] ], [ [ [ 119.811703655000088, -8.783114662999935 ], [ 119.811865978000014, -8.781474798999966 ], [ 119.812108163000062, -8.781320549999975 ], [ 119.811703655000088, -8.783114662999935 ] ] ], [ [ [ 119.80324151100001, -8.772366787999943 ], [ 119.803443765000111, -8.772485760999928 ], [ 119.803259357000115, -8.772583913999938 ], [ 119.80324151100001, -8.772366787999943 ] ] ], [ [ [ 119.800180563000026, -8.764774084999942 ], [ 119.799683851000054, -8.765351103999933 ], [ 119.799925576000078, -8.764362683999934 ], [ 119.800180563000026, -8.764774084999942 ] ] ], [ [ [ 119.799559722000026, -8.761724645999948 ], [ 119.799474062000058, -8.761565222999934 ], [ 119.800002302000053, -8.761229718999971 ], [ 119.799559722000026, -8.761724645999948 ] ] ], [ [ [ 119.79917543900001, -8.759822266999947 ], [ 119.798878007000098, -8.759926963999931 ], [ 119.799101676000078, -8.759660463999978 ], [ 119.79917543900001, -8.759822266999947 ] ] ], [ [ [ 119.797455193000019, -8.707676902999935 ], [ 119.796899192000069, -8.707270808999965 ], [ 119.797686794000015, -8.706778259999965 ], [ 119.797455193000019, -8.707676902999935 ] ] ], [ [ [ 119.786634020000065, -8.675904411999966 ], [ 119.782957189000058, -8.678903916999957 ], [ 119.780390086000011, -8.675145846999953 ], [ 119.7756117670001, -8.680271731999937 ], [ 119.77324034600008, -8.666584433999958 ], [ 119.780087279000099, -8.668907831999945 ], [ 119.782064381000055, -8.674092673999951 ], [ 119.786634020000065, -8.675904411999966 ] ] ], [ [ [ 119.780760988000111, -8.668630954999969 ], [ 119.780339635000018, -8.66833573699995 ], [ 119.780628150000098, -8.667855299999928 ], [ 119.780760988000111, -8.668630954999969 ] ] ], [ [ [ 119.784513165000021, -8.660614901999963 ], [ 119.784415349000028, -8.662402962999977 ], [ 119.78376946000003, -8.662420034999968 ], [ 119.784513165000021, -8.660614901999963 ] ] ], [ [ [ 119.801727960000107, -8.646921917999975 ], [ 119.802224672000079, -8.646386538999934 ], [ 119.80187072700005, -8.647272887999975 ], [ 119.801727960000107, -8.646921917999975 ] ] ], [ [ [ 119.802804666000043, -8.644038208999973 ], [ 119.803136006000045, -8.645216636999976 ], [ 119.801970774000097, -8.645241733999967 ], [ 119.802804666000043, -8.644038208999973 ] ] ], [ [ [ 119.806122661000018, -8.625221635999935 ], [ 119.806315103000088, -8.62460828299993 ], [ 119.806471774000102, -8.625088218999963 ], [ 119.806122661000018, -8.625221635999935 ] ] ], [ [ [ 119.767784497000093, -8.606272395999952 ], [ 119.76662227700001, -8.60425467999994 ], [ 119.769672138000033, -8.603457704999926 ], [ 119.77099786000008, -8.605834456999958 ], [ 119.767784497000093, -8.606272395999952 ] ] ], [ [ [ 119.795095492000087, -8.601485065999952 ], [ 119.794488939000075, -8.603025370999944 ], [ 119.792763264000087, -8.600290149999978 ], [ 119.795095492000087, -8.601485065999952 ] ] ], [ [ [ 119.790307108000093, -8.593532920999962 ], [ 119.795677714000021, -8.597892009999953 ], [ 119.789433785000028, -8.599132574999942 ], [ 119.790307108000093, -8.593532920999962 ] ] ], [ [ [ 119.793585011000118, -8.585414502999981 ], [ 119.793509135000022, -8.58545636599996 ], [ 119.793521171000066, -8.585380750999946 ], [ 119.793585011000118, -8.585414502999981 ] ] ], [ [ [ 119.802650235000101, -8.585013755999967 ], [ 119.794404711000084, -8.583625986999948 ], [ 119.796854257000064, -8.579520344999935 ], [ 119.804070452000019, -8.581719780999947 ], [ 119.802650235000101, -8.585013755999967 ] ] ], [ [ [ 119.819644233000076, -8.553502185999946 ], [ 119.81852592700011, -8.552761101999977 ], [ 119.818953478000026, -8.552462142999957 ], [ 119.819644233000076, -8.553502185999946 ] ] ], [ [ [ 119.828341245000047, -8.55175980599995 ], [ 119.825871365000012, -8.552440331999946 ], [ 119.825001607000104, -8.551511106999953 ], [ 119.825947508000013, -8.551007896999977 ], [ 119.828341245000047, -8.55175980599995 ] ] ], [ [ [ 119.799967869000056, -8.550926869999955 ], [ 119.802628240000104, -8.548928914999976 ], [ 119.803482890000055, -8.551565510999978 ], [ 119.799967869000056, -8.550926869999955 ] ] ], [ [ [ 119.796051423000108, -8.549431056999936 ], [ 119.796293799000068, -8.549811409999961 ], [ 119.796014574000083, -8.549816736999958 ], [ 119.796051423000108, -8.549431056999936 ] ] ], [ [ [ 119.78844970800003, -8.54882564899998 ], [ 119.788826385000107, -8.549142953999933 ], [ 119.787944266000068, -8.550018165999973 ], [ 119.78844970800003, -8.54882564899998 ] ] ], [ [ [ 119.786566035000078, -8.552478660999952 ], [ 119.782797287000108, -8.550812026999949 ], [ 119.785498878000112, -8.545914979999964 ], [ 119.786566035000078, -8.552478660999952 ] ] ], [ [ [ 119.813599510000017, -8.547673897999971 ], [ 119.815700943000024, -8.545798134999927 ], [ 119.815218191000099, -8.549654964999945 ], [ 119.813599510000017, -8.547673897999971 ] ] ], [ [ [ 119.828090262000046, -8.541643049999948 ], [ 119.83111052400011, -8.541700367999965 ], [ 119.827668808000112, -8.543294749999973 ], [ 119.828090262000046, -8.541643049999948 ] ] ], [ [ [ 119.791054472000042, -8.531957761999934 ], [ 119.791459215000032, -8.531382530999963 ], [ 119.791589533000092, -8.532048886999974 ], [ 119.791054472000042, -8.531957761999934 ] ] ], [ [ [ 119.792444286000091, -8.531762841999978 ], [ 119.792472047000047, -8.531062049999946 ], [ 119.793181105000031, -8.531619263999971 ], [ 119.792444286000091, -8.531762841999978 ] ] ], [ [ [ 119.798461468000028, -8.530330516999982 ], [ 119.792877635000082, -8.527765477999935 ], [ 119.783950810000078, -8.53030704899993 ], [ 119.788311285000077, -8.521047919999944 ], [ 119.798461468000028, -8.530330516999982 ] ] ], [ [ [ 119.79237653000007, -8.518837731999952 ], [ 119.795802990000084, -8.517149280999945 ], [ 119.793550695000022, -8.521568771999966 ], [ 119.79237653000007, -8.518837731999952 ] ] ], [ [ [ 119.867677947000061, -8.49633447399998 ], [ 119.868918253000061, -8.494449804999931 ], [ 119.868299594000064, -8.496619873999975 ], [ 119.867677947000061, -8.49633447399998 ] ] ], [ [ [ 119.84963382300009, -8.48764977899998 ], [ 119.850198796000086, -8.489493331999938 ], [ 119.843681452000055, -8.491791890999934 ], [ 119.843096105000086, -8.486923514999944 ], [ 119.84963382300009, -8.48764977899998 ] ] ], [ [ [ 119.869259945000067, -8.493129838999948 ], [ 119.86206207500004, -8.490179306999948 ], [ 119.867420621000065, -8.484363904999952 ], [ 119.873697639000056, -8.486693396999954 ], [ 119.869456250000098, -8.488364967999928 ], [ 119.869259945000067, -8.493129838999948 ] ] ], [ [ [ 119.840340094000112, -8.487386318999938 ], [ 119.841371591000097, -8.488496337999948 ], [ 119.84005099, -8.487903851999931 ], [ 119.840340094000112, -8.487386318999938 ] ] ], [ [ [ 119.854322119000017, -8.482065900999942 ], [ 119.861616878000063, -8.486736385999961 ], [ 119.85277837000001, -8.489471972999979 ], [ 119.854322119000017, -8.482065900999942 ] ] ], [ [ [ 119.838959531000114, -8.485615048999932 ], [ 119.839095701000019, -8.485715374999927 ], [ 119.839054198000099, -8.48578559699996 ], [ 119.838959531000114, -8.485615048999932 ] ] ], [ [ [ 119.838277934000075, -8.48001837399994 ], [ 119.839140489000101, -8.483843356999955 ], [ 119.832808553000064, -8.481448667999928 ], [ 119.835595092000062, -8.48141630799995 ], [ 119.838277934000075, -8.48001837399994 ] ] ], [ [ [ 119.867446857000118, -8.473110396999971 ], [ 119.867747720000011, -8.47298921099997 ], [ 119.867892968000092, -8.473538883999936 ], [ 119.867446857000118, -8.473110396999971 ] ] ], [ [ [ 119.864933004000022, -8.465104318999977 ], [ 119.86868354, -8.465601093999965 ], [ 119.865987526000026, -8.468961128999979 ], [ 119.864933004000022, -8.465104318999977 ] ] ], [ [ [ 119.867217061000019, -8.462311322999938 ], [ 119.870267890000036, -8.46416798599995 ], [ 119.867868092000094, -8.464436385999932 ], [ 119.867217061000019, -8.462311322999938 ] ] ], [ [ [ 119.879897444000107, -8.460958790999939 ], [ 119.880393559000026, -8.461289891999968 ], [ 119.879910750000022, -8.461374171999978 ], [ 119.879897444000107, -8.460958790999939 ] ] ], [ [ [ 119.935562556000036, -8.455479007999941 ], [ 119.935758745000044, -8.455418472999952 ], [ 119.935916106000036, -8.456108833999963 ], [ 119.935562556000036, -8.455479007999941 ] ] ], [ [ [ 119.936417762000019, -8.454464220999967 ], [ 119.936242872000093, -8.454484445999981 ], [ 119.936266667000041, -8.454236981999941 ], [ 119.936417762000019, -8.454464220999967 ] ] ], [ [ [ 119.844753318000016, -8.441897368999946 ], [ 119.844905925000035, -8.441809502999945 ], [ 119.845149558000116, -8.442358956999954 ], [ 119.844753318000016, -8.441897368999946 ] ] ], [ [ [ 119.891219946000092, -8.440341307999972 ], [ 119.889966946000072, -8.439852353999981 ], [ 119.891104328000097, -8.439343148999967 ], [ 119.891219946000092, -8.440341307999972 ] ] ], [ [ [ 119.893486494000058, -8.437145660999931 ], [ 119.893974908000018, -8.436038108999981 ], [ 119.895108297000093, -8.435852713999964 ], [ 119.893486494000058, -8.437145660999931 ] ] ], [ [ [ 119.856414297000015, -8.432074461999946 ], [ 119.856176684000047, -8.431706245999976 ], [ 119.856314141000098, -8.431614768999964 ], [ 119.856414297000015, -8.432074461999946 ] ] ], [ [ [ 119.87135167100007, -8.414981179999927 ], [ 119.864206149000097, -8.415789720999953 ], [ 119.863615250000066, -8.409607087999973 ], [ 119.873314726000103, -8.41288011599994 ], [ 119.873612158000014, -8.420645090999926 ], [ 119.87135167100007, -8.414981179999927 ] ] ], [ [ [ 119.887825088000113, -8.404799834999949 ], [ 119.888599363000026, -8.40539094199994 ], [ 119.887682320000067, -8.405142477999959 ], [ 119.887825088000113, -8.404799834999949 ] ] ], [ [ [ 119.877572583000074, -8.400666595999951 ], [ 119.878243271000088, -8.400540498999931 ], [ 119.878130069, -8.401071427999966 ], [ 119.877572583000074, -8.400666595999951 ] ] ], [ [ [ 119.877869514000054, -8.398024670999973 ], [ 119.878100322000023, -8.398029429999951 ], [ 119.877936139000099, -8.398174576999963 ], [ 119.877869514000054, -8.398024670999973 ] ] ], [ [ [ 119.812387386000069, -8.400351327999942 ], [ 119.803835983000113, -8.397832780999977 ], [ 119.80398837000007, -8.394003606999945 ], [ 119.810041330000104, -8.395102478999945 ], [ 119.812387386000069, -8.400351327999942 ] ] ], [ [ [ 119.798797590000049, -8.392255276999947 ], [ 119.796125219000032, -8.389698201999977 ], [ 119.796175033000054, -8.389084838999963 ], [ 119.798797590000049, -8.392255276999947 ] ] ], [ [ [ 119.852419361000102, -8.374643738999964 ], [ 119.862759437000022, -8.382739602999948 ], [ 119.870516144000021, -8.383535345999974 ], [ 119.877455963000102, -8.379944408999961 ], [ 119.865423176000036, -8.401482407999936 ], [ 119.858707285000037, -8.401126179999949 ], [ 119.853621102000034, -8.395235899999932 ], [ 119.845324715000061, -8.395547398999952 ], [ 119.837699044000033, -8.386266734999936 ], [ 119.83900742000003, -8.379097717999969 ], [ 119.852419361000102, -8.374643738999964 ] ] ], [ [ [ 120.303349414000081, -8.878814957999964 ], [ 120.305942393, -8.90033481599994 ], [ 120.287745614000073, -8.91189585799998 ], [ 120.273314753000022, -8.915698393999946 ], [ 120.256369296000116, -8.90193785799994 ], [ 120.273810576000074, -8.876331422999954 ], [ 120.281998976000068, -8.869781150999927 ], [ 120.287739895000072, -8.868615530999932 ], [ 120.303349414000081, -8.878814957999964 ] ] ], [ [ [ 121.51733291000005, -8.861797561999936 ], [ 121.519071169000085, -8.853827524999929 ], [ 121.524457722000079, -8.850025679999931 ], [ 121.533436828000049, -8.86207832499997 ], [ 121.528296426000111, -8.872595154999942 ], [ 121.534870136000109, -8.888495196999941 ], [ 121.522346116000108, -8.90627309599995 ], [ 121.516229021000072, -8.906735244999936 ], [ 121.507092664000083, -8.892953379999938 ], [ 121.509249553000018, -8.88219638299995 ], [ 121.514455831000078, -8.878077499999961 ], [ 121.51788573400006, -8.879479279999941 ], [ 121.522721523000087, -8.874190849999934 ], [ 121.521103131000018, -8.863588815999947 ], [ 121.51733291000005, -8.861797561999936 ] ] ], [ [ [ 121.211073185000032, -8.459227639999938 ], [ 121.229199379000079, -8.465234037999949 ], [ 121.237803789000054, -8.472741859999928 ], [ 121.240507612000101, -8.473009904999969 ], [ 121.23029507800004, -8.463409083999977 ], [ 121.244259845000101, -8.469071597999971 ], [ 121.267392787000063, -8.464261671999964 ], [ 121.268929177000018, -8.467582132999951 ], [ 121.287840711000058, -8.476198202999967 ], [ 121.307575260000021, -8.479881016999968 ], [ 121.319324005000112, -8.50849896099993 ], [ 121.328473505000034, -8.51610239799993 ], [ 121.326332129000093, -8.516705599999966 ], [ 121.329549304000011, -8.516284052999936 ], [ 121.324413281000034, -8.518465136999964 ], [ 121.325526481000111, -8.523824657999967 ], [ 121.343498317000012, -8.548048182999935 ], [ 121.358870461000038, -8.554682368999977 ], [ 121.369829896000056, -8.563843057999975 ], [ 121.384582437000063, -8.564857827999958 ], [ 121.392334721000111, -8.572686254999951 ], [ 121.403913178000039, -8.57162025599996 ], [ 121.411426651000056, -8.577446853999959 ], [ 121.41825656900005, -8.59193133499997 ], [ 121.423086875000081, -8.590265711999962 ], [ 121.420555128000046, -8.584612112999935 ], [ 121.425086002000057, -8.587574955999969 ], [ 121.431392807000066, -8.586352804999933 ], [ 121.44060038300006, -8.575890744999981 ], [ 121.462440685000047, -8.560900698999944 ], [ 121.476496279000116, -8.564358173999949 ], [ 121.477135142000066, -8.570754131999934 ], [ 121.48609143300007, -8.581076233999966 ], [ 121.497455599000091, -8.577010848999976 ], [ 121.500927372000092, -8.578565902999969 ], [ 121.502330064000034, -8.58329865099995 ], [ 121.497698820000096, -8.588663447999977 ], [ 121.502054047000115, -8.59362194199997 ], [ 121.499874461000104, -8.599208916999942 ], [ 121.513370841000096, -8.608391343999926 ], [ 121.504484666000053, -8.612257880999948 ], [ 121.509267251000097, -8.615627578999977 ], [ 121.519476712000028, -8.615055842999936 ], [ 121.519471224859657, -8.615111951086751 ], [ 121.526226441000063, -8.612586646999944 ], [ 121.528898412000103, -8.60795795699994 ], [ 121.522746165000058, -8.601306640999951 ], [ 121.52597774700007, -8.595771108999941 ], [ 121.53021995600011, -8.594986714999948 ], [ 121.529850197000087, -8.59983923599998 ], [ 121.538068855, -8.60175708099996 ], [ 121.540857583000047, -8.599843994999958 ], [ 121.542325553000069, -8.583982380999942 ], [ 121.553506733000063, -8.576288146999957 ], [ 121.566073921000111, -8.574227906999965 ], [ 121.574455573000023, -8.576399164999941 ], [ 121.580841451000083, -8.571527218999961 ], [ 121.579700500000058, -8.561573338999949 ], [ 121.56546554800002, -8.552344468999934 ], [ 121.564194170000064, -8.539805003999959 ], [ 121.571011352000028, -8.530471535999936 ], [ 121.577277093000021, -8.534886774999961 ], [ 121.578909641000109, -8.542043321999927 ], [ 121.591856060000055, -8.542373847999954 ], [ 121.59380081900008, -8.55005215999995 ], [ 121.605295684000112, -8.559681685999976 ], [ 121.611760263000065, -8.558761179999976 ], [ 121.608996601000058, -8.547394243999975 ], [ 121.601539337000077, -8.541127907999964 ], [ 121.602210263000075, -8.524452591999932 ], [ 121.607094824000114, -8.515223679999963 ], [ 121.602633414000024, -8.506746646999943 ], [ 121.606944852000083, -8.497280301999979 ], [ 121.604985938000027, -8.491495684999961 ], [ 121.607408990000067, -8.47850383399998 ], [ 121.61184680000008, -8.48472854299996 ], [ 121.618988936000051, -8.471892289999971 ], [ 121.622773799000015, -8.478334136999933 ], [ 121.629527411000026, -8.471357188999946 ], [ 121.640276997000115, -8.473997312999927 ], [ 121.645017568000071, -8.479052621999926 ], [ 121.637453066000035, -8.487287868999942 ], [ 121.641691194000032, -8.498621946999947 ], [ 121.653415246, -8.500912030999928 ], [ 121.660266135000029, -8.493141130999959 ], [ 121.664668709000011, -8.492990541999973 ], [ 121.667185524000047, -8.503647401999956 ], [ 121.680525358000068, -8.51240908799997 ], [ 121.700034216000063, -8.508798269999943 ], [ 121.709818473000041, -8.501424515999929 ], [ 121.726892432000113, -8.495052209999926 ], [ 121.754162679000046, -8.497532228999944 ], [ 121.771540062000099, -8.50298038699998 ], [ 121.786613980000084, -8.500376167999946 ], [ 121.787743288000115, -8.508763922999947 ], [ 121.800342503000024, -8.510572273999969 ], [ 121.810432196000079, -8.507541604999972 ], [ 121.814841913, -8.501631822999968 ], [ 121.820342904000086, -8.503837360999967 ], [ 121.831060430000093, -8.499960106999936 ], [ 121.833032391000074, -8.489197211999965 ], [ 121.843640149000066, -8.48202701799994 ], [ 121.854040277000081, -8.493868733999932 ], [ 121.861945589000015, -8.493983947999936 ], [ 121.87130524600002, -8.498805518999973 ], [ 121.881428689000018, -8.495953046999944 ], [ 121.884573468000099, -8.498769677999974 ], [ 121.895156987000064, -8.494711411999958 ], [ 121.898580131000017, -8.496878892999973 ], [ 121.905477691000101, -8.49379074999996 ], [ 121.913039236000031, -8.495731102999969 ], [ 121.93156198500003, -8.482526784999948 ], [ 121.946105320000015, -8.461997135999979 ], [ 121.945819252000092, -8.459099640999966 ], [ 121.941954610000039, -8.458701839999947 ], [ 121.955804572000034, -8.447980935999965 ], [ 121.95677850300001, -8.444005669999967 ], [ 121.960742282000069, -8.447175185999981 ], [ 121.948928206000119, -8.457333370999947 ], [ 121.958431804000043, -8.462444046999963 ], [ 121.952732733000062, -8.468413290999933 ], [ 121.956144382000048, -8.473316498999964 ], [ 121.962276869000107, -8.469109027999934 ], [ 121.966332358000045, -8.459162609999964 ], [ 121.982255159000033, -8.451963451999973 ], [ 121.983340571000099, -8.446658540999977 ], [ 121.99171664000005, -8.452887683999961 ], [ 121.995299535000072, -8.448823914999934 ], [ 122.001193056000034, -8.45041520999996 ], [ 122.006020907000106, -8.447831146999931 ], [ 122.008108032000109, -8.44192921399997 ], [ 122.020706367000116, -8.442983120999941 ], [ 122.0245410120001, -8.440679906999947 ], [ 122.025324940000019, -8.446973698999955 ], [ 122.020019245000071, -8.452170932999934 ], [ 122.022522937000076, -8.457576222999933 ], [ 122.014500707000025, -8.459063603999937 ], [ 122.018758925000043, -8.466853126999979 ], [ 122.010282309000104, -8.463950307999937 ], [ 122.019130989000018, -8.472556876999931 ], [ 122.009248113000012, -8.487113076999947 ], [ 122.014197644000092, -8.488343854999925 ], [ 122.008998195000117, -8.492836932999978 ], [ 122.011864629000115, -8.50627026199993 ], [ 122.006483994000064, -8.508287837999944 ], [ 122.006158271910522, -8.514197130273173 ], [ 122.010078132000103, -8.51323100299993 ], [ 122.011340306000079, -8.524373435999962 ], [ 122.018318452000017, -8.530686641999978 ], [ 122.024462210000024, -8.525746263999963 ], [ 122.037407492000057, -8.52864699099996 ], [ 122.042297892000079, -8.519336413999952 ], [ 122.045788366000011, -8.524846459999935 ], [ 122.056051918000094, -8.529989280999928 ], [ 122.06028445600009, -8.529692964999981 ], [ 122.061170707000088, -8.522308556999974 ], [ 122.063287898000112, -8.524194125999941 ], [ 122.065026009, -8.521168270999965 ], [ 122.067875244000106, -8.524642400999937 ], [ 122.071265996000079, -8.52280357799998 ], [ 122.079948016000117, -8.530080862999966 ], [ 122.081570043000056, -8.543200982999963 ], [ 122.089257958000076, -8.543342936999977 ], [ 122.091999906000069, -8.540481448999969 ], [ 122.088876924000033, -8.529356758999938 ], [ 122.09217921600009, -8.532673993999936 ], [ 122.104361139000048, -8.529010772999925 ], [ 122.126962963000096, -8.544243494999932 ], [ 122.131932446000064, -8.543132859999957 ], [ 122.139390724, -8.550242543999957 ], [ 122.159880558000054, -8.55440847899996 ], [ 122.196615973, -8.599581410999974 ], [ 122.200511578000032, -8.602510919999929 ], [ 122.203977793000035, -8.598191864999933 ], [ 122.201347123000119, -8.604506580999953 ], [ 122.207609645000048, -8.602831508999941 ], [ 122.20764345200007, -8.607681555999932 ], [ 122.21050101600008, -8.605447967999964 ], [ 122.215809953000075, -8.60791790199994 ], [ 122.221158174000038, -8.62031488699995 ], [ 122.250089400000093, -8.632753794999928 ], [ 122.26659196300011, -8.632853734999969 ], [ 122.289464243000111, -8.641971252999952 ], [ 122.296074362000013, -8.642317979999973 ], [ 122.312836215000061, -8.632299812999975 ], [ 122.317732737000028, -8.632697046999965 ], [ 122.329795690000083, -8.618866805999971 ], [ 122.337984442000106, -8.616683416999933 ], [ 122.351627366000116, -8.61871885599993 ], [ 122.364046942000073, -8.611367862999941 ], [ 122.398849614000028, -8.608091316999946 ], [ 122.408128127000055, -8.612332357999946 ], [ 122.419035604000101, -8.607736136999961 ], [ 122.43343088600011, -8.608297324999967 ], [ 122.453334515000051, -8.603205830999968 ], [ 122.462156711000034, -8.603560071999937 ], [ 122.471764412000084, -8.609453078999934 ], [ 122.484464805000016, -8.595230550999929 ], [ 122.486476270000026, -8.584080425999957 ], [ 122.495006982000064, -8.580146243999934 ], [ 122.506483911000032, -8.556800963999933 ], [ 122.51757404500006, -8.54729976699997 ], [ 122.514138647000095, -8.537336104999952 ], [ 122.518069859000093, -8.525981414999933 ], [ 122.513498907000098, -8.52638610799994 ], [ 122.506882472000029, -8.519784691999973 ], [ 122.493568577000019, -8.514331222999942 ], [ 122.478891830000066, -8.492987088999939 ], [ 122.491202812000097, -8.473353242999963 ], [ 122.513546900000051, -8.466850891999968 ], [ 122.528396655000051, -8.469879601999935 ], [ 122.530018020000057, -8.467682651999951 ], [ 122.53203661900011, -8.472327861999929 ], [ 122.535206387000017, -8.463386035999974 ], [ 122.549386190000064, -8.465030479999939 ], [ 122.549369008000099, -8.460637822999956 ], [ 122.570565757000054, -8.433799696999927 ], [ 122.570693747000064, -8.42895181199998 ], [ 122.585990570000035, -8.428537840999979 ], [ 122.592174665000016, -8.423458152999956 ], [ 122.590146342000025, -8.411159604999966 ], [ 122.59758079400001, -8.400999974999934 ], [ 122.597189987000093, -8.392876763999936 ], [ 122.603643362000071, -8.392435337999927 ], [ 122.606611289000057, -8.398798971999952 ], [ 122.608921734000091, -8.399731256999928 ], [ 122.606554541000037, -8.396504740999944 ], [ 122.610469489000025, -8.399924847999955 ], [ 122.617317031000084, -8.396036380999931 ], [ 122.61540719300001, -8.389208599999961 ], [ 122.620674457000064, -8.383678441999962 ], [ 122.634243809000054, -8.382174375999966 ], [ 122.657415131000107, -8.390702524999938 ], [ 122.68280067, -8.38430341399993 ], [ 122.688833133000117, -8.378564547999929 ], [ 122.705728967000027, -8.374112645999958 ], [ 122.723907680000025, -8.360348355999975 ], [ 122.746989831000064, -8.358395908999967 ], [ 122.758704863000048, -8.363672368999971 ], [ 122.765911822000021, -8.363177230999952 ], [ 122.7889887340001, -8.316593884999975 ], [ 122.799006317000021, -8.311281214999951 ], [ 122.81107260400006, -8.297909984999933 ], [ 122.817203357000039, -8.299235106999959 ], [ 122.82704483200007, -8.292829025999936 ], [ 122.83485448600004, -8.296420823999938 ], [ 122.851118508000013, -8.290166040999964 ], [ 122.872087364000095, -8.293738420999944 ], [ 122.882085851000056, -8.28876788599996 ], [ 122.893432948000054, -8.277006299999925 ], [ 122.8949296830001, -8.256636303999926 ], [ 122.907875005000051, -8.236764763999929 ], [ 122.908414520000065, -8.224875122999947 ], [ 122.912278956000023, -8.217510627999957 ], [ 122.924401532000047, -8.204272651999929 ], [ 122.935076823000031, -8.203406834999953 ], [ 122.93969401600009, -8.199670964999939 ], [ 122.93769966900004, -8.192550666999978 ], [ 122.931870084000025, -8.195306241999958 ], [ 122.925447420000069, -8.192038620999938 ], [ 122.924772562000044, -8.194632019999972 ], [ 122.918370740000114, -8.193898885999943 ], [ 122.901332103000072, -8.179775201999973 ], [ 122.900767174000066, -8.175892117999979 ], [ 122.897171487000037, -8.179042941999967 ], [ 122.886542750000103, -8.175319044999981 ], [ 122.882065114000056, -8.18072308099994 ], [ 122.871524251000096, -8.180144042999927 ], [ 122.866114999000047, -8.176167618999955 ], [ 122.855706423000015, -8.187989167999945 ], [ 122.849909778000097, -8.188706734999926 ], [ 122.84706756300011, -8.181337304999943 ], [ 122.833335732000023, -8.192971987999954 ], [ 122.822817579000116, -8.194862886999942 ], [ 122.820330690000105, -8.191146424999943 ], [ 122.819298716000048, -8.194825969999954 ], [ 122.809091019000107, -8.19826343099993 ], [ 122.799382964000074, -8.207530582999937 ], [ 122.797225022000021, -8.22356029499997 ], [ 122.792396186000019, -8.22590491699998 ], [ 122.787789362000012, -8.235517133999963 ], [ 122.769731866000029, -8.231814737999969 ], [ 122.762367077000022, -8.224954110999931 ], [ 122.755615422000119, -8.230069064999952 ], [ 122.750115112000117, -8.22609529999994 ], [ 122.74168661200008, -8.228946095999959 ], [ 122.730821300000116, -8.224759859999949 ], [ 122.732234525000081, -8.215564950999976 ], [ 122.751132623000103, -8.19756902499995 ], [ 122.75945682300005, -8.194231098999978 ], [ 122.761843287000033, -8.178084888999933 ], [ 122.77621603800003, -8.164098877999947 ], [ 122.784923079, -8.15033589799998 ], [ 122.778272204000018, -8.136202561999937 ], [ 122.782660992000046, -8.10786245099996 ], [ 122.789478287000065, -8.103490042999965 ], [ 122.797077842000022, -8.108993613999928 ], [ 122.802977978000058, -8.104880399999956 ], [ 122.802498735000086, -8.101227861999973 ], [ 122.81008229400004, -8.099717756999951 ], [ 122.81445032900001, -8.095194368999955 ], [ 122.830724173000021, -8.09642192299998 ], [ 122.839017664000039, -8.081846044999963 ], [ 122.845717652000076, -8.079112146999933 ], [ 122.842046089000064, -8.073547510999958 ], [ 122.844259530000045, -8.070209151999961 ], [ 122.850735146000034, -8.074991983999951 ], [ 122.866590433000056, -8.063357603999975 ], [ 122.869952400000102, -8.068314459999954 ], [ 122.885450134000052, -8.076227102999951 ], [ 122.891499817000067, -8.087196358999961 ], [ 122.916641809000112, -8.102061065999976 ], [ 122.93534558500005, -8.108655360999933 ], [ 122.941793312000073, -8.115790213999958 ], [ 122.955011845000058, -8.120626182999956 ], [ 122.972199358000012, -8.132933596999976 ], [ 122.973160443000097, -8.16059460699995 ], [ 122.968795554000053, -8.186209730999963 ], [ 122.963817419000065, -8.194151728999941 ], [ 122.956808620000061, -8.196185170999968 ], [ 122.962250534000077, -8.196683355999937 ], [ 122.964582953000104, -8.202391636999948 ], [ 122.979592830000115, -8.215059215999929 ], [ 122.978047319000098, -8.222005090999971 ], [ 122.984655305000047, -8.237306674999957 ], [ 122.98119387600002, -8.244580137999947 ], [ 122.982956171000069, -8.251083617999939 ], [ 122.989660183000069, -8.253806466999947 ], [ 122.997953346000031, -8.269930466999938 ], [ 123.01810320300001, -8.281379838999953 ], [ 123.020554596000011, -8.315363137999952 ], [ 123.001636627000039, -8.332738855999935 ], [ 122.992676601000085, -8.336628067999925 ], [ 122.989006824000057, -8.343189146999975 ], [ 122.964437009000108, -8.351848545999928 ], [ 122.932721391000086, -8.334875916999977 ], [ 122.929000925000082, -8.327915589999975 ], [ 122.913759911000056, -8.32850990299994 ], [ 122.913792460000082, -8.336413987999947 ], [ 122.908151222000015, -8.339414266999938 ], [ 122.910047617000032, -8.343516080999962 ], [ 122.902121964000116, -8.347221231999981 ], [ 122.89106735200005, -8.364151259999971 ], [ 122.892623606000029, -8.367116776999978 ], [ 122.884696373000111, -8.370475640999928 ], [ 122.878427289000115, -8.384395259999962 ], [ 122.883536195000033, -8.390300306999961 ], [ 122.882180818000052, -8.398014356999965 ], [ 122.890218946000118, -8.403067601999965 ], [ 122.893176059000098, -8.420356497999933 ], [ 122.88761188, -8.448604885999941 ], [ 122.872367232000101, -8.454918711999937 ], [ 122.860232437000036, -8.45271680999997 ], [ 122.828686272000027, -8.43812541099993 ], [ 122.831162070000119, -8.434688482999945 ], [ 122.825273295000102, -8.42909592999996 ], [ 122.818186455000045, -8.428305961999968 ], [ 122.814488586000039, -8.433684299999982 ], [ 122.809011928000018, -8.431875698999932 ], [ 122.810645070000078, -8.424803460999954 ], [ 122.783159524000098, -8.422824360999925 ], [ 122.787993948, -8.426352182999949 ], [ 122.783603320000111, -8.432772409999927 ], [ 122.786459696000065, -8.446977579999952 ], [ 122.779552838000086, -8.451191894999965 ], [ 122.778784944000108, -8.457215171999962 ], [ 122.784646778000024, -8.46190519299995 ], [ 122.790240194000035, -8.484273919999964 ], [ 122.796514071000047, -8.486863444999926 ], [ 122.801754897000023, -8.496673870999928 ], [ 122.812551223000014, -8.501243701999954 ], [ 122.832212973000082, -8.51796871099998 ], [ 122.84348129600005, -8.546944719999942 ], [ 122.841727382000045, -8.553244291999931 ], [ 122.844486633000088, -8.563022373999956 ], [ 122.841735284000038, -8.57182282499997 ], [ 122.831514090000042, -8.583885117999955 ], [ 122.832162110000013, -8.588712143999942 ], [ 122.819409415000109, -8.596527544999958 ], [ 122.810238807000019, -8.596283871999958 ], [ 122.80168921500001, -8.60274450299994 ], [ 122.793798135000088, -8.601793229999942 ], [ 122.783301645000051, -8.607118798999977 ], [ 122.779986459000042, -8.612743577999936 ], [ 122.751499935000083, -8.60515666699996 ], [ 122.737231064000071, -8.608376347999979 ], [ 122.731783715, -8.610942078999926 ], [ 122.7271117680001, -8.619181638999976 ], [ 122.727713943000026, -8.632603797999934 ], [ 122.721446473000015, -8.633676011999967 ], [ 122.718340371000068, -8.629167070999927 ], [ 122.703854207000063, -8.623387355999967 ], [ 122.697720675000028, -8.622718121999981 ], [ 122.696472116000109, -8.62687305399993 ], [ 122.677404458000069, -8.622106049999957 ], [ 122.664787035000018, -8.62575020099996 ], [ 122.654190172000085, -8.637121265999951 ], [ 122.629661746000011, -8.639954371999977 ], [ 122.6243556820001, -8.650699133999979 ], [ 122.618269490000102, -8.655496850999953 ], [ 122.610664106000058, -8.649663774999965 ], [ 122.604101231000072, -8.64915332299995 ], [ 122.586900968, -8.662429521999968 ], [ 122.557240804000116, -8.666337173999977 ], [ 122.54116086800002, -8.699111377999941 ], [ 122.528923430000077, -8.70868939199994 ], [ 122.522381162000102, -8.708021729999928 ], [ 122.510096195000074, -8.718102811999927 ], [ 122.504308904000027, -8.717021925999973 ], [ 122.498937132000037, -8.722008378999931 ], [ 122.492380426000068, -8.718796143999953 ], [ 122.477095022000071, -8.722564266999939 ], [ 122.466714142000114, -8.733405219999952 ], [ 122.461543264000056, -8.732163698999955 ], [ 122.452711008000051, -8.736808949999954 ], [ 122.445826467000074, -8.736690881999948 ], [ 122.442726933000017, -8.733094839999978 ], [ 122.438780530000031, -8.736710979999941 ], [ 122.433360840000091, -8.733638406999944 ], [ 122.421228498000119, -8.744481843999949 ], [ 122.416149177000079, -8.741029867999941 ], [ 122.410999810000021, -8.745410327999934 ], [ 122.382758490000015, -8.744431593999934 ], [ 122.377007401000014, -8.752146185999948 ], [ 122.368622887000015, -8.752597668999954 ], [ 122.349264882000057, -8.741226427999948 ], [ 122.333889052000018, -8.738947696999958 ], [ 122.323211278000031, -8.742358195999941 ], [ 122.306896832, -8.741536017999977 ], [ 122.299354895000079, -8.746141793999925 ], [ 122.291534544000115, -8.74650860099996 ], [ 122.284220191000031, -8.754226400999926 ], [ 122.279767006000043, -8.754674856999941 ], [ 122.238025461, -8.742040793999934 ], [ 122.234603629000048, -8.744812627999977 ], [ 122.216553092000026, -8.744384431999947 ], [ 122.209552532000089, -8.750333879999971 ], [ 122.196316129000024, -8.750089040999967 ], [ 122.182330142000069, -8.733017020999966 ], [ 122.175065947, -8.729824746999952 ], [ 122.11584813200011, -8.729197717999966 ], [ 122.108700658000089, -8.734768627999927 ], [ 122.095922339000026, -8.736033368999927 ], [ 122.083617165000078, -8.741570105999926 ], [ 122.07884303700007, -8.745993084999952 ], [ 122.074584426000115, -8.759217194999962 ], [ 122.052450527000019, -8.768097195999928 ], [ 122.046956346000115, -8.778332234999937 ], [ 122.036429951000059, -8.78360334499996 ], [ 122.031235305000109, -8.79419069599993 ], [ 122.024812871000108, -8.794518030999939 ], [ 122.020926019000058, -8.798460560999956 ], [ 122.016173934000108, -8.794301355999949 ], [ 122.000473518000035, -8.807245905999935 ], [ 121.994571130000054, -8.806234770999936 ], [ 121.976467999000079, -8.81413422299994 ], [ 121.968493523, -8.812280872999963 ], [ 121.962814279000099, -8.817149176999976 ], [ 121.924265841000079, -8.831387062999966 ], [ 121.907712117000074, -8.831915371999969 ], [ 121.887130707000097, -8.82778116999998 ], [ 121.861666786000114, -8.834875613999941 ], [ 121.849270256000068, -8.851045888999977 ], [ 121.840184558000033, -8.85083908699994 ], [ 121.823945853000055, -8.858410712999955 ], [ 121.813925538000035, -8.870719304999966 ], [ 121.799755146000052, -8.871365239999932 ], [ 121.774191987000108, -8.88266893499997 ], [ 121.754170466000119, -8.876989801999969 ], [ 121.751196029000084, -8.879448675999981 ], [ 121.734113211000022, -8.876880279999966 ], [ 121.722768518000066, -8.863239713999974 ], [ 121.701318355000012, -8.851647800999956 ], [ 121.682546494, -8.845980951999934 ], [ 121.670300797000095, -8.848356711999941 ], [ 121.66121479200001, -8.85569834599994 ], [ 121.664407312000094, -8.873724702999937 ], [ 121.662484432000042, -8.889589774999934 ], [ 121.656934701000068, -8.889677082999981 ], [ 121.652195903, -8.899683624999966 ], [ 121.643826096000112, -8.905811670999981 ], [ 121.627620621, -8.898825852999948 ], [ 121.625015263000023, -8.892973663999953 ], [ 121.630134807000104, -8.874385783999969 ], [ 121.642463662000068, -8.849085663999972 ], [ 121.638906039000062, -8.837243942999976 ], [ 121.609509575000061, -8.825605355999926 ], [ 121.591840239000021, -8.804766846999939 ], [ 121.574689125000077, -8.798505318999958 ], [ 121.567887116000065, -8.797382081999956 ], [ 121.557251883000049, -8.800912890999939 ], [ 121.545049539000047, -8.809273092999945 ], [ 121.484528349000016, -8.798565072999963 ], [ 121.462206525000056, -8.798953945999926 ], [ 121.414186228000062, -8.79301389099993 ], [ 121.415543362555979, -8.788732703250062 ], [ 121.413492440000027, -8.793190869999933 ], [ 121.388624099000026, -8.788626117999968 ], [ 121.37704489500004, -8.796878764999974 ], [ 121.367351319000022, -8.825092041999937 ], [ 121.372550613000044, -8.836418705999961 ], [ 121.368720999000061, -8.838746023999931 ], [ 121.37188474200002, -8.852265796999973 ], [ 121.368834778000064, -8.878478083999937 ], [ 121.342352171000016, -8.905144468999936 ], [ 121.324715549000075, -8.906070887999931 ], [ 121.314988032000088, -8.910932341999967 ], [ 121.302137756000093, -8.908239223999942 ], [ 121.292212182000071, -8.903152219999981 ], [ 121.285311799000056, -8.893349520999948 ], [ 121.276075648000074, -8.891799402999936 ], [ 121.268973783000092, -8.886420739999949 ], [ 121.25905901100009, -8.888665049999929 ], [ 121.256206564000081, -8.892355521999946 ], [ 121.257155979000117, -8.897530735999965 ], [ 121.253572480000116, -8.896600293999938 ], [ 121.252819197, -8.891381176999971 ], [ 121.245496151000111, -8.889111684999932 ], [ 121.237550750000082, -8.889737674999935 ], [ 121.233976673000029, -8.895570957999951 ], [ 121.224904542000104, -8.889151159999926 ], [ 121.198829678000038, -8.894292185999973 ], [ 121.182469013000059, -8.88522035799997 ], [ 121.170706461, -8.887082678999946 ], [ 121.164443626000093, -8.89471922499996 ], [ 121.15439067300008, -8.893979328999933 ], [ 121.146540917000038, -8.89820016699997 ], [ 121.131406028848048, -8.894022068147864 ], [ 121.139185655, -8.897300678999954 ], [ 121.138388345000067, -8.901557284999967 ], [ 121.128232761000049, -8.909143671999971 ], [ 121.095741222000015, -8.91995082699998 ], [ 121.081115658000044, -8.930473414999938 ], [ 121.075112426000032, -8.930893602999959 ], [ 121.057855425000071, -8.947427551999965 ], [ 121.050513812000077, -8.946546063999961 ], [ 121.03018867000003, -8.956422277999934 ], [ 121.02214028100002, -8.953332520999936 ], [ 121.015219881, -8.956361970999978 ], [ 121.001288682000109, -8.955963980999968 ], [ 120.986964680000028, -8.951456290999943 ], [ 120.978913237000029, -8.943227804999935 ], [ 120.970647185000075, -8.946247109999945 ], [ 120.958703940000078, -8.94472378599994 ], [ 120.931266630000096, -8.932984558999976 ], [ 120.928799559000026, -8.928334640999935 ], [ 120.903997005000065, -8.912080453999977 ], [ 120.901182673000108, -8.905177115999948 ], [ 120.890275587000019, -8.898422210999968 ], [ 120.884669575000089, -8.889558044999944 ], [ 120.870187319000024, -8.882855180999968 ], [ 120.867242961000102, -8.865806607999957 ], [ 120.858227194000051, -8.854386942999952 ], [ 120.855077315000017, -8.841184286999976 ], [ 120.849490657000047, -8.834294301999932 ], [ 120.837435422000112, -8.829182917999958 ], [ 120.818496314000072, -8.835257303999981 ], [ 120.8111850723039, -8.828605247190652 ], [ 120.811361167000086, -8.831295399999931 ], [ 120.819759812000029, -8.836050078999961 ], [ 120.816810739000061, -8.841132968999943 ], [ 120.789822855000011, -8.83985178599994 ], [ 120.785920551000117, -8.847330858999953 ], [ 120.785361913000088, -8.872952211999973 ], [ 120.775866747, -8.880307427999981 ], [ 120.774023813000099, -8.887380929999949 ], [ 120.745323662000033, -8.893512682999926 ], [ 120.740203692000023, -8.888915998999948 ], [ 120.733689344000027, -8.889712581999959 ], [ 120.725261343000057, -8.885110779999934 ], [ 120.718748579000021, -8.886507388999974 ], [ 120.710744638000051, -8.881466882999973 ], [ 120.702601670000035, -8.88171607299995 ], [ 120.689990248000072, -8.870712631999936 ], [ 120.655874945000051, -8.870094200999972 ], [ 120.64633419900008, -8.867126593999956 ], [ 120.620422774000076, -8.844432606999931 ], [ 120.61412336, -8.836389112999939 ], [ 120.611786579000068, -8.827292473999933 ], [ 120.59860987400009, -8.816007752999951 ], [ 120.564894793, -8.817513571999939 ], [ 120.528624158000071, -8.812820735999935 ], [ 120.518306689000042, -8.818355771999961 ], [ 120.514213576000088, -8.820667260999926 ], [ 120.478492655000082, -8.82042138199995 ], [ 120.438051710000082, -8.813639508999927 ], [ 120.429973747000076, -8.819057620999956 ], [ 120.420679777000032, -8.816888449999965 ], [ 120.398079392000113, -8.825391744999934 ], [ 120.391115691000095, -8.824118736999935 ], [ 120.385916339000119, -8.817922107999948 ], [ 120.377258416000018, -8.818905550999943 ], [ 120.367417027000101, -8.815670900999976 ], [ 120.364392028000111, -8.824715001999948 ], [ 120.351191619000019, -8.832189180999933 ], [ 120.338350140000102, -8.833050697999965 ], [ 120.313802706000047, -8.855516198999965 ], [ 120.297756877000097, -8.844268424999939 ], [ 120.277226666000047, -8.853771503999951 ], [ 120.26884794800003, -8.847347135999939 ], [ 120.249911619000045, -8.848145905999957 ], [ 120.245154612000078, -8.844675628999937 ], [ 120.232773637000037, -8.843924547999961 ], [ 120.231811568000012, -8.83777459099997 ], [ 120.232303951000063, -8.843872056999942 ], [ 120.222924080000098, -8.83625847199994 ], [ 120.213320926000051, -8.836353041999928 ], [ 120.210607602000096, -8.828119759999936 ], [ 120.203332128000056, -8.821407060999945 ], [ 120.199227839000059, -8.822855451999942 ], [ 120.167679108000016, -8.78922108699993 ], [ 120.147804254000107, -8.785980430999928 ], [ 120.101779531000034, -8.792381180999939 ], [ 120.052345052000078, -8.812170791999961 ], [ 120.023823247000109, -8.814220284999976 ], [ 120.016383986000051, -8.819276203999948 ], [ 120.002616806000105, -8.817568684999969 ], [ 119.982983043000104, -8.820061811999949 ], [ 119.968922335000116, -8.826127362999955 ], [ 119.94781110800011, -8.820319878999953 ], [ 119.942127498000104, -8.821376813999962 ], [ 119.925162467000064, -8.833059644999935 ], [ 119.922703360000014, -8.843639456999938 ], [ 119.909853892000115, -8.838919602999965 ], [ 119.911891872000069, -8.844717421999974 ], [ 119.916484081000021, -8.846109011999943 ], [ 119.921957218000102, -8.861268205999977 ], [ 119.918471718000092, -8.866139748999956 ], [ 119.912393584000029, -8.863160898999979 ], [ 119.911166927000068, -8.867389870999943 ], [ 119.908369488000062, -8.864593768999953 ], [ 119.905613748000064, -8.867035021999925 ], [ 119.904440854000086, -8.862192874999948 ], [ 119.900202200000081, -8.860766532999946 ], [ 119.898764441000026, -8.863361267999949 ], [ 119.898913334000099, -8.858063209999955 ], [ 119.889510563000044, -8.858866616999933 ], [ 119.892039021000073, -8.853029101999937 ], [ 119.886538861000076, -8.853586615999973 ], [ 119.890498335000075, -8.845584588999941 ], [ 119.895205539000017, -8.843970835999926 ], [ 119.884489046000112, -8.840855188999967 ], [ 119.883013894000101, -8.833675421999942 ], [ 119.885321822000037, -8.832735880999962 ], [ 119.882872029000055, -8.828788946999964 ], [ 119.887455712000019, -8.829276685999957 ], [ 119.883241114000043, -8.824359614999935 ], [ 119.887993598000094, -8.820492786999978 ], [ 119.883432225000092, -8.81994653299995 ], [ 119.890245223000079, -8.81270554699995 ], [ 119.884948278000024, -8.813116679999951 ], [ 119.883145459000048, -8.809173535999946 ], [ 119.873978292000061, -8.811475216999952 ], [ 119.870116519000021, -8.807484611999939 ], [ 119.862473480000062, -8.81373130399993 ], [ 119.863631780000105, -8.808508606999965 ], [ 119.859891339000114, -8.802119506999929 ], [ 119.847742943000071, -8.804466906999949 ], [ 119.84416971600001, -8.796932502999937 ], [ 119.838012622000065, -8.80720562099998 ], [ 119.833186303000048, -8.806457977999969 ], [ 119.836718028000064, -8.800675268999953 ], [ 119.830622142000038, -8.79410927899994 ], [ 119.82954007100011, -8.787413153999978 ], [ 119.82354439900007, -8.78955110499993 ], [ 119.817227612000011, -8.786629491999975 ], [ 119.821868396000013, -8.779146736999962 ], [ 119.814265907000049, -8.780443418999937 ], [ 119.81370275200004, -8.77586753099996 ], [ 119.808144302000073, -8.77576591899998 ], [ 119.810418288000051, -8.773042998999927 ], [ 119.808527651000077, -8.76959091699996 ], [ 119.803238038000018, -8.770211607999954 ], [ 119.799890840000103, -8.759793683999931 ], [ 119.808720586000049, -8.75545144299997 ], [ 119.808792542000106, -8.750960282999927 ], [ 119.802232368000091, -8.750324965999937 ], [ 119.798477579000064, -8.746727220999958 ], [ 119.801140196, -8.74359347099994 ], [ 119.796196878000046, -8.741691858999957 ], [ 119.805606465000096, -8.738423487999967 ], [ 119.807538413000088, -8.733364823999977 ], [ 119.802513699000087, -8.727776781999978 ], [ 119.799177327000052, -8.72975960499997 ], [ 119.796847920000118, -8.727655462999962 ], [ 119.802303972000118, -8.720197548999977 ], [ 119.803552996, -8.709199332999958 ], [ 119.796417974000065, -8.70198268799993 ], [ 119.798506347000057, -8.695278953999946 ], [ 119.795841351000036, -8.691538440999977 ], [ 119.79854917800003, -8.690653280999982 ], [ 119.799964164000016, -8.678024687999937 ], [ 119.804006075000075, -8.671247982999944 ], [ 119.809424901000057, -8.672015755999951 ], [ 119.81139509400009, -8.668310141999939 ], [ 119.80659619700009, -8.640464631999976 ], [ 119.809984550000081, -8.625126229999978 ], [ 119.806272591000038, -8.615765429999954 ], [ 119.811351154000022, -8.602448379999942 ], [ 119.807385749000105, -8.601044326999954 ], [ 119.805615119000095, -8.604051818999949 ], [ 119.798210145000098, -8.598645159999933 ], [ 119.799840960000097, -8.590148099999965 ], [ 119.807978984000101, -8.585625143999948 ], [ 119.804253659000096, -8.582860807999964 ], [ 119.804056041000081, -8.573393804999967 ], [ 119.813528600000041, -8.560451865999937 ], [ 119.828398194000101, -8.555302506999965 ], [ 119.833365098000058, -8.544738620999965 ], [ 119.833317087000069, -8.539456299999927 ], [ 119.844147265000061, -8.53980417799994 ], [ 119.851076255000066, -8.53137612699993 ], [ 119.854564925000091, -8.533591374999958 ], [ 119.868111458000044, -8.523371647999966 ], [ 119.877999190000082, -8.505044645999931 ], [ 119.878832543000044, -8.498353516999941 ], [ 119.874667659000011, -8.48955923099993 ], [ 119.880964640000116, -8.477574871999934 ], [ 119.871551491000105, -8.465047485999946 ], [ 119.87085145900005, -8.457097242999964 ], [ 119.860611750000089, -8.453271084999926 ], [ 119.862617511000053, -8.441027619999943 ], [ 119.857395146000044, -8.430070840999974 ], [ 119.860289937000061, -8.432288761999928 ], [ 119.87988253900005, -8.427213106999943 ], [ 119.882223136000107, -8.43030045699993 ], [ 119.879058452000095, -8.434836502999929 ], [ 119.882679199000108, -8.43856035999994 ], [ 119.876824654000075, -8.442972048999934 ], [ 119.890267381000058, -8.442511134999961 ], [ 119.878283634000013, -8.449429152999926 ], [ 119.877751065000098, -8.460478382999952 ], [ 119.881226899000012, -8.463802209999926 ], [ 119.886637630000109, -8.460828344999982 ], [ 119.899851733000105, -8.465006217999928 ], [ 119.908005036000077, -8.475650775999952 ], [ 119.916063776000101, -8.466532432999941 ], [ 119.922672827000042, -8.466482976999941 ], [ 119.932662757000116, -8.456765119999943 ], [ 119.934238558000061, -8.457518084999947 ], [ 119.939129771000012, -8.455344597999954 ], [ 119.944368152000038, -8.458921705999956 ], [ 119.957151186000033, -8.449592779999932 ], [ 119.958442429000115, -8.452351261999979 ], [ 119.961736856000016, -8.450638793999929 ], [ 119.956705784000064, -8.443531684999925 ], [ 119.966135419000011, -8.438766385999941 ], [ 119.965734322000117, -8.435673566999981 ], [ 119.962864359000037, -8.435842326999932 ], [ 119.963633560000062, -8.431412967999961 ], [ 119.969394295000029, -8.428048009999941 ], [ 119.972903485000074, -8.432920090999971 ], [ 119.976742122000019, -8.432499080999946 ], [ 119.973654642000042, -8.445437590999973 ], [ 119.979376583000089, -8.446132739999939 ], [ 119.981897495000112, -8.442756200999952 ], [ 119.983947960000023, -8.453997455999968 ], [ 119.9977766720001, -8.461075768999933 ], [ 120.006638255000098, -8.446185828999944 ], [ 120.012733483000034, -8.447115967999935 ], [ 120.018257123000012, -8.439700371999947 ], [ 120.012088337000023, -8.433402636999972 ], [ 120.002751015000058, -8.43053879699994 ], [ 119.997922775, -8.417156529999943 ], [ 120.00829288500006, -8.411672371999941 ], [ 120.01313752100009, -8.414947853999934 ], [ 120.01575175500011, -8.412600119999979 ], [ 120.017602976000035, -8.408240947999957 ], [ 120.011417907, -8.399692480999931 ], [ 120.018674369000109, -8.39230618299996 ], [ 120.019170247000034, -8.384022396999967 ], [ 120.030567866000069, -8.382095825999954 ], [ 120.036952753000037, -8.386874576999958 ], [ 120.042903785000021, -8.386025901999972 ], [ 120.03685598800007, -8.392167291999954 ], [ 120.043011769000032, -8.397613881999973 ], [ 120.044379064000054, -8.394008425999971 ], [ 120.053216382000073, -8.394424038999944 ], [ 120.053763658000094, -8.389701601999946 ], [ 120.058911226000077, -8.387706819999948 ], [ 120.063401863000081, -8.378488588999971 ], [ 120.066471368000066, -8.380158970999958 ], [ 120.074268495000069, -8.376979176999953 ], [ 120.07315467, -8.383570812999949 ], [ 120.058200579000072, -8.393813137999928 ], [ 120.059866747000115, -8.398633047999965 ], [ 120.053823341000111, -8.396586464999928 ], [ 120.048778513000116, -8.398892156999977 ], [ 120.050005981000027, -8.40524609199997 ], [ 120.063437550000117, -8.402876296999978 ], [ 120.067382232000114, -8.396252853999954 ], [ 120.07031573200004, -8.398340221999945 ], [ 120.070625752000069, -8.393295032999958 ], [ 120.086510308000015, -8.387614643999939 ], [ 120.085513390000074, -8.393750577999981 ], [ 120.080866769000068, -8.39816948999993 ], [ 120.08504743900005, -8.398617949999959 ], [ 120.084338957000114, -8.402154743999972 ], [ 120.077216033000013, -8.410583791999954 ], [ 120.084784120000108, -8.407903190999946 ], [ 120.079843215000096, -8.413790872999925 ], [ 120.086150419000091, -8.414371875999962 ], [ 120.093391567000026, -8.406842212999948 ], [ 120.096118512000089, -8.413374230999977 ], [ 120.092470029000083, -8.421251387999973 ], [ 120.082204183000044, -8.426260205999938 ], [ 120.085056464000104, -8.437304608999966 ], [ 120.090867979000109, -8.440924847999952 ], [ 120.104511434000074, -8.437337232999937 ], [ 120.109804018000091, -8.44132682999998 ], [ 120.113355381000019, -8.438823975999981 ], [ 120.117530520000059, -8.42599876099996 ], [ 120.126283966000074, -8.416403903999935 ], [ 120.121176810000065, -8.414434048999965 ], [ 120.11620280000011, -8.406357309999976 ], [ 120.115577031000043, -8.383254940999961 ], [ 120.121436698000025, -8.35629751099998 ], [ 120.12565517400003, -8.356376073999968 ], [ 120.131338824000068, -8.367094982999959 ], [ 120.140325764000067, -8.36458330499994 ], [ 120.146892576000027, -8.367021096999963 ], [ 120.147386171000107, -8.380145106999976 ], [ 120.157542399000022, -8.373002514999939 ], [ 120.163016839000079, -8.377927738999972 ], [ 120.1667625340001, -8.374869730999933 ], [ 120.162321158000054, -8.36888873099997 ], [ 120.163110720000077, -8.36210916999994 ], [ 120.167486018000091, -8.359225450999929 ], [ 120.171967942000038, -8.348109203999968 ], [ 120.178159744000027, -8.351269572999968 ], [ 120.185310503000096, -8.347878809999941 ], [ 120.183178669000085, -8.336919785999953 ], [ 120.200504859000034, -8.305607997999971 ], [ 120.215943424000102, -8.309971566999934 ], [ 120.239706689000059, -8.301813981999942 ], [ 120.243950156000096, -8.295145063999939 ], [ 120.260825439000087, -8.282810909999966 ], [ 120.28713063400005, -8.282241088999967 ], [ 120.291401896000025, -8.280582697999932 ], [ 120.298269560000108, -8.285041103999959 ], [ 120.334949056000028, -8.281409763999932 ], [ 120.340674494000041, -8.287607777999938 ], [ 120.352294044000018, -8.288901490999933 ], [ 120.360795026, -8.295543667999937 ], [ 120.366521592000026, -8.294526019999978 ], [ 120.378057569000021, -8.286810712999966 ], [ 120.384209848000069, -8.289311737999981 ], [ 120.395227083, -8.283199476999926 ], [ 120.407823069000074, -8.28093819399993 ], [ 120.41312189000007, -8.272695041999953 ], [ 120.413913690000072, -8.251185678999946 ], [ 120.419476406000058, -8.244112208999979 ], [ 120.428699534000089, -8.240974804999951 ], [ 120.444173910000018, -8.250280622999981 ], [ 120.448783620000086, -8.258136239999942 ], [ 120.45225950300005, -8.271267248999948 ], [ 120.450976549000075, -8.284508420999941 ], [ 120.458877750000056, -8.287043706999953 ], [ 120.466394672000092, -8.295455240999956 ], [ 120.493781162000118, -8.293191614999955 ], [ 120.503880264000031, -8.288186345999975 ], [ 120.505903335000085, -8.283068473999947 ], [ 120.511871013000018, -8.28339998499996 ], [ 120.511455829000056, -8.280995613999949 ], [ 120.523050941000065, -8.278455468999937 ], [ 120.530196348000118, -8.272815255999944 ], [ 120.541765164000026, -8.288121037999929 ], [ 120.557971298000098, -8.300132433999977 ], [ 120.563501840000072, -8.300809108999943 ], [ 120.570841836000113, -8.296461636999936 ], [ 120.590108038000039, -8.297354813999959 ], [ 120.599514474000102, -8.290636052999957 ], [ 120.605429766000043, -8.277605928999947 ], [ 120.601978557000052, -8.271726485999977 ], [ 120.593288534000067, -8.266595246999941 ], [ 120.591068859000075, -8.26092899799994 ], [ 120.593681969000045, -8.254556524999941 ], [ 120.595155320000117, -8.257416934999981 ], [ 120.60183956100002, -8.255456787999947 ], [ 120.613039516000072, -8.263899398999968 ], [ 120.621318397000096, -8.264793396999949 ], [ 120.631918633000055, -8.271135206999929 ], [ 120.655252441000016, -8.288864493999938 ], [ 120.661966529000097, -8.305629100999965 ], [ 120.677099362000035, -8.309465387999978 ], [ 120.677983814000072, -8.323087276999956 ], [ 120.689369218000024, -8.330855829999962 ], [ 120.714389487000062, -8.326018412999929 ], [ 120.716415273000052, -8.336608259999934 ], [ 120.733357149000085, -8.348933165999938 ], [ 120.749029709000069, -8.348341662999928 ], [ 120.762921928000083, -8.336711697999931 ], [ 120.768478150000078, -8.341763478999951 ], [ 120.782387262000043, -8.345651179999948 ], [ 120.808604722000041, -8.338642485999969 ], [ 120.82166591400005, -8.347042457999976 ], [ 120.831524297000101, -8.346496978999937 ], [ 120.854475841000067, -8.357578322999927 ], [ 120.881340694000073, -8.349465262999956 ], [ 120.886274550000053, -8.354026724999926 ], [ 120.883702821000043, -8.372206043999938 ], [ 120.889678461000017, -8.36173619799996 ], [ 120.887463086000025, -8.359077498999966 ], [ 120.893483233000097, -8.35316996399996 ], [ 120.90689477300009, -8.357258931999979 ], [ 120.9260075163468, -8.354575113772155 ], [ 120.925796551000076, -8.354285129999937 ], [ 120.930252541000073, -8.351485689999947 ], [ 120.941003662000071, -8.348892518999946 ], [ 120.944988913000088, -8.35410866899997 ], [ 120.942529145000094, -8.35263340299997 ], [ 120.938402635000102, -8.356785370999944 ], [ 120.946858747000078, -8.362053044999925 ], [ 120.945758756000032, -8.371461321999959 ], [ 120.95626067, -8.370866345999957 ], [ 120.954867064000041, -8.363850218999971 ], [ 120.943415396000091, -8.346404790999941 ], [ 120.945854519000022, -8.343579593999948 ], [ 120.957477916000016, -8.343715230999976 ], [ 120.984044968000035, -8.349535128999946 ], [ 120.985859179000045, -8.352620266999963 ], [ 120.979043759000092, -8.368878577999965 ], [ 120.974040185000035, -8.370622794999974 ], [ 120.965509796000106, -8.362548723999964 ], [ 120.963012351000089, -8.370811515999947 ], [ 120.971513955000091, -8.372094122999954 ], [ 120.967988209000055, -8.376649486999952 ], [ 120.97298089200001, -8.377380094999978 ], [ 120.975336559000084, -8.38329543499998 ], [ 120.978967616000091, -8.375990489999936 ], [ 120.98444272200004, -8.374279412999954 ], [ 120.987305929000058, -8.38020823599993 ], [ 120.985351543000093, -8.382645019999927 ], [ 120.990370305000056, -8.384180081999943 ], [ 120.992034231000048, -8.390825698999947 ], [ 120.989475316000039, -8.39202329799997 ], [ 120.996160412000108, -8.392633629999978 ], [ 120.996973915000012, -8.395870886999944 ], [ 121.010169179000059, -8.392074108999964 ], [ 121.008762311000055, -8.39628943699995 ], [ 121.014720208000085, -8.397718537999936 ], [ 121.013606620000019, -8.402111022999975 ], [ 121.022586706000084, -8.405975267999963 ], [ 121.018202624000082, -8.407775756999968 ], [ 121.022204277000014, -8.415078776999962 ], [ 121.029265352000039, -8.412998680999976 ], [ 121.040732475000027, -8.415681088999975 ], [ 121.064229653000098, -8.410788916999934 ], [ 121.075522575000036, -8.413087476999976 ], [ 121.08765706500003, -8.420501319999971 ], [ 121.09413694400007, -8.418359366999937 ], [ 121.103493294000032, -8.425417280999966 ], [ 121.114252356000065, -8.428361853999945 ], [ 121.129192043000103, -8.426257049999947 ], [ 121.139632020000022, -8.428244302999929 ], [ 121.142840115000013, -8.424770787999933 ], [ 121.149956296000028, -8.434494509999979 ], [ 121.155922333000035, -8.435184055999969 ], [ 121.155547356000056, -8.439990891999969 ], [ 121.164942066000094, -8.444807177999962 ], [ 121.172400634000041, -8.444010201999959 ], [ 121.173183422000079, -8.441070539999942 ], [ 121.176906764636854, -8.445492689345429 ], [ 121.173244595000028, -8.440726599999948 ], [ 121.187352120000014, -8.440735686999972 ], [ 121.197552555000016, -8.445587057999944 ], [ 121.211073185000032, -8.459227639999938 ] ], [ [ 121.521987917819217, -8.619066965148658 ], [ 121.519468555991551, -8.615139241273168 ], [ 121.519180295000069, -8.618086818999927 ], [ 121.521987917819217, -8.619066965148658 ] ], [ [ 121.520887384000048, -8.634993108999936 ], [ 121.520908732820814, -8.634871379219545 ], [ 121.494720461000043, -8.639450078999971 ], [ 121.520887384000048, -8.634993108999936 ] ], [ [ 121.453605641000081, -8.666731829999947 ], [ 121.458915724, -8.655014994999931 ], [ 121.453266953407265, -8.666974377284363 ], [ 121.453605641000081, -8.666731829999947 ] ], [ [ 121.446762081000088, -8.671632767999938 ], [ 121.450547896734719, -8.668921598930796 ], [ 121.446621633260904, -8.671564605181219 ], [ 121.446762081000088, -8.671632767999938 ] ], [ [ 121.395167720376449, -8.721013783826576 ], [ 121.395059371064704, -8.7199278512244 ], [ 121.394813541000076, -8.720256814999971 ], [ 121.395167720376449, -8.721013783826576 ] ], [ [ 121.398529044000043, -8.72557543299996 ], [ 121.39741318589688, -8.725812898381438 ], [ 121.400810231000037, -8.733073222999963 ], [ 121.398529044000043, -8.72557543299996 ] ], [ [ 121.416193389406942, -8.772882511878363 ], [ 121.415811679391652, -8.769348073377543 ], [ 121.414802547000022, -8.771912562999944 ], [ 121.416193389406942, -8.772882511878363 ] ], [ [ 121.417305002000035, -8.783175472999972 ], [ 121.416953541608592, -8.779921130464261 ], [ 121.416162511073864, -8.786779550529463 ], [ 121.417305002000035, -8.783175472999972 ] ], [ [ 121.130382461834927, -8.84993642265573 ], [ 121.12910115657462, -8.8500535849067 ], [ 121.130360058000065, -8.850002429999961 ], [ 121.130382461834927, -8.84993642265573 ] ], [ [ 121.132262715844675, -8.844396720437929 ], [ 121.131977054000117, -8.844442646999937 ], [ 121.13091548133275, -8.84836601287123 ], [ 121.132262715844675, -8.844396720437929 ] ], [ [ 121.096354298000051, -8.756699629999957 ], [ 121.108446711000056, -8.767065585999944 ], [ 121.103299432000085, -8.760043702999951 ], [ 121.097997648000046, -8.756330585999933 ], [ 121.096354298000051, -8.756699629999957 ] ], [ [ 121.126056965000089, -8.685301709999976 ], [ 121.123281910893937, -8.686150282281696 ], [ 121.126239273005524, -8.687041111917784 ], [ 121.126056965000089, -8.685301709999976 ] ], [ [ 121.109358610000072, -8.654634086999977 ], [ 121.101023747000113, -8.661922865999941 ], [ 121.101096419167902, -8.66223670769334 ], [ 121.109358610000072, -8.654634086999977 ] ], [ [ 121.193150269000057, -8.506163650999952 ], [ 121.192738916344894, -8.506065958072236 ], [ 121.193087330865211, -8.507474056576665 ], [ 121.193150269000057, -8.506163650999952 ] ], [ [ 121.178833333000057, -8.448 ], [ 121.178720492143754, -8.44785314454097 ], [ 121.180005655000059, -8.459702510999932 ], [ 121.178833333000057, -8.448 ] ], [ [ 121.129576554000096, -8.887280918999977 ], [ 121.130955580000091, -8.893832232999955 ], [ 121.131052727879933, -8.893873174567954 ], [ 121.129576554000096, -8.887280918999977 ] ], [ [ 121.115366067621764, -8.87500150448902 ], [ 121.122761857074295, -8.850633248958697 ], [ 121.122614295000062, -8.850646741999981 ], [ 121.115184163000094, -8.874844318999976 ], [ 121.115366067621764, -8.87500150448902 ] ], [ [ 120.50748739200003, -8.746776788999966 ], [ 120.493275974361964, -8.730208031241217 ], [ 120.493250603000092, -8.730230785999936 ], [ 120.50748739200003, -8.746776788999966 ] ], [ [ 120.498243867000042, -8.714604526999949 ], [ 120.492989023000064, -8.704611738999972 ], [ 120.492939214796152, -8.704574903364271 ], [ 120.498243867000042, -8.714604526999949 ] ], [ [ 120.492192770852014, -8.704022871067597 ], [ 120.468429648366381, -8.686448864090973 ], [ 120.468419873000016, -8.686824084999955 ], [ 120.492192770852014, -8.704022871067597 ] ], [ [ 120.468484066572657, -8.684360057589082 ], [ 120.470903988824205, -8.667709869061387 ], [ 120.468730253000103, -8.674910355999941 ], [ 120.468484066572657, -8.684360057589082 ] ], [ [ 120.47103805227934, -8.667265784666721 ], [ 120.484401667000043, -8.658989435999956 ], [ 120.471074989000044, -8.667143431999932 ], [ 120.47103805227934, -8.667265784666721 ] ], [ [ 120.491450994028042, -8.645649704279974 ], [ 120.523820693000062, -8.638073136999935 ], [ 120.49146737600006, -8.645618703999958 ], [ 120.491450994028042, -8.645649704279974 ] ], [ [ 120.545722850634021, -8.500795884442391 ], [ 120.54622895600005, -8.499634094999976 ], [ 120.546170167422105, -8.496374352162979 ], [ 120.545722850634021, -8.500795884442391 ] ], [ [ 120.546124618897693, -8.493848751418911 ], [ 120.546104660000083, -8.492742058999966 ], [ 120.542475537000087, -8.491004734999933 ], [ 120.546124618897693, -8.493848751418911 ] ], [ [ 120.536991485000044, -8.467675790999976 ], [ 120.532354763073215, -8.460392067549028 ], [ 120.532318321000048, -8.460523161999959 ], [ 120.536991485000044, -8.467675790999976 ] ], [ [ 120.824028111000075, -8.821414413999946 ], [ 120.811108012000091, -8.827428016999932 ], [ 120.811151083081725, -8.828086002696036 ], [ 120.824028111000075, -8.821414413999946 ] ], [ [ 120.85629459200004, -8.747752674999958 ], [ 120.856288470401154, -8.747722942973589 ], [ 120.848265207000054, -8.755006330999947 ], [ 120.85629459200004, -8.747752674999958 ] ], [ [ 120.845270630403618, -8.707257585613057 ], [ 120.844530598, -8.708881582999936 ], [ 120.843860324000048, -8.719956620999938 ], [ 120.845270630403618, -8.707257585613057 ] ], [ [ 120.84689575483236, -8.704074720896335 ], [ 120.84672368300005, -8.704068868999968 ], [ 120.845971702965855, -8.705719085402077 ], [ 120.84689575483236, -8.704074720896335 ] ], [ [ 120.888605828000095, -8.626240147999965 ], [ 120.885108168000102, -8.625355587999934 ], [ 120.888591397578423, -8.626388171334762 ], [ 120.888605828000095, -8.626240147999965 ] ], [ [ 120.881648608000091, -8.608456519999947 ], [ 120.881238713888919, -8.605801410687187 ], [ 120.878787985000031, -8.612036460999946 ], [ 120.881648608000091, -8.608456519999947 ] ], [ [ 120.880327157000011, -8.599896755999964 ], [ 120.879550008460001, -8.599050200297201 ], [ 120.88052139664147, -8.601154952853472 ], [ 120.880327157000011, -8.599896755999964 ] ], [ [ 120.876138949000051, -8.595334498999932 ], [ 120.875776126288955, -8.596201216937112 ], [ 120.877425815367843, -8.596736295447158 ], [ 120.876138949000051, -8.595334498999932 ] ], [ [ 120.873251770000024, -8.59416663099995 ], [ 120.869814174000112, -8.594267450999951 ], [ 120.87396548716093, -8.595613934097429 ], [ 120.873251770000024, -8.59416663099995 ] ], [ [ 120.857852369000057, -8.545032746999937 ], [ 120.857754983544893, -8.544924940603714 ], [ 120.854830048000053, -8.551446078999959 ], [ 120.857852369000057, -8.545032746999937 ] ], [ [ 120.850390486000038, -8.519023526999945 ], [ 120.85031144438156, -8.519007612488915 ], [ 120.851482057000112, -8.537980765999976 ], [ 120.850390486000038, -8.519023526999945 ] ], [ [ 120.845419358741665, -8.515630339480015 ], [ 120.845121394000103, -8.516124145999981 ], [ 120.84553007640163, -8.516335888449431 ], [ 120.845419358741665, -8.515630339480015 ] ], [ [ 120.85257079500002, -8.507642805999978 ], [ 120.852236152000046, -8.504333106999979 ], [ 120.849477967046809, -8.508904150224923 ], [ 120.85257079500002, -8.507642805999978 ] ], [ [ 120.91473852359664, -8.391077713258955 ], [ 120.914082497000095, -8.393982188999928 ], [ 120.914181052249248, -8.39418440374847 ], [ 120.91473852359664, -8.391077713258955 ] ], [ [ 120.91757741204394, -8.381453193787646 ], [ 120.91682956000011, -8.38181991099998 ], [ 120.916266365792623, -8.384313382944175 ], [ 120.91757741204394, -8.381453193787646 ] ], [ [ 120.333596422000028, -8.440354646999936 ], [ 120.346042371860264, -8.426142324008342 ], [ 120.345847354000057, -8.426100490999943 ], [ 120.333596422000028, -8.440354646999936 ] ], [ [ 120.390727447000017, -8.430482181999935 ], [ 120.39174848248426, -8.427997355749948 ], [ 120.391576727000029, -8.427937437999958 ], [ 120.390727447000017, -8.430482181999935 ] ], [ [ 120.394087264499035, -8.428813251420848 ], [ 120.395756037485214, -8.429483414491722 ], [ 120.39572552300001, -8.429384765999941 ], [ 120.394087264499035, -8.428813251420848 ] ], [ [ 120.397164399880126, -8.434036426780153 ], [ 120.398068689548808, -8.437048925426433 ], [ 120.398091468000075, -8.437033490999966 ], [ 120.397164399880126, -8.434036426780153 ] ], [ [ 120.395862016000024, -8.438544142999945 ], [ 120.399313043233334, -8.444203763333688 ], [ 120.39931471500006, -8.44418285699993 ], [ 120.395862016000024, -8.438544142999945 ] ], [ [ 120.392751420000081, -8.454172618999962 ], [ 120.39861978660069, -8.46073635592545 ], [ 120.399119856000084, -8.460883241999966 ], [ 120.392751420000081, -8.454172618999962 ] ], [ [ 120.390173928094597, -8.458397836487721 ], [ 120.390090609000026, -8.458371614999976 ], [ 120.391761215000088, -8.466919029999929 ], [ 120.390173928094597, -8.458397836487721 ] ], [ [ 120.386994717000107, -8.474957039999936 ], [ 120.388913289379417, -8.485069432648791 ], [ 120.389402118000021, -8.484891606999952 ], [ 120.386994717000107, -8.474957039999936 ] ], [ [ 120.37246686800006, -8.514691920999951 ], [ 120.362671102000036, -8.518196109999963 ], [ 120.360405082827214, -8.521009968053184 ], [ 120.37246686800006, -8.514691920999951 ] ], [ [ 120.357812817789878, -8.524228946047247 ], [ 120.357467950000114, -8.524657189999971 ], [ 120.357653431997136, -8.524945152735437 ], [ 120.357812817789878, -8.524228946047247 ] ], [ [ 120.360931901877549, -8.53170059121106 ], [ 120.357369107000068, -8.539268275999973 ], [ 120.361539983000057, -8.53264007699994 ], [ 120.360931901877549, -8.53170059121106 ] ], [ [ 120.361138281535418, -8.56846795082952 ], [ 120.343612493000023, -8.571420281999963 ], [ 120.361149518000047, -8.568506339999942 ], [ 120.361138281535418, -8.56846795082952 ] ], [ [ 120.329375404782965, -8.706024719937309 ], [ 120.326459148000026, -8.718258165999941 ], [ 120.329483970000069, -8.706825615999946 ], [ 120.329375404782965, -8.706024719937309 ] ], [ [ 120.283279170602796, -8.787305158049556 ], [ 120.264933701000018, -8.789816429999973 ], [ 120.28330508900001, -8.787450588999945 ], [ 120.283279170602796, -8.787305158049556 ] ], [ [ 120.261413586000117, -8.79514218199995 ], [ 120.250747947000036, -8.794885753999949 ], [ 120.250671209451383, -8.794943170895829 ], [ 120.261413586000117, -8.79514218199995 ] ], [ [ 120.250372857223667, -8.795166405271893 ], [ 120.240058716000021, -8.802883695999981 ], [ 120.23937816964488, -8.805904926434795 ], [ 120.250372857223667, -8.795166405271893 ] ], [ [ 120.233088371735093, -8.812355446418344 ], [ 120.232867382000109, -8.81250569599996 ], [ 120.239967172000092, -8.830023366999967 ], [ 120.233088371735093, -8.812355446418344 ] ], [ [ 122.664848335000102, -8.519599924999966 ], [ 122.664856249858815, -8.519629086738197 ], [ 122.67419432600002, -8.502810475999979 ], [ 122.664848335000102, -8.519599924999966 ] ], [ [ 122.000055968896319, -8.515911936972994 ], [ 121.999737848000109, -8.515980505999948 ], [ 121.997268052000095, -8.527162210999961 ], [ 122.000055968896319, -8.515911936972994 ] ], [ [ 121.972255379000103, -8.609387589999926 ], [ 121.965546874000097, -8.613118562999944 ], [ 121.965573048424559, -8.613149334710494 ], [ 121.972255379000103, -8.609387589999926 ] ], [ [ 121.953101762000074, -8.675980265999954 ], [ 121.958169411102062, -8.685387068474194 ], [ 121.958202512000071, -8.685382155999946 ], [ 121.953101762000074, -8.675980265999954 ] ], [ [ 121.945816465, -8.687220357999934 ], [ 121.936524558928213, -8.705695376046656 ], [ 121.936543627000106, -8.705689052999958 ], [ 121.945816465, -8.687220357999934 ] ], [ [ 121.928135749000035, -8.708477137999978 ], [ 121.927050541000085, -8.711724729999958 ], [ 121.927255405661029, -8.712065351125707 ], [ 121.928135749000035, -8.708477137999978 ] ] ], [ [ [ 121.52615550500002, -8.591641273999926 ], [ 121.527010551000103, -8.591823501999954 ], [ 121.526457854000114, -8.591778323999961 ], [ 121.52615550500002, -8.591641273999926 ] ] ], [ [ [ 121.419176824000033, -8.585024371999964 ], [ 121.418660268000053, -8.584660030999942 ], [ 121.41884333500002, -8.583876675999932 ], [ 121.419176824000033, -8.585024371999964 ] ] ], [ [ [ 121.502197587000069, -8.569123498999943 ], [ 121.499545613, -8.566697830999942 ], [ 121.50256325700002, -8.565590682999925 ], [ 121.502197587000069, -8.569123498999943 ] ] ], [ [ [ 121.319050505000064, -8.476159270999972 ], [ 121.319346034000091, -8.475843754999971 ], [ 121.319450254000117, -8.476012219999973 ], [ 121.319050505000064, -8.476159270999972 ] ] ], [ [ [ 121.30185721700002, -8.43903082199995 ], [ 121.300921001, -8.439596494999932 ], [ 121.300669775000074, -8.439602922999939 ], [ 121.301284304000092, -8.438882153999941 ], [ 121.30185721700002, -8.43903082199995 ] ] ], [ [ [ 119.989351105000082, -8.432737479999957 ], [ 119.994887904000052, -8.438515901999949 ], [ 119.989527176000024, -8.43798452599998 ], [ 119.989351105000082, -8.432737479999957 ] ] ], [ [ [ 119.962441593000108, -8.43312334899997 ], [ 119.962631950000059, -8.432733117999931 ], [ 119.962912726000013, -8.433166179999944 ], [ 119.962441593000108, -8.43312334899997 ] ] ], [ [ [ 119.974839061000011, -8.430839224999943 ], [ 119.97519955000007, -8.430974853999942 ], [ 119.974883933000115, -8.431353720999937 ], [ 119.974839061000011, -8.430839224999943 ] ] ], [ [ [ 119.975061801000038, -8.430342178999979 ], [ 119.974945207000019, -8.430252948999964 ], [ 119.975052878000042, -8.430142303999958 ], [ 119.975061801000038, -8.430342178999979 ] ] ], [ [ [ 119.974092692000113, -8.42963205999996 ], [ 119.974592379000114, -8.429639990999931 ], [ 119.974911623000025, -8.430024670999956 ], [ 119.974092692000113, -8.42963205999996 ] ] ], [ [ [ 120.00062239600004, -8.429246489999969 ], [ 120.000652980000041, -8.429198568999936 ], [ 120.000664756000106, -8.429229480999936 ], [ 120.00062239600004, -8.429246489999969 ] ] ], [ [ [ 120.00071106200005, -8.429166838999947 ], [ 120.000746063000065, -8.429219830999955 ], [ 120.000695036000025, -8.429194315999951 ], [ 120.00071106200005, -8.429166838999947 ] ] ], [ [ [ 120.000853447000054, -8.428893536999965 ], [ 120.000831034000043, -8.428902846999961 ], [ 120.000832241000012, -8.42885784899994 ], [ 120.000853447000054, -8.428893536999965 ] ] ], [ [ [ 121.134019479000017, -8.420905950999952 ], [ 121.133258381000019, -8.420681844999933 ], [ 121.133843954000099, -8.420473385999969 ], [ 121.134019479000017, -8.420905950999952 ] ] ], [ [ [ 121.100399823000089, -8.414806245999955 ], [ 121.100901507000117, -8.414863020999974 ], [ 121.100514037000039, -8.415134611999974 ], [ 121.100399823000089, -8.414806245999955 ] ] ], [ [ [ 121.089888152000071, -8.408236519999946 ], [ 121.091442744, -8.408361045999925 ], [ 121.090226381000093, -8.412004383999943 ], [ 121.089888152000071, -8.408236519999946 ] ] ], [ [ [ 121.030615824000051, -8.40690959899996 ], [ 121.031642904000023, -8.407897257999934 ], [ 121.030175994000047, -8.40840174799996 ], [ 121.030615824000051, -8.40690959899996 ] ] ], [ [ [ 121.057138474000112, -8.407464132999962 ], [ 121.056594775, -8.407241176999946 ], [ 121.057013533000031, -8.407058994999943 ], [ 121.057138474000112, -8.407464132999962 ] ] ], [ [ [ 121.024505548000093, -8.406584832999954 ], [ 121.024230512000031, -8.406502161999981 ], [ 121.024499392000052, -8.406456951999928 ], [ 121.024505548000093, -8.406584832999954 ] ] ], [ [ [ 121.026158320000036, -8.403997109999978 ], [ 121.026521641000045, -8.404381518999969 ], [ 121.025913104000097, -8.404240744999981 ], [ 121.026158320000036, -8.403997109999978 ] ] ], [ [ [ 121.087320966000107, -8.401021859999958 ], [ 121.088537435000035, -8.401479396999946 ], [ 121.08703365100007, -8.402915318999931 ], [ 121.087320966000107, -8.401021859999958 ] ] ], [ [ [ 121.020986657000094, -8.40163062299996 ], [ 121.023937901000068, -8.400987750999946 ], [ 121.022487599000101, -8.402803611999957 ], [ 121.020986657000094, -8.40163062299996 ] ] ], [ [ [ 121.026136252000015, -8.39931463399995 ], [ 121.027037386000075, -8.400710659999959 ], [ 121.025112413000102, -8.400234696999973 ], [ 121.026136252000015, -8.39931463399995 ] ] ], [ [ [ 121.017273120000027, -8.399879861999977 ], [ 121.017351642000108, -8.399704971999938 ], [ 121.017779945000029, -8.399869154999976 ], [ 121.017273120000027, -8.399879861999977 ] ] ], [ [ [ 121.025453527000082, -8.397874588999969 ], [ 121.025208041000042, -8.398216351999963 ], [ 121.025145246000079, -8.397879896999939 ], [ 121.025453527000082, -8.397874588999969 ] ] ], [ [ [ 120.061112514000115, -8.395499493999978 ], [ 120.061082110000029, -8.395769636999944 ], [ 120.060411337000119, -8.395653084999935 ], [ 120.061112514000115, -8.395499493999978 ] ] ], [ [ [ 121.075820927000109, -8.390927253999962 ], [ 121.079144689000032, -8.392164780999963 ], [ 121.083125292000091, -8.394622372999947 ], [ 121.075820927000109, -8.390927253999962 ] ] ], [ [ [ 121.011719555000013, -8.392281518999937 ], [ 121.011421295000105, -8.392061017999936 ], [ 121.011603428000058, -8.391948747999947 ], [ 121.011719555000013, -8.392281518999937 ] ] ], [ [ [ 121.097307162000106, -8.391894557999933 ], [ 121.097420742000054, -8.389178795999953 ], [ 121.099087366000049, -8.389004401999955 ], [ 121.099463431000117, -8.389974700999971 ], [ 121.097307162000106, -8.391894557999933 ] ] ], [ [ [ 121.059905692000029, -8.39071230299993 ], [ 121.059471854000094, -8.388596536999955 ], [ 121.061657795000087, -8.389477582999973 ], [ 121.059905692000029, -8.39071230299993 ] ] ], [ [ [ 121.069040157000018, -8.391618454999957 ], [ 121.06982021400006, -8.386837816999957 ], [ 121.072584376, -8.390563405999956 ], [ 121.069040157000018, -8.391618454999957 ] ] ], [ [ [ 121.061656347000053, -8.387059582999939 ], [ 121.062005665000015, -8.38673539399997 ], [ 121.062001514000031, -8.387076217999947 ], [ 121.061656347000053, -8.387059582999939 ] ] ], [ [ [ 120.991605799000013, -8.386850090999928 ], [ 120.991208742000026, -8.38674046999995 ], [ 120.991626447000044, -8.386756943999956 ], [ 120.991605799000013, -8.386850090999928 ] ] ], [ [ [ 120.048108429000081, -8.383989659999941 ], [ 120.047834792000117, -8.388454718999981 ], [ 120.04606328300008, -8.38895916499996 ], [ 120.045110309000052, -8.385750461999976 ], [ 120.048108429000081, -8.383989659999941 ] ] ], [ [ [ 120.994527205000054, -8.383343379999928 ], [ 120.993787391000069, -8.383460260999925 ], [ 120.994246935000092, -8.383071529999938 ], [ 120.994527205000054, -8.383343379999928 ] ] ], [ [ [ 121.025580837, -8.381391328999939 ], [ 121.025785470000073, -8.381612618999952 ], [ 121.025630805000105, -8.38161737799993 ], [ 121.025580837, -8.381391328999939 ] ] ], [ [ [ 121.058052443000065, -8.379998631999968 ], [ 121.058529148000048, -8.380852838999942 ], [ 121.057429363000097, -8.382700701999966 ], [ 121.058052443000065, -8.379998631999968 ] ] ], [ [ [ 120.99215730100002, -8.38217169099994 ], [ 120.990051154000071, -8.374144072999968 ], [ 121.000505387000089, -8.378653024999949 ], [ 121.004779160000112, -8.377232993999939 ], [ 121.010190761000104, -8.368633871999975 ], [ 121.016476921000049, -8.370202304999964 ], [ 121.009420443000067, -8.38182857399994 ], [ 121.018887812000116, -8.381590277999976 ], [ 121.01991410100004, -8.385150971999963 ], [ 121.011845562000076, -8.391299602999936 ], [ 121.002687755000011, -8.38681620899996 ], [ 120.99693267400005, -8.391090651999946 ], [ 120.998709161000079, -8.384079602999975 ], [ 120.99215730100002, -8.38217169099994 ] ] ], [ [ [ 120.952131279000014, -8.370214500999964 ], [ 120.951456258, -8.368891363999978 ], [ 120.952249929000118, -8.368650884999965 ], [ 120.952131279000014, -8.370214500999964 ] ] ], [ [ [ 120.081559243000015, -8.368780323999943 ], [ 120.080703533000019, -8.369984171999931 ], [ 120.080111744000078, -8.368259919999957 ], [ 120.081559243000015, -8.368780323999943 ] ] ], [ [ [ 120.968507602000045, -8.36877426999996 ], [ 120.967921624000041, -8.368766472999937 ], [ 120.968361130000062, -8.368304721999948 ], [ 120.968507602000045, -8.36877426999996 ] ] ], [ [ [ 120.966703396000071, -8.366559739999957 ], [ 120.966861606000066, -8.36661795699996 ], [ 120.966399998000043, -8.36856251599994 ], [ 120.966703396000071, -8.366559739999957 ] ] ], [ [ [ 121.017547789000105, -8.364578801999926 ], [ 121.017720748000102, -8.364809887999968 ], [ 121.017369832000099, -8.364742351999951 ], [ 121.017547789000105, -8.364578801999926 ] ] ], [ [ [ 121.004068131000054, -8.363758516999951 ], [ 121.003658679000068, -8.363548500999968 ], [ 121.003805759000102, -8.363388734999944 ], [ 121.004068131000054, -8.363758516999951 ] ] ], [ [ [ 121.015619569000023, -8.363552578999929 ], [ 121.015634165000051, -8.363041386999953 ], [ 121.015899416000025, -8.363425419999942 ], [ 121.015619569000023, -8.363552578999929 ] ] ], [ [ [ 120.024950169000022, -8.365401073999976 ], [ 120.016299454000091, -8.372748245999958 ], [ 120.016232376000062, -8.361307755999974 ], [ 120.022310672000117, -8.351663214999974 ], [ 120.032108987000015, -8.359271036999928 ], [ 120.032254659000046, -8.368171855999947 ], [ 120.029543883000088, -8.369282699999928 ], [ 120.024950169000022, -8.365401073999976 ] ] ], [ [ [ 120.13285097000005, -8.35475467599997 ], [ 120.132802429000094, -8.354684720999956 ], [ 120.132902368000032, -8.354682578999928 ], [ 120.13285097000005, -8.35475467599997 ] ] ], [ [ [ 120.136317484000074, -8.354345911999928 ], [ 120.136860001000059, -8.354495817999975 ], [ 120.136190673000101, -8.354718992999949 ], [ 120.136317484000074, -8.354345911999928 ] ] ], [ [ [ 120.117416046000017, -8.339768847999949 ], [ 120.143026360000022, -8.341214023999953 ], [ 120.154454792000024, -8.349997988999974 ], [ 120.143390344000068, -8.352584209999975 ], [ 120.135617498000101, -8.350659012999927 ], [ 120.133609921000016, -8.354492616999948 ], [ 120.127590527000052, -8.351232072999949 ], [ 120.123635531000104, -8.353159590999951 ], [ 120.112061600000061, -8.345509026999935 ], [ 120.117416046000017, -8.339768847999949 ] ] ], [ [ [ 120.121114904000024, -8.33902507199997 ], [ 120.1204688790001, -8.338685998999949 ], [ 120.121136319000016, -8.338700274999951 ], [ 120.121114904000024, -8.33902507199997 ] ] ], [ [ [ 120.117999413, -8.338637520999953 ], [ 120.11741113700009, -8.338656323999942 ], [ 120.118012842000098, -8.338097597999933 ], [ 120.117999413, -8.338637520999953 ] ] ], [ [ [ 121.534328553000023, -8.890706622999971 ], [ 121.534509364000087, -8.890610439999932 ], [ 121.534526094000057, -8.89094066399997 ], [ 121.534328553000023, -8.890706622999971 ] ] ], [ [ [ 121.535269290000087, -8.865679053999941 ], [ 121.535545627000033, -8.865510792999942 ], [ 121.535655269000017, -8.866253886999971 ], [ 121.535269290000087, -8.865679053999941 ] ] ], [ [ [ 121.679102529000033, -8.84882149699996 ], [ 121.679313921000016, -8.850013443999956 ], [ 121.678932888000077, -8.850181619999944 ], [ 121.679102529000033, -8.84882149699996 ] ] ], [ [ [ 121.909754594000105, -8.832395301999952 ], [ 121.91028406800001, -8.832403368999962 ], [ 121.909873094000091, -8.832609177999927 ], [ 121.909754594000105, -8.832395301999952 ] ] ], [ [ [ 121.973459947000038, -8.813782238999977 ], [ 121.973856956000077, -8.813825459999975 ], [ 121.973423219000097, -8.81416988999996 ], [ 121.973459947000038, -8.813782238999977 ] ] ], [ [ [ 122.019289695000111, -8.799918543999979 ], [ 122.019371108000087, -8.800545872999976 ], [ 122.019019365000077, -8.79986026499995 ], [ 122.019289695000111, -8.799918543999979 ] ] ], [ [ [ 122.10419446100002, -8.736276801999963 ], [ 122.104071260000069, -8.736035598999933 ], [ 122.104271471000061, -8.736054288999981 ], [ 122.10419446100002, -8.736276801999963 ] ] ], [ [ [ 122.103410337000014, -8.735529559999975 ], [ 122.10344650400009, -8.735832190999929 ], [ 122.10319216500011, -8.735656264999932 ], [ 122.103410337000014, -8.735529559999975 ] ] ], [ [ [ 122.103805567000109, -8.735691018999944 ], [ 122.103585112000019, -8.735632512999928 ], [ 122.103635803000088, -8.735567637999964 ], [ 122.103805567000109, -8.735691018999944 ] ] ], [ [ [ 122.507136973000115, -8.71862755799998 ], [ 122.507549519, -8.719017983999947 ], [ 122.507292379000091, -8.719038230999956 ], [ 122.507136973000115, -8.71862755799998 ] ] ], [ [ [ 122.845258322000063, -8.644990990999929 ], [ 122.847344901000042, -8.645441628999947 ], [ 122.847693494000055, -8.646212218999949 ], [ 122.847663163000107, -8.647220457999936 ], [ 122.845258322000063, -8.644990990999929 ] ] ], [ [ [ 122.875617309000063, -8.610526087999972 ], [ 122.875727809000068, -8.610717511999951 ], [ 122.875318686000014, -8.610645364999925 ], [ 122.875617309000063, -8.610526087999972 ] ] ], [ [ [ 122.832072100000119, -8.606980154999974 ], [ 122.83220876900009, -8.60758648999996 ], [ 122.831767902000024, -8.607415379999964 ], [ 122.832072100000119, -8.606980154999974 ] ] ], [ [ [ 122.846185283000068, -8.60466493499996 ], [ 122.845661871000061, -8.602314314999944 ], [ 122.846763668000108, -8.603928513999961 ], [ 122.846185283000068, -8.60466493499996 ] ] ], [ [ [ 121.55209788600007, -8.574349316999928 ], [ 121.55187627600003, -8.574187250999955 ], [ 121.552112991000058, -8.573882855999955 ], [ 121.55209788600007, -8.574349316999928 ] ] ], [ [ [ 123.223009992000016, -8.56903000799997 ], [ 123.223499992000029, -8.567609991999973 ], [ 123.224230008000063, -8.569630006999944 ], [ 123.223009992000016, -8.56903000799997 ] ] ], [ [ [ 122.088946093000118, -8.52771559599995 ], [ 122.088390846000038, -8.52839129299997 ], [ 122.088237843000115, -8.527651359999936 ], [ 122.088946093000118, -8.52771559599995 ] ] ], [ [ [ 122.880596750000109, -8.53801786799994 ], [ 122.884749027000112, -8.524466848999964 ], [ 122.901561561000108, -8.511051023999926 ], [ 122.945233383000073, -8.492985232999956 ], [ 122.951917033000086, -8.459955122999929 ], [ 122.976246729000081, -8.436041234999948 ], [ 122.99012734400003, -8.437995418999947 ], [ 122.995607453000048, -8.434739387999969 ], [ 123.013374851000094, -8.44761356999993 ], [ 123.021352929000045, -8.448653866999962 ], [ 123.031852055000058, -8.443106538999928 ], [ 123.037309773000061, -8.435507944999927 ], [ 123.090130851000026, -8.432985100999929 ], [ 123.092116336000117, -8.437231070999928 ], [ 123.092733899000109, -8.433801756999969 ], [ 123.108920789000081, -8.43305586699995 ], [ 123.116272430000095, -8.435921491999977 ], [ 123.142973743000084, -8.422971366999946 ], [ 123.158835867000107, -8.427341460999969 ], [ 123.168225258, -8.435947413999941 ], [ 123.164908462000085, -8.446258100999955 ], [ 123.151828258000023, -8.453274569999962 ], [ 123.148427539000068, -8.461561382999946 ], [ 123.104200383000034, -8.471953741999926 ], [ 123.078437695000048, -8.488849694999942 ], [ 123.050146211000083, -8.491988522999975 ], [ 123.040122836000023, -8.487932194999928 ], [ 123.028442102000099, -8.477179741999976 ], [ 123.021897413000033, -8.476508022999951 ], [ 122.976100297000016, -8.514881417999959 ], [ 122.970056680000084, -8.534044949999952 ], [ 122.953415610000093, -8.552640591999932 ], [ 122.950885404000019, -8.561752947999935 ], [ 122.953632158000119, -8.56689124199994 ], [ 122.936365088000116, -8.595694994999974 ], [ 122.924841502000049, -8.604847974999927 ], [ 122.908546899000044, -8.61142560899998 ], [ 122.886320870000077, -8.609359400999949 ], [ 122.882089982000025, -8.595521677999955 ], [ 122.870344145000104, -8.584432424999932 ], [ 122.871811879, -8.569565663999981 ], [ 122.881055776000039, -8.555375755999933 ], [ 122.880596750000109, -8.53801786799994 ] ] ], [ [ [ 122.399144952000029, -8.498694548999936 ], [ 122.39663120900002, -8.496298380999974 ], [ 122.397204124000041, -8.494979082999976 ], [ 122.399497552000071, -8.49634384999996 ], [ 122.399144952000029, -8.498694548999936 ] ] ], [ [ [ 121.646547550000037, -8.495195906999982 ], [ 121.646445895000056, -8.495400120999932 ], [ 121.646212872000092, -8.49502965399995 ], [ 121.646547550000037, -8.495195906999982 ] ] ], [ [ [ 122.467624275000048, -8.48092498799997 ], [ 122.464929841000071, -8.481028297999956 ], [ 122.45720360100006, -8.476339061999965 ], [ 122.467624275000048, -8.48092498799997 ] ] ], [ [ [ 121.956657605000032, -8.469276427999944 ], [ 121.957010467000032, -8.469776896999974 ], [ 121.956686483000112, -8.470044237999957 ], [ 121.956657605000032, -8.469276427999944 ] ] ], [ [ [ 122.451942252000094, -8.458701160999965 ], [ 122.448792187000095, -8.46578857399993 ], [ 122.45675373600011, -8.469372438999926 ], [ 122.454920946000016, -8.476119909999966 ], [ 122.43916463000005, -8.472416306999946 ], [ 122.438252078000119, -8.479186158999937 ], [ 122.423058405, -8.47205975299994 ], [ 122.422916451000106, -8.466949418999945 ], [ 122.438571023, -8.461079644999927 ], [ 122.451942252000094, -8.458701160999965 ] ] ], [ [ [ 121.957193890000099, -8.468141781999975 ], [ 121.957402309000031, -8.468223149999972 ], [ 121.957062201000099, -8.46862036999994 ], [ 121.957193890000099, -8.468141781999975 ] ] ], [ [ [ 122.334003693000113, -8.435691688999952 ], [ 122.345407996000063, -8.428382675999956 ], [ 122.375594265000018, -8.428939347999972 ], [ 122.381764814, -8.433037421999927 ], [ 122.393226351000067, -8.434583017999955 ], [ 122.408038677000036, -8.448573773999954 ], [ 122.415721629000018, -8.435928794999938 ], [ 122.422410302000117, -8.45110724999995 ], [ 122.412889455000027, -8.457628632999956 ], [ 122.41233266100005, -8.47031353899996 ], [ 122.415094054000065, -8.467390222999938 ], [ 122.41677508500004, -8.46902642699996 ], [ 122.41510960700009, -8.476925198999936 ], [ 122.406049078000024, -8.477902825999934 ], [ 122.400577418000012, -8.489004544999943 ], [ 122.393815938000103, -8.489221211999961 ], [ 122.388764894000019, -8.49790160699996 ], [ 122.374156588000119, -8.496325806999948 ], [ 122.36889093700006, -8.493844806999959 ], [ 122.367686984000102, -8.489733212999965 ], [ 122.354879150000102, -8.488211054999965 ], [ 122.334907042000054, -8.464055861999952 ], [ 122.334003693000113, -8.435691688999952 ] ] ], [ [ [ 122.01989784500006, -8.460275804999981 ], [ 122.020656280000026, -8.461066493999965 ], [ 122.019782666000083, -8.460484558999951 ], [ 122.01989784500006, -8.460275804999981 ] ] ], [ [ [ 122.44408312500002, -8.450319828999966 ], [ 122.448913444000027, -8.451924020999968 ], [ 122.441135794000047, -8.454523894999966 ], [ 122.44408312500002, -8.450319828999966 ] ] ], [ [ [ 122.794201038000097, -8.448187787999927 ], [ 122.802715711000019, -8.446827531999929 ], [ 122.802718058000096, -8.455643639999948 ], [ 122.7956924880001, -8.45760164099994 ], [ 122.794201038000097, -8.448187787999927 ] ] ], [ [ [ 122.430645920000075, -8.443489542999941 ], [ 122.431536401000017, -8.444140906999962 ], [ 122.431133490000093, -8.444297776999974 ], [ 122.430645920000075, -8.443489542999941 ] ] ], [ [ [ 121.95771520400001, -8.443251930999963 ], [ 121.957783474000053, -8.442894990999946 ], [ 121.958121240000082, -8.443385460999934 ], [ 121.95771520400001, -8.443251930999963 ] ] ], [ [ [ 121.95863148300009, -8.442257668999957 ], [ 121.95848586000011, -8.442626009999969 ], [ 121.958340237000016, -8.442320486999961 ], [ 121.95863148300009, -8.442257668999957 ] ] ], [ [ [ 122.497876962000078, -8.424415819999979 ], [ 122.502086518000056, -8.417147168999975 ], [ 122.511761643000114, -8.41320769899994 ], [ 122.517979811000032, -8.417568221999943 ], [ 122.51826312500009, -8.431803877999926 ], [ 122.51273629800005, -8.434795295999947 ], [ 122.513976642000102, -8.430198726999947 ], [ 122.506752733000098, -8.433405380999943 ], [ 122.498487664000095, -8.428945978999934 ], [ 122.499293158000114, -8.432366409999929 ], [ 122.498219166000013, -8.429447953999954 ], [ 122.497876962000078, -8.424415819999979 ] ] ], [ [ [ 123.329339992000087, -8.536430006999979 ], [ 123.317259992000118, -8.52712000799994 ], [ 123.299150008000083, -8.53936000799996 ], [ 123.298469993000026, -8.544950007999944 ], [ 123.291849599000102, -8.546114240999941 ], [ 123.29125999200005, -8.54915000799997 ], [ 123.279219993000083, -8.545100007999963 ], [ 123.260849993000079, -8.54506000799995 ], [ 123.241329992000033, -8.538880007999978 ], [ 123.232999992000032, -8.543140007999966 ], [ 123.230769992000091, -8.551910007999936 ], [ 123.221469992000038, -8.554430006999951 ], [ 123.219069993000062, -8.549190006999936 ], [ 123.221179992000089, -8.536960007999937 ], [ 123.207539993000069, -8.535010007999972 ], [ 123.205419992000088, -8.522140007999951 ], [ 123.213409992000038, -8.510000006999974 ], [ 123.225339993000034, -8.512830006999934 ], [ 123.232569993000084, -8.510870007999927 ], [ 123.245310227000118, -8.497767600999964 ], [ 123.265885587000071, -8.483792225999935 ], [ 123.280503554, -8.466182209999943 ], [ 123.290241398000035, -8.463692241999979 ], [ 123.301520008000011, -8.452559975999975 ], [ 123.317517258000066, -8.422788538999953 ], [ 123.329673117000084, -8.411868053999967 ], [ 123.335582024000018, -8.400327022999932 ], [ 123.354632305000109, -8.39175430399996 ], [ 123.35713996100003, -8.393354350999971 ], [ 123.362406977000092, -8.389662975999954 ], [ 123.375196805000087, -8.387960694999947 ], [ 123.380255587000079, -8.384286757999973 ], [ 123.384444993000102, -8.374800897999933 ], [ 123.390543868, -8.371408835999944 ], [ 123.400901149000106, -8.369498069999963 ], [ 123.407907148000049, -8.372372944999938 ], [ 123.416569086000095, -8.368686428999979 ], [ 123.429970742000023, -8.368923397999936 ], [ 123.43556822700009, -8.366085976999955 ], [ 123.441111033000084, -8.355404516999954 ], [ 123.447412789000055, -8.35558249199994 ], [ 123.44406549200005, -8.358053163999955 ], [ 123.447633836000023, -8.358306429999971 ], [ 123.451704426000106, -8.352105667999979 ], [ 123.462729633000095, -8.347854100999939 ], [ 123.471008899000026, -8.33839753899997 ], [ 123.464744040000028, -8.324752506999971 ], [ 123.452765587000044, -8.314900381999962 ], [ 123.431216044000053, -8.298205843999938 ], [ 123.415795992000085, -8.297871460999943 ], [ 123.413966273000028, -8.292082412999946 ], [ 123.409509633000084, -8.294401162999975 ], [ 123.402741320000018, -8.291767490999973 ], [ 123.395350055000108, -8.300490101999969 ], [ 123.395325664000097, -8.294748272999925 ], [ 123.392968415000041, -8.292036991999964 ], [ 123.394401273000085, -8.296346053999969 ], [ 123.389425555000116, -8.299855537999974 ], [ 123.372502696000083, -8.298678818999974 ], [ 123.367571118000114, -8.304889787999969 ], [ 123.352196524000078, -8.302223166999966 ], [ 123.349935008000102, -8.307736865999971 ], [ 123.347384805000047, -8.30718333599998 ], [ 123.344459009000047, -8.304105131999961 ], [ 123.346070086000054, -8.297756928999945 ], [ 123.366194055000051, -8.290022616999977 ], [ 123.365966883000056, -8.278844850999974 ], [ 123.38125324300006, -8.263335631999951 ], [ 123.398117133000028, -8.259327678999966 ], [ 123.409874867000099, -8.252202944999965 ], [ 123.416999618000091, -8.255686537999964 ], [ 123.42388353900003, -8.267904662999968 ], [ 123.435565664000023, -8.271277444999953 ], [ 123.436845008000091, -8.26238092899996 ], [ 123.442744915000048, -8.268795100999967 ], [ 123.457904618000043, -8.271257194999976 ], [ 123.467682462000084, -8.266411553999944 ], [ 123.467863446000024, -8.261921866999955 ], [ 123.480927758, -8.247059053999976 ], [ 123.496787211000083, -8.240865194999969 ], [ 123.538829368000052, -8.234857131999945 ], [ 123.557617024000024, -8.240604459999929 ], [ 123.562138680000089, -8.248664037999959 ], [ 123.547864805000017, -8.257450803999973 ], [ 123.550849524000114, -8.266560928999979 ], [ 123.541591899000082, -8.275301131999981 ], [ 123.542708665000077, -8.285219240999936 ], [ 123.534152540000036, -8.292580647999955 ], [ 123.532933164000042, -8.302020163999941 ], [ 123.516224524000108, -8.311111288999939 ], [ 123.515879134000102, -8.317670678999946 ], [ 123.511239805000059, -8.321290101999978 ], [ 123.504552321, -8.335935085999949 ], [ 123.498268821000011, -8.338159304999976 ], [ 123.501473852000117, -8.346826100999976 ], [ 123.496461149000083, -8.35115824199994 ], [ 123.501704087, -8.354042850999974 ], [ 123.493327430000022, -8.35931241399993 ], [ 123.497763477000035, -8.36005789799998 ], [ 123.504936508000014, -8.352814944999977 ], [ 123.512195024000107, -8.351255381999977 ], [ 123.52432744500004, -8.356910740999979 ], [ 123.530228806000082, -8.364694100999941 ], [ 123.551086712000028, -8.369137663999936 ], [ 123.567861102000052, -8.365044725999951 ], [ 123.581108821000043, -8.357177647999947 ], [ 123.589712946000077, -8.348124178999967 ], [ 123.596451555000044, -8.333539147999943 ], [ 123.595867945, -8.324319616999958 ], [ 123.590585320000059, -8.326459945999943 ], [ 123.589065524000034, -8.312511194999956 ], [ 123.577835290000053, -8.316093756999976 ], [ 123.572110431000056, -8.310681475999957 ], [ 123.573106164000023, -8.296966788999953 ], [ 123.576213758000108, -8.292620413999941 ], [ 123.574234993000118, -8.288179584999966 ], [ 123.587413587000015, -8.290709068999945 ], [ 123.595112414000027, -8.286928631999956 ], [ 123.603014306000091, -8.288303522999968 ], [ 123.60425413400003, -8.303002381999931 ], [ 123.596918180000102, -8.310141241999929 ], [ 123.599453337000114, -8.317991710999934 ], [ 123.635076258000026, -8.291893272999971 ], [ 123.635417712000049, -8.27980744499996 ], [ 123.628683540000111, -8.272108662999926 ], [ 123.626777071000106, -8.247790054999939 ], [ 123.62229182100009, -8.242571600999952 ], [ 123.605777071000034, -8.239322584999968 ], [ 123.60502693, -8.21982431999993 ], [ 123.618293727000037, -8.224389022999958 ], [ 123.63437675900002, -8.21592336599997 ], [ 123.649464040000112, -8.217770553999969 ], [ 123.657436509000036, -8.223043443999927 ], [ 123.659349617000089, -8.228101898999967 ], [ 123.653355914000031, -8.239681444999974 ], [ 123.655377587000089, -8.249142381999945 ], [ 123.650616446000072, -8.249824069999931 ], [ 123.651084774000083, -8.253187944999979 ], [ 123.66836063300002, -8.256490694999968 ], [ 123.674216478000062, -8.252654741999947 ], [ 123.686696040000015, -8.258806897999932 ], [ 123.699604993000094, -8.254025444999968 ], [ 123.705406180000068, -8.239414834999934 ], [ 123.710022071000026, -8.241816491999941 ], [ 123.712870852000037, -8.239983335999966 ], [ 123.698601196000027, -8.228936443999942 ], [ 123.695742353000014, -8.223081288999936 ], [ 123.697428524000088, -8.218374022999967 ], [ 123.711970009000083, -8.220606381999971 ], [ 123.711683336000078, -8.215095069999961 ], [ 123.721780071000012, -8.211102834999963 ], [ 123.723315821000028, -8.215445881999926 ], [ 123.724405602000047, -8.210799381999948 ], [ 123.736736759000109, -8.20603663199995 ], [ 123.756161212000052, -8.182788756999969 ], [ 123.768103634000113, -8.176234381999961 ], [ 123.769477587000097, -8.17256275699998 ], [ 123.782273430000032, -8.170485022999969 ], [ 123.805692305000093, -8.179069459999937 ], [ 123.814785633000042, -8.189298178999934 ], [ 123.842692665000072, -8.203543146999948 ], [ 123.841337836000093, -8.210934913999949 ], [ 123.84644693100006, -8.215073460999974 ], [ 123.853774102000102, -8.215361694999956 ], [ 123.850795165000022, -8.224104537999949 ], [ 123.85552761800011, -8.228470303999927 ], [ 123.860460930000045, -8.221631194999929 ], [ 123.860193243000026, -8.215474147999942 ], [ 123.866365931000018, -8.211061882999957 ], [ 123.90235700900007, -8.21512114799998 ], [ 123.922791837000091, -8.242595913999935 ], [ 123.924117431000013, -8.249800537999931 ], [ 123.915807774000086, -8.257066694999935 ], [ 123.889599915000076, -8.264026132999959 ], [ 123.864639040000043, -8.275347647999979 ], [ 123.856999477000045, -8.273249444999976 ], [ 123.846058899000013, -8.275218897999935 ], [ 123.837768555000025, -8.284924428999943 ], [ 123.833066650000092, -8.284439975999931 ], [ 123.830409305000103, -8.279266866999933 ], [ 123.823940633, -8.276264397999967 ], [ 123.796122587000013, -8.272544553999978 ], [ 123.786533414000019, -8.276864350999972 ], [ 123.782981821000021, -8.284656100999939 ], [ 123.766426508000109, -8.288274226999931 ], [ 123.756011165000018, -8.296690693999949 ], [ 123.736793695000074, -8.325114163999956 ], [ 123.734628665000059, -8.342598022999937 ], [ 123.726677274000053, -8.355344023999976 ], [ 123.700887711000064, -8.383530272999963 ], [ 123.697119367000028, -8.395734381999944 ], [ 123.699331821000101, -8.398582976999933 ], [ 123.693683711000062, -8.406017272999975 ], [ 123.693353586000057, -8.411556694999945 ], [ 123.675881962000062, -8.427496475999931 ], [ 123.670494211000118, -8.429563444999928 ], [ 123.664181305000056, -8.425836382999933 ], [ 123.651940399000068, -8.426842788999977 ], [ 123.656448571000055, -8.41356892899995 ], [ 123.64992591500004, -8.404267194999932 ], [ 123.634903259000112, -8.402758819999974 ], [ 123.619959102000053, -8.405986413999926 ], [ 123.612058540000021, -8.422354491999954 ], [ 123.598618478000049, -8.43090024199995 ], [ 123.588866337000013, -8.442129241999965 ], [ 123.584123821000048, -8.44199344499998 ], [ 123.581389087000048, -8.44725589799998 ], [ 123.56573086800006, -8.453588163999939 ], [ 123.553217758000073, -8.470040928999936 ], [ 123.563111868000078, -8.486522006999962 ], [ 123.582439992000104, -8.505950007999957 ], [ 123.587259993000089, -8.530970006999951 ], [ 123.583719993000045, -8.542530007999972 ], [ 123.57593999300002, -8.546540007999965 ], [ 123.575519993000057, -8.550030006999975 ], [ 123.566149993000067, -8.551920006999978 ], [ 123.558769993000055, -8.562150006999957 ], [ 123.546389992000059, -8.57171002299998 ], [ 123.542969993000042, -8.56762002399995 ], [ 123.529529992000107, -8.56989000699997 ], [ 123.518079993000015, -8.56398000799993 ], [ 123.510669993000079, -8.553829991999976 ], [ 123.510989977, -8.550030006999975 ], [ 123.507879992000085, -8.54906000699998 ], [ 123.507819992, -8.541460006999955 ], [ 123.503549992000103, -8.541520007999964 ], [ 123.506929993000085, -8.536819991999948 ], [ 123.504479992000029, -8.522990006999976 ], [ 123.489739993000057, -8.515250007999953 ], [ 123.475269992000108, -8.521319991999974 ], [ 123.464739992000091, -8.53130000799996 ], [ 123.460979993000024, -8.528100007999967 ], [ 123.449039993000042, -8.534630006999976 ], [ 123.443180008000013, -8.553450006999981 ], [ 123.43210999300004, -8.56344000699994 ], [ 123.424379993000116, -8.576780006999968 ], [ 123.41670999300004, -8.576710006999974 ], [ 123.405009993000021, -8.583940006999967 ], [ 123.393079992000025, -8.585900006999964 ], [ 123.388909993000084, -8.583100007999974 ], [ 123.387689993000095, -8.58568000799994 ], [ 123.383119992000047, -8.579920006999942 ], [ 123.36608999300006, -8.573010006999937 ], [ 123.34901999300007, -8.558440007999934 ], [ 123.349799992000044, -8.554010007999977 ], [ 123.343489992000059, -8.54023000799998 ], [ 123.329339992000087, -8.536430006999979 ] ] ], [ [ [ 122.321206771000107, -8.346030423999935 ], [ 122.322860500000047, -8.350833491999936 ], [ 122.304761819000078, -8.368438917999981 ], [ 122.299297820000106, -8.368479451999974 ], [ 122.299005974000011, -8.365277256999946 ], [ 122.29458313900011, -8.363615838999976 ], [ 122.285594754000044, -8.368496678999975 ], [ 122.275469289000057, -8.366384367999956 ], [ 122.284670946, -8.354344046999927 ], [ 122.298812926000096, -8.356568635999963 ], [ 122.31202689600002, -8.345067700999948 ], [ 122.321206771000107, -8.346030423999935 ] ] ], [ [ [ 122.952280693000034, -8.352098835999925 ], [ 122.951767981000103, -8.350730398999929 ], [ 122.952691338000022, -8.350756991999958 ], [ 122.952280693000034, -8.352098835999925 ] ] ], [ [ [ 122.338037367000084, -8.352271833999964 ], [ 122.332631278, -8.349694144999944 ], [ 122.342665293000096, -8.347798857999976 ], [ 122.342830219, -8.350943620999942 ], [ 122.338037367000084, -8.352271833999964 ] ] ], [ [ [ 122.783244139000089, -8.326614233999976 ], [ 122.783302112000115, -8.325940636999974 ], [ 122.783639132000076, -8.326301072999968 ], [ 122.783244139000089, -8.326614233999976 ] ] ], [ [ [ 121.685422026000083, -8.304629070999965 ], [ 121.695306488000028, -8.296283686999971 ], [ 121.707073705000084, -8.293011279999973 ], [ 121.731258137000054, -8.299645748999978 ], [ 121.745048940000061, -8.327855922999959 ], [ 121.74017880800011, -8.345108296999967 ], [ 121.725318494000021, -8.354656551999938 ], [ 121.710166802000117, -8.355074941999931 ], [ 121.690682252000101, -8.350077610999961 ], [ 121.67568265400007, -8.337263620999977 ], [ 121.675582392000024, -8.321954896999955 ], [ 121.680984105000107, -8.312473881999949 ], [ 121.685803060000012, -8.310568713999942 ], [ 121.685422026000083, -8.304629070999965 ] ] ], [ [ [ 123.028401883000015, -8.312082023999949 ], [ 123.041142960000116, -8.304860116999976 ], [ 123.045387837000021, -8.298514350999938 ], [ 123.058109945000069, -8.293409975999964 ], [ 123.079521327000066, -8.274665269999957 ], [ 123.089504944000055, -8.27579914699993 ], [ 123.109181679000017, -8.26517335099993 ], [ 123.126817586000016, -8.245903772999952 ], [ 123.142292601, -8.239396772999953 ], [ 123.141983117000109, -8.233772772999941 ], [ 123.148870539000086, -8.232162366999944 ], [ 123.160264758000039, -8.241413694999949 ], [ 123.181820836000043, -8.240470990999938 ], [ 123.184793414000069, -8.23592625699996 ], [ 123.192340476000027, -8.233840459999954 ], [ 123.196122445000015, -8.224763960999951 ], [ 123.203859273000035, -8.226457334999964 ], [ 123.210177445000113, -8.224133538999979 ], [ 123.213716351000016, -8.23162449199998 ], [ 123.211878846000104, -8.238574794999977 ], [ 123.220578273000115, -8.244049132999976 ], [ 123.227706024000099, -8.240214428999934 ], [ 123.227164164000101, -8.23319211699993 ], [ 123.231711023000116, -8.228568476999953 ], [ 123.243300712000064, -8.225595787999964 ], [ 123.254081414000098, -8.23294300699996 ], [ 123.255896102000065, -8.240430740999955 ], [ 123.261425321000047, -8.238320334999969 ], [ 123.26617585200006, -8.245280381999976 ], [ 123.276195438000059, -8.25053322399998 ], [ 123.279224821000071, -8.24383925799998 ], [ 123.2805357740001, -8.247919959999933 ], [ 123.28962118000004, -8.250729335999949 ], [ 123.301052493000043, -8.246317115999943 ], [ 123.314032743000098, -8.256317709999962 ], [ 123.321625149000056, -8.257658506999974 ], [ 123.322935523000069, -8.254615053999942 ], [ 123.333826680000016, -8.264327365999975 ], [ 123.331804446000092, -8.274705835999953 ], [ 123.323679055000071, -8.279447491999974 ], [ 123.323337102000096, -8.284798678999948 ], [ 123.313549414000022, -8.293588709999938 ], [ 123.305100258000039, -8.296306647999927 ], [ 123.303273493, -8.327260834999947 ], [ 123.307689742000093, -8.360367116999953 ], [ 123.297526946000062, -8.374694850999958 ], [ 123.297298712000043, -8.38437825699998 ], [ 123.286307524000108, -8.392220288999965 ], [ 123.280386055, -8.391803522999965 ], [ 123.276194587000077, -8.395399897999937 ], [ 123.241431989000034, -8.393086998999934 ], [ 123.230274242000064, -8.396332100999928 ], [ 123.217475164, -8.387273397999934 ], [ 123.179022758000087, -8.385151241999949 ], [ 123.166965664000031, -8.391595913999936 ], [ 123.156183352000085, -8.389280131999953 ], [ 123.148657273000026, -8.391846084999941 ], [ 123.129140102000065, -8.390773335999938 ], [ 123.109235227000113, -8.402755929999955 ], [ 123.089132976000087, -8.404571726999961 ], [ 123.078950508000048, -8.401972944999955 ], [ 123.069722039000112, -8.411699788999954 ], [ 123.064132086000086, -8.411722116999954 ], [ 123.060492305000025, -8.406001381999943 ], [ 123.061879617000045, -8.402226538999969 ], [ 123.056833930000039, -8.403630366999948 ], [ 123.053175054, -8.398283538999976 ], [ 123.04726383600007, -8.40170067899993 ], [ 123.045190288000072, -8.399336413999947 ], [ 123.042269945000044, -8.401460929999928 ], [ 123.032842679000055, -8.399654319999968 ], [ 123.023221430000035, -8.404065960999958 ], [ 123.018918367000083, -8.402464709999947 ], [ 123.005977929000096, -8.412678960999926 ], [ 123.00051333600004, -8.409580287999972 ], [ 122.996799134000071, -8.400923776999946 ], [ 123.002069039000048, -8.38992167899994 ], [ 122.998787083000025, -8.368836059999978 ], [ 123.009029164000026, -8.349922163999963 ], [ 123.010238992000041, -8.338988382999958 ], [ 123.017098508000117, -8.335044819999951 ], [ 123.019878664000089, -8.325157569999931 ], [ 123.027452742000037, -8.319344069999943 ], [ 123.028401883000015, -8.312082023999949 ] ] ], [ [ [ 123.841741899000112, -8.283419881999976 ], [ 123.841455024000084, -8.283037787999945 ], [ 123.842059493000079, -8.283365022999931 ], [ 123.841741899000112, -8.283419881999976 ] ] ], [ [ [ 123.863075540000068, -8.276883397999939 ], [ 123.862429196000107, -8.276301334999971 ], [ 123.863131680000038, -8.276788803999978 ], [ 123.863075540000068, -8.276883397999939 ] ] ], [ [ [ 123.327738602000068, -8.248437553999963 ], [ 123.332871743000055, -8.254939569999976 ], [ 123.32780144600008, -8.252185990999976 ], [ 123.327738602000068, -8.248437553999963 ] ] ], [ [ [ 123.339116914000101, -8.254047147999927 ], [ 123.336062961000039, -8.256155272999933 ], [ 123.331595618000051, -8.249943944999927 ], [ 123.333335539000018, -8.246018491999962 ], [ 123.339116914000101, -8.254047147999927 ] ] ], [ [ [ 123.291951133000111, -8.247741100999974 ], [ 123.292713977000062, -8.246432100999925 ], [ 123.292281696000032, -8.248041568999952 ], [ 123.291951133000111, -8.247741100999974 ] ] ], [ [ [ 123.279133852000086, -8.241641287999926 ], [ 123.278336602000081, -8.243236428999978 ], [ 123.277046399000028, -8.239728662999937 ], [ 123.279133852000086, -8.241641287999926 ] ] ], [ [ [ 123.322619758000087, -8.235732428999938 ], [ 123.323334758000101, -8.237242913999978 ], [ 123.323056180000094, -8.237553710999975 ], [ 123.322619758000087, -8.235732428999938 ] ] ], [ [ [ 123.321777165000071, -8.23277083499994 ], [ 123.323573180000039, -8.231709147999936 ], [ 123.322515743000054, -8.233929506999971 ], [ 123.321777165000071, -8.23277083499994 ] ] ], [ [ [ 123.022435680000058, -8.150738678999971 ], [ 123.021571617000063, -8.149673944999961 ], [ 123.022698945000116, -8.150686709999945 ], [ 123.022435680000058, -8.150738678999971 ] ] ], [ [ [ 122.136013032000051, -8.109323160999963 ], [ 122.130573963000074, -8.122091524999973 ], [ 122.119247550000068, -8.119125438999959 ], [ 122.109617111000034, -8.123466233999977 ], [ 122.104319995000083, -8.121075434999966 ], [ 122.109901018000073, -8.113021428999957 ], [ 122.12187743000004, -8.112341544999936 ], [ 122.131664765000096, -8.107716841999945 ], [ 122.136013032000051, -8.109323160999963 ] ] ], [ [ [ 123.575399059, -7.785307613999976 ], [ 123.588353061000021, -7.778969192999966 ], [ 123.601473134000116, -7.781383411999968 ], [ 123.595579708000059, -7.787660818999939 ], [ 123.595490166000104, -7.802899157999946 ], [ 123.590320708000036, -7.804716994999978 ], [ 123.583454460000098, -7.798533026999962 ], [ 123.577900096, -7.799260894999975 ], [ 123.575902565000092, -7.791496889999962 ], [ 123.57828535200008, -7.788708965999945 ], [ 123.575399059, -7.785307613999976 ] ] ] ] } }
]
}
