{
"type": "FeatureCollection",
"name": "gik_reports",
"features": [
{ "type": "Feature", "properties": { "region": "Pering", "location": "Pering, Desa Satar Barat, Kecamatan Lamba Leda Utara. Kabupaten Manggarai Timur", "households": 3, "people": "6 Orang", "needs": "Butuh Beras, Selimut, Minyak goreng, Susu, dan perlengkapan Mandi n obat2an", "reporter": "Siti Nurwahidah", "contact": "81275523914", "photo": "0cfb6e92b3e916d046eb8d10c8ac566d.jpg", "status": "Belum Ditangani", "notes": "" }, "geometry": { "type": "Point", "coordinates": [ 120.484262, -8.32108 ] } },
{ "type": "Feature", "properties": { "region": "Manggarai", "location": "KUWU,DESA NENU, KEC. CIBAL. RT 008 RW 004", "households": 8, "people": "25", "needs": "Beras 80 kg, selimut, obat nyamuk, mie instan, telur,susu.", "reporter": "Flaviana Rini Mamu", "contact": "+62 812-3422-6709", "photo": "ad524871cec534bc554336f96f211929.jpg", "status": "Belum Ditangani", "notes": "" }, "geometry": { "type": "Point", "coordinates": [ 120.45752, -8.544787 ] } },
{ "type": "Feature", "properties": { "region": "NTT", "location": "Desa Satar kampas, kecamatan Lamba Leda, kabupaten Manggarai Timur", "households": 1, "people": "5", "needs": "• Tenda\r\n• Beras\r\n• Makanan instan\r\n• Air mineral\r\n• Perbaikan Rumah", "reporter": "Akbar", "contact": "85602552446", "photo": "c2b1f53bcf5464452cd08b47b75544bc.jpg", "status": "Belum Ditangani", "notes": "" }, "geometry": { "type": "Point", "coordinates": [ 120.565268, -8.300221 ] } },
{ "type": "Feature", "properties": { "region": "Manggarai barat", "location": "Warsawe desa cunca wulang kecamatan mbeling", "households": 2, "people": "3", "needs": "Pasir ,semen, beras selimut", "reporter": "Bonavantura sakung", "contact": "82114507624", "photo": "55395f0e4a670e73d5bc6ee7e5ef17bc.jpg", "status": "Belum Ditangani", "notes": "" }, "geometry": { "type": "Point", "coordinates": [ 120.015258, -8.564232 ] } },
{ "type": "Feature", "properties": { "region": "Manggarai barat", "location": "Warsawe desa cunca wulang kecamatan mbeling", "households": 2, "people": "3", "needs": "Pasir ,semen, beras selimut", "reporter": "Bonavantura sakung", "contact": "82114507624", "photo": "e75d5755be27dec7cabb3975663af89a.jpg", "status": "Belum Ditangani", "notes": "" }, "geometry": { "type": "Point", "coordinates": [ 120.015258, -8.564232 ] } },
{ "type": "Feature", "properties": { "region": "Manggarai barat", "location": "Warsawe desa cunca wulang kecamatan mbeling", "households": 2, "people": "3", "needs": "Pasir ,semen, beras selimut", "reporter": "Bonavantura sakung", "contact": "82114507624", "photo": "4754ae28e6be33d48185cf8e358baf84.jpg", "status": "Belum Ditangani", "notes": "" }, "geometry": { "type": "Point", "coordinates": [ 120.015258, -8.564232 ] } },
{ "type": "Feature", "properties": { "region": "Manggarai barat", "location": "Warsawe desa cunca wulang kecamatan mbeling", "households": 2, "people": "3", "needs": "Pasir ,semen, beras selimut", "reporter": "Bonavantura sakung", "contact": "82114507624", "photo": "096a4f0b1ea04ac1a1999516b5c06246.jpg", "status": "Belum Ditangani", "notes": "" }, "geometry": { "type": "Point", "coordinates": [ 120.015258, -8.564232 ] } },
{ "type": "Feature", "properties": { "region": "NTT", "location": "Nusa Tenggara Timur (NTT), Kabupaten Manggarai Timur, Kecamatan Lamba Leda Utara, Desa Satar Punda", "households": 3, "people": "3", "needs": "Beras 50 kg,telur,mie,baju/celana,susu, minyak goreng", "reporter": "Paskalis Boy", "contact": "85259435582", "photo": "506556ba7b6efdb6506f0770db2ef4db.jpg", "status": "Belum Ditangani", "notes": "" }, "geometry": { "type": "Point", "coordinates": [ 120.517543, -8.322778 ] } },
{ "type": "Feature", "properties": { "region": "Pong Lao", "location": "Desa/kelurahan:Pong Lao\r\nKecamatan     : Ruteng\r\nKabupaten/kota:Manggarai\r\nProvinsi      : Nusa Tenggara Timur", "households": 8, "people": "8", "needs": "- Beras", "reporter": "MARIA VALENTINA PADUT", "contact": "82340752308", "photo": "cec6f10d273a8bcda505771b6c65e92a.jpg", "status": "Belum Ditangani", "notes": "" }, "geometry": { "type": "Point", "coordinates": [ 120.372586, -8.628207 ] } },
{ "type": "Feature", "properties": { "region": "Pong Lao", "location": "Desa/kelurahan:Pong Lao\r\nKecamatan     : Ruteng\r\nKabupaten/kota:Manggarai\r\nProvinsi      : Nusa Tenggara Timur", "households": 8, "people": "8", "needs": "- Beras", "reporter": "MARIA VALENTINA PADUT", "contact": "82340752308", "photo": "ef1c3e2c9588cf4089c71f9baced2cc2.jpg", "status": "Belum Ditangani", "notes": "" }, "geometry": { "type": "Point", "coordinates": [ 120.372586, -8.628207 ] } },
{ "type": "Feature", "properties": { "region": "Pong Lao", "location": "Desa/kelurahan:Pong Lao\r\nKecamatan     : Ruteng\r\nKabupaten/kota:Manggarai\r\nProvinsi      : Nusa Tenggara Timur", "households": 8, "people": "8", "needs": "- Beras", "reporter": "MARIA VALENTINA PADUT", "contact": "82340752308", "photo": "e0e9b38e57e680d453a55cf5dbc5db93.jpg", "status": "Belum Ditangani", "notes": "" }, "geometry": { "type": "Point", "coordinates": [ 120.372586, -8.628207 ] } },
{ "type": "Feature", "properties": { "region": "Pong Lao", "location": "Desa/kelurahan:Pong Lao\r\nKecamatan     : Ruteng\r\nKabupaten/kota:Manggarai\r\nProvinsi      : Nusa Tenggara Timur", "households": 8, "people": "8", "needs": "- Beras", "reporter": "MARIA VALENTINA PADUT", "contact": "82340752308", "photo": "66fe1b9bb9bc465b3fe0a4e2d96e1e7f.jpg", "status": "Belum Ditangani", "notes": "" }, "geometry": { "type": "Point", "coordinates": [ 120.372586, -8.628207 ] } },
{ "type": "Feature", "properties": { "region": "Pong Lao", "location": "Desa/kelurahan:Pong Lao\r\nKecamatan     : Ruteng\r\nKabupaten/kota:Manggarai\r\nProvinsi      : Nusa Tenggara Timur", "households": 8, "people": "8", "needs": "- Beras", "reporter": "MARIA VALENTINA PADUT", "contact": "82340752308", "photo": "5d87ef6873dbc661d9bbcfa0e6190c77.jpg", "status": "Belum Ditangani", "notes": "" }, "geometry": { "type": "Point", "coordinates": [ 120.372586, -8.628207 ] } },
{ "type": "Feature", "properties": { "region": "Pong Lao", "location": "Desa/kelurahan:Pong Lao\r\nKecamatan     : Ruteng\r\nKabupaten/kota:Manggarai\r\nProvinsi      : Nusa Tenggara Timur", "households": 8, "people": "8", "needs": "- Beras", "reporter": "MARIA VALENTINA PADUT", "contact": "82340752308", "photo": "7fb0f2764b7378e669f5ae58732ba6ec.jpg", "status": "Belum Ditangani", "notes": "" }, "geometry": { "type": "Point", "coordinates": [ 120.372586, -8.628207 ] } },
{ "type": "Feature", "properties": { "region": "Pong Lao", "location": "Desa/kelurahan:Pong Lao\r\nKecamatan     : Ruteng\r\nKabupaten/kota:Manggarai\r\nProvinsi      : Nusa Tenggara Timur", "households": 8, "people": "8", "needs": "- Beras", "reporter": "MARIA VALENTINA PADUT", "contact": "82340752308", "photo": "b6e01bb4735ddee02220abc0625db65f.jpg", "status": "Belum Ditangani", "notes": "" }, "geometry": { "type": "Point", "coordinates": [ 120.372586, -8.628207 ] } },
{ "type": "Feature", "properties": { "region": "Pong Lao", "location": "Desa/kelurahan:Pong Lao\r\nKecamatan     : Ruteng\r\nKabupaten/kota:Manggarai\r\nProvinsi      : Nusa Tenggara Timur", "households": 8, "people": "8", "needs": "- Beras", "reporter": "MARIA VALENTINA PADUT", "contact": "82340752308", "photo": "727bde4fcff2e8ef92ba3097fe9a126e.jpg", "status": "Belum Ditangani", "notes": "" }, "geometry": { "type": "Point", "coordinates": [ 120.372586, -8.628207 ] } },
{ "type": "Feature", "properties": { "region": "Pong Lao", "location": "Desa/kelurahan:Pong Lao\r\nKecamatan     : Ruteng\r\nKabupaten/kota:Manggarai\r\nProvinsi      : Nusa Tenggara Timur", "households": 8, "people": "8", "needs": "- Beras", "reporter": "MARIA VALENTINA PADUT", "contact": "82340752308", "photo": "afd90da91e3b4b58c83d346e0e469856.jpg", "status": "Belum Ditangani", "notes": "" }, "geometry": { "type": "Point", "coordinates": [ 120.372586, -8.628207 ] } },
{ "type": "Feature", "properties": { "region": "Dusun Mataroang, Desa Lewat", "location": "Dusun Mataroang, Desa Lewat, Kec. Macang Pacar, Kab. Manggarai Barat", "households": 1, "people": "5", "needs": "Obat-obatan, selimut, sembako, matrial pembuat rumah", "reporter": "Saferius Dihutman", "contact": "81225472712", "photo": "335cf02d15a948afba5f4352205efd26.png", "status": "Belum Ditangani", "notes": "" }, "geometry": { "type": "Point", "coordinates": [ 120.276724, -8.409233 ] } },
{ "type": "Feature", "properties": { "region": "Nagekeo", "location": "Nagekeo, mbay , aesea tonggurambang", "households": 3, "people": "7", "needs": "", "reporter": "Askarudin", "contact": "82145959092", "photo": "", "status": "Belum Ditangani", "notes": "" }, "geometry": { "type": "Point", "coordinates": [ 121.282138, -8.500113 ] } },
{ "type": "Feature", "properties": { "region": "Nagekeo", "location": "Nagekeo, mbay,aesesa, tonggurambang", "households": 3, "people": "7", "needs": "Butuh makan", "reporter": "Askarudin", "contact": "82145959092", "photo": "934f53dd35027faaaa1695889538c3c8.jpg", "status": "Belum Ditangani", "notes": "" }, "geometry": { "type": "Point", "coordinates": [ 121.282138, -8.500113 ] } },
{ "type": "Feature", "properties": { "region": "Mendo, Desa Golo Mendo", "location": "DESA GOLO MENDO\r\nKec. Wae Rii, Kab. Manggarai, NTT 86594\r\nLuas: 3,59 km² | Penduduk: 1.019 jiwa | 17 Desa di Kec. Wae Rii\r\nFasilitas: SD Inpres Mendo, SPS\r\nKondisi Saat Ini: Ada warga mengungsi karena gempa\r\nJumlah korban : 279 KK\r\nData rumah rusak berat:", "households": 279, "people": "1.0189999999999999", "needs": "Beras, terpal untuk tenda, selimut, telur,obat obatan, makanan ringan", "reporter": "Tresia Florensa Limung", "contact": "81364305980", "photo": "7bdeac24a831c790be9d6934613b776c.jpg", "status": "Belum Ditangani", "notes": "" }, "geometry": { "type": "Point", "coordinates": [ 120.479433, -8.587945 ] } },
{ "type": "Feature", "properties": { "region": "Dusun Pateng, Desa Lewat", "location": "Dusun Pateng, Desa Lewat, Kec. Macang Pacar, Kab. Manggarai Barat", "households": 1, "people": "4", "needs": "Obat-obatan, sembako, matrial penyusun rumah, terpal", "reporter": "Marselinus Gapi", "contact": "81225472712", "photo": "e4575df4a35151f5848e3ed6a6260761.png", "status": "Belum Ditangani", "notes": "" }, "geometry": { "type": "Point", "coordinates": [ 120.275232, -8.391578 ] } },
{ "type": "Feature", "properties": { "region": "Dusun Pateng, Desa Lewat", "location": "Dusun Pateng, Desa Lewat, Kec. Macang Pacar, Kab. Manggarai Barat", "households": 1, "people": "4", "needs": "Obat-obatan, sembako, matrial penyusun rumah", "reporter": "Gonsaga Jelahur", "contact": "81353604134", "photo": "43693940d28dfd34dda8b43ad27f1065.png", "status": "Belum Ditangani", "notes": "" }, "geometry": { "type": "Point", "coordinates": [ 120.274079, -8.394755 ] } },
{ "type": "Feature", "properties": { "region": "Manggarai Barat", "location": "Desa Rego, Kec. Macang Pacar, Kab. Manggarai Barat", "households": 2, "people": "5", "needs": "Sembako, selimut dan obat-obatan", "reporter": "saverinus suwarno", "contact": "81236051544", "photo": "1931b984f3d6a71a522401909d6bc779.jpg", "status": "Belum Ditangani", "notes": "" }, "geometry": { "type": "Point", "coordinates": [ 120.60791, -8.499933 ] } },
{ "type": "Feature", "properties": { "region": "Manggarai Barat", "location": "Desa Rego, Kec. Macang Pacar, Kab. Manggarai Barat", "households": 2, "people": "5", "needs": "Sembako, selimut dan obat-obatan", "reporter": "saverinus suwarno", "contact": "81236051544", "photo": "52f8ce12b9be3d70a235bcc6bb1b85d4.jpg", "status": "Belum Ditangani", "notes": "" }, "geometry": { "type": "Point", "coordinates": [ 120.60791, -8.499933 ] } },
{ "type": "Feature", "properties": { "region": "Ruteng, Manggarai,NTT", "location": "Sebelum gapura bandara ,di Samping kantor TWA RT/RW 016 /005 Ruteng Manggarai", "households": 3, "people": "7", "needs": "Butuh beras 50 kg,susu bayi,Pampers,minyak goreng,minyak tanah.", "reporter": "Ade Muktiana kelilauw", "contact": "87751277879", "photo": "67b6c5d17be4ddac69657ce23374a86f.jpg", "status": "Belum Ditangani", "notes": "" }, "geometry": { "type": "Point", "coordinates": [ 120.478063, -8.599162 ] } },
{ "type": "Feature", "properties": { "region": "Ruteng, Manggarai,NTT", "location": "Sebelum gapura bandara ,di Samping kantor TWA RT/RW 016 /005 Ruteng Manggarai", "households": 3, "people": "7", "needs": "Butuh beras 50 kg,susu bayi,Pampers,minyak goreng,minyak tanah.", "reporter": "Ade Muktiana kelilauw", "contact": "87751277879", "photo": "48478c1d659fe21c8d2a0b5ac05e6cae.jpg", "status": "Belum Ditangani", "notes": "" }, "geometry": { "type": "Point", "coordinates": [ 120.478063, -8.599162 ] } },
{ "type": "Feature", "properties": { "region": "Dusun Pateng, Desa Lewat", "location": "Dusun Pateng, Desa Lewat, Kec. Macang Pacar, Kab. Manggarai Barat", "households": 2, "people": "7", "needs": "Obat-obatan, sembako, bahan bangunan", "reporter": "Bernadus Ngadu", "contact": "81225472712", "photo": "e5098787e7c2db46d96b1e2628f712b7.png", "status": "Belum Ditangani", "notes": "" }, "geometry": { "type": "Point", "coordinates": [ 120.273419, -8.394866 ] } },
{ "type": "Feature", "properties": { "region": "Dusun Lewat, Desa Lewat", "location": "Dusun Lewat, Desa Lewat, Kec. Macang Pacar, Kab. Manggarai Barat", "households": 1, "people": "3", "needs": "Obat-obatan luka, selimut, sembako", "reporter": "Rofinus Mada", "contact": "81239500558", "photo": "d7c4cd8dc92ef09cfe5ae2dde9341a92.png", "status": "Belum Ditangani", "notes": "" }, "geometry": { "type": "Point", "coordinates": [ 120.26284, -8.433255 ] } },
{ "type": "Feature", "properties": { "region": "Dusun Lewat, Desa Lewat", "location": "Dusun Lewat, Desa Lewat, Kec. Macang Pacar, Kab. Manggarai Barat", "households": 1, "people": "5", "needs": "1. Obat-obatan\r\n2. Sembako\r\n3. Material pembuatan rumah", "reporter": "Saverinus Fidelis", "contact": "81225472712", "photo": "912f3a902be8e9a27ded64d5582dc3c5.png", "status": "Belum Ditangani", "notes": "" }, "geometry": { "type": "Point", "coordinates": [ 120.266188, -8.434825 ] } },
{ "type": "Feature", "properties": { "region": "Dusun Pateng, Desa Lewat", "location": "Dusun Pateng, Desa Lewat, Kec. Macang Pacar, Kab Manggarai Barat", "households": 1, "people": "5", "needs": "• Sembako\r\n• Selimut\r\n• Pakaian\r\n• Terpal", "reporter": "Thomas Ofni Sonny Pratama", "contact": "81225472712", "photo": "18253031db00b476ce8ffbf75dada923.jpeg", "status": "Belum Ditangani", "notes": "" }, "geometry": { "type": "Point", "coordinates": [ 120.278682, -8.393127 ] } },
{ "type": "Feature", "properties": { "region": "Kabupaten Manggarai-NTT", "location": "Munta, Desa Bangka Ara, Kecamatan Cibal Barat, Kabupaten Manggarai-NTT", "households": 1, "people": "5", "needs": "Bahan bangunan, sembako, selimut, terpal", "reporter": "Hubertus Suhami", "contact": "85239336623", "photo": "720f6f6d1bd63fd10ee4d3a543628487.jpg", "status": "Belum Ditangani", "notes": "" }, "geometry": { "type": "Point", "coordinates": [ 120.446574, -8.5122 ] } },
{ "type": "Feature", "properties": { "region": "Kabupaten Manggarai Desa Bajak", "location": "Kampung Waepesi, Desa Bajak, Kecamatan Reok, Kabupaten Manggarai", "households": 102, "people": "200 jiwa", "needs": "Butuh beras 300 KG, terpal pengungsian, obat obatan, susu, telur, selimut, kelambu anti nyamuk", "reporter": "Claudio Putra Yomaisu", "contact": "+62 821-4674-2592", "photo": "a29b8c97d107bef8d5c47e3682e032c0.jpg", "status": "Belum Ditangani", "notes": "" }, "geometry": { "type": "Point", "coordinates": [ 120.471574, -8.389952 ] } },
{ "type": "Feature", "properties": { "region": "Kabupaten manggarai timur", "location": "Lamba leda", "households": 2, "people": "5", "needs": "Beras 50 kg, mie, telur, terpal, obat, air minum bersih, minyak goreng, selimut", "reporter": "Gregorius adcuan", "contact": "85964158512", "photo": "3de30ddd1979b2a6807412bb3804e0d8.jpg", "status": "Belum Ditangani", "notes": "" }, "geometry": { "type": "Point", "coordinates": [ 120.682068, -8.578265 ] } },
{ "type": "Feature", "properties": { "region": "Pinggang,desa pinggang,kecamatan cibal,kabupaten Manggarai,provinsi Nusa tenggara timur", "location": "Pinggang,desa pinggang,kecamatan cibal,kab,Manggarai,nusa tenggara timur", "households": 60, "people": "560", "needs": "Posko penginapan,beras,telur,minyak goreng,susu,mie", "reporter": "Marianus Arsi tawan", "contact": "82322172801", "photo": "f9fda8eb18f16ab06cd662263e56b137.jpg", "status": "Belum Ditangani", "notes": "" }, "geometry": { "type": "Point", "coordinates": [ 120.529614, -8.490548 ] } },
{ "type": "Feature", "properties": { "region": "Manggarai", "location": "Desa pong lengor", "households": 1, "people": "4", "needs": "Beras 50kg,selimut, susu, terlalu, telur, mie, gula.", "reporter": "Selfiana jerni", "contact": "81246230693", "photo": "e3097aa35b9b0ed6ca32a04cc5b152a2.jpg", "status": "Belum Ditangani", "notes": "" }, "geometry": { "type": "Point", "coordinates": [ 120.593262, -8.543277 ] } },
{ "type": "Feature", "properties": { "region": "Manggarai", "location": "Desa pong lengor", "households": 1, "people": "4", "needs": "Beras 50kg,selimut, susu, terlalu, telur, mie, gula.", "reporter": "Selfiana jerni", "contact": "81246230693", "photo": "920c314a0792615fadd1c45f6706c1e6.jpg", "status": "Belum Ditangani", "notes": "" }, "geometry": { "type": "Point", "coordinates": [ 120.593262, -8.543277 ] } },
{ "type": "Feature", "properties": { "region": "Manggarai", "location": "Desa pong lengor", "households": 1, "people": "4", "needs": "Beras 50kg,selimut, susu, terlalu, telur, mie, gula.", "reporter": "Selfiana jerni", "contact": "81246230693", "photo": "f081542fc1667ee3637fe08152bb154f.jpg", "status": "Belum Ditangani", "notes": "" }, "geometry": { "type": "Point", "coordinates": [ 120.593262, -8.543277 ] } },
{ "type": "Feature", "properties": { "region": "Manggarai", "location": "Desa pong lengor", "households": 1, "people": "4", "needs": "Beras 50kg,selimut, susu, terlalu, telur, mie, gula.", "reporter": "Selfiana jerni", "contact": "81246230693", "photo": "185bcbb1794528526a131c1009380f5c.jpg", "status": "Belum Ditangani", "notes": "" }, "geometry": { "type": "Point", "coordinates": [ 120.593262, -8.543277 ] } },
{ "type": "Feature", "properties": { "region": "Manggarai", "location": "Desa pong lengor, kecamatan rahong Utara, kabupaten Manggarai,Nusa Tenggara Timur", "households": 2, "people": "6", "needs": "Beras 50 kg,selimut, terpal,pempers,susu,gula", "reporter": "Gaudensiana Namur", "contact": "81338132378", "photo": "66901c52ccfa4735a6457796feeeb937.jpg", "status": "Belum Ditangani", "notes": "" }, "geometry": { "type": "Point", "coordinates": [ 120.591431, -8.533623 ] } },
{ "type": "Feature", "properties": { "region": "Dusun Nunungongo", "location": "Dusun Nunungongo, desa tengatiba\r\nKecamatan Aesesa Selatan , kab nagekeo", "households": 225, "people": "835", "needs": "Beras 1 ton\r\nAir bersih 10 tangki\r\nSelimut 225\r\nTelur ayam 1000 butir\r\nAir mineral 100 dos", "reporter": "Selestinus pita", "contact": "81239175515", "photo": "f566ac396cb313d0f8dd65fae27839f8.jpg", "status": "Belum Ditangani", "notes": "" }, "geometry": { "type": "Point", "coordinates": [ 121.223971, -8.659971 ] } },
{ "type": "Feature", "properties": { "region": "Nagekeo_Aesesa Selatan", "location": "Tengatiba_Dusun Nunungongo_RT 005/RW 000_Kecamatan Aesesa Selatan", "households": 7, "people": "24 Jiwa", "needs": "1. Tenda (1)\r\n2. Beras (70 Kg)\r\n3. Obat-obatan (vitamin)\r\n4. Selimut (14)\r\n5. Air Minum (7 Galon)\r\n6. Mck (2 Tengki)\r\n7. Telur ayam (7 Papan)", "reporter": "Zakarias Tiba", "contact": "81236477168", "photo": "297cc409c01343ae4f99730de503dbec.jpg", "status": "Belum Ditangani", "notes": "" }, "geometry": { "type": "Point", "coordinates": [ 121.20165, -8.65684 ] } },
{ "type": "Feature", "properties": { "region": "Bajawa-Mataloko", "location": "Were-Bokeka", "households": 1, "people": "3", "needs": "Beras 50 kg dan selimut", "reporter": "Alwisinda Anu", "contact": "81236143912", "photo": "36e405f4e8f5442542803ed6b3a78022.jpg", "status": "Belum Ditangani", "notes": "" }, "geometry": { "type": "Point", "coordinates": [ 121.032965, -8.870537 ] } },
{ "type": "Feature", "properties": { "region": "Manggarai Nusa tenggara Timur", "location": "Loi dusun Nanu desa buar kecamatan rahongutara", "households": 80, "people": "290", "needs": "* Tenda pengungsi\r\n* Sembako", "reporter": "Agustinus gos", "contact": "8214888612", "photo": "a6212875a714500c28a1f555a91d4d59.jpg", "status": "Belum Ditangani", "notes": "" }, "geometry": { "type": "Point", "coordinates": [ 120.525513, -8.44996 ] } },
{ "type": "Feature", "properties": { "region": "Bajawa-Mataloko", "location": "Were-Bokeka", "households": 1, "people": "5", "needs": "Beras 50 kg", "reporter": "Maria Bernadetha Inu", "contact": "81236143912", "photo": "bb146d4870b83e2c2690498bc768653e.jpg", "status": "Belum Ditangani", "notes": "" }, "geometry": { "type": "Point", "coordinates": [ 121.034409, -8.870131 ] } },
{ "type": "Feature", "properties": { "region": "Bajawa-Mataloko", "location": "Were-Bokeka", "households": 1, "people": "5", "needs": "Beras 50 kg", "reporter": "Maria Bernadetha Inu", "contact": "81236143912", "photo": "bb146d4870b83e2c2690498bc768653e.jpg", "status": "Belum Ditangani", "notes": "" }, "geometry": { "type": "Point", "coordinates": [ 121.034409, -8.870131 ] } },
{ "type": "Feature", "properties": { "region": "Kabupaten Nagekeo", "location": "Reko RT 03, Dusun Selalejo I, Desa Selalejo, Kecamatan Mauponggo, Kabupaten Nagekeo, Propinsi NTT", "households": 7, "people": "27", "needs": "Beras 250 Kg, Telur Ayam 7 Papan, Mie 7 Dos, Selimut 27 Lembar", "reporter": "Bernabas Goa", "contact": "81231186092", "photo": "fd42a3e167d5c3d15b990c10a4ce4adc.jpeg", "status": "Belum Ditangani", "notes": "" }, "geometry": { "type": "Point", "coordinates": [ 121.222942, -8.823332 ] } },
{ "type": "Feature", "properties": { "region": "Kabupaten Nagekeo", "location": "Wawibo RT 04, Dusun Selalejo I, Desa Selalejo, Kecamatan Mauponggo, Kabupaten Nagekeo, Propinsi NTT", "households": 7, "people": "22", "needs": "Beras 200 Kg, Telur Ayam 7 Papan, Mie 7 Dos, Selimut 22 Lembar", "reporter": "Bernabas Goa", "contact": "81231186092", "photo": "9cb0fc8374a89542f67f86529fac9e84.jpeg", "status": "Belum Ditangani", "notes": "" }, "geometry": { "type": "Point", "coordinates": [ 121.222942, -8.823332 ] } },
{ "type": "Feature", "properties": { "region": "MANGGARAI", "location": "? Alamat: Dusun Bobong, RT 003 / RW 002\r\nDesa Tengku Lese, Kecamatan Rahong Utara\r\nKabupaten Manggarai", "households": 5, "people": "30", "needs": "Beras , Kopi,Gula, Minyak goreng, terpal dll", "reporter": "ERNESTINA MELATI", "contact": "85314045289", "photo": "c514b361070a32db151b08b435da8069.jpeg", "status": "Belum Ditangani", "notes": "" }, "geometry": { "type": "Point", "coordinates": [ 120.491, -8.638 ] } },
{ "type": "Feature", "properties": { "region": "MANGGARAI", "location": "? Alamat: Dusun Bobong, RT 003 / RW 002\r\nDesa Tengku Lese, Kecamatan Rahong Utara\r\nKabupaten Manggarai", "households": 5, "people": "30", "needs": "Beras , Kopi,Gula, Minyak goreng, terpal dll", "reporter": "ERNESTINA MELATI", "contact": "85314045289", "photo": "73f81fbacfe243218964c51d99c54a7e.jpeg", "status": "Belum Ditangani", "notes": "" }, "geometry": { "type": "Point", "coordinates": [ 120.491, -8.638 ] } },
{ "type": "Feature", "properties": { "region": "Kabupaten Nagekeo", "location": "Kana RT 05, Dusun Selalejo II, Desa Selalejo, Kecamatan Mauponggo, Kabupaten Nagekeo, Propinsi NTT", "households": 4, "people": "19", "needs": "Beras 170 Kg, Telur Ayam 4 Papan, Mie 4 Dos, Selimut 19 Lembar", "reporter": "Bernabas Goa", "contact": "81231186092", "photo": "5a72a308e67b66aa0eac069d71e2e1ab.jpg", "status": "Belum Ditangani", "notes": "" }, "geometry": { "type": "Point", "coordinates": [ 121.222942, -8.823332 ] } },
{ "type": "Feature", "properties": { "region": "Wudi desa wudi", "location": "Wudi,RT/RW.003/002 Desa Wudi Kecamatan Cibal Kab.Manggarai NTT", "households": 6, "people": "30", "needs": "Beras 200 kg,indomie,minyak goreng,gula,telut,selimut,terpal.", "reporter": "Lusy Lisma", "contact": "81238877720", "photo": "", "status": "Belum Ditangani", "notes": "" }, "geometry": { "type": "Point", "coordinates": [ 120.475784, -8.555772 ] } },
{ "type": "Feature", "properties": { "region": "Kabupaten Nagekeo", "location": "Kana RT 05, Dusun Selalejo II, Desa Selalejo, Kecamatan Mauponggo, Kabupaten Nagekeo, Propinsi NTT", "households": 5, "people": "15", "needs": "Beras 140 Kg, Telur Ayam 5 Papan, Mie 5 Dos, Selimut 15 Lembar", "reporter": "Bernabas Goa", "contact": "81231186092", "photo": "5387c9a75791c4f0d03083fc5074fe37.jpg", "status": "Belum Ditangani", "notes": "" }, "geometry": { "type": "Point", "coordinates": [ 121.222942, -8.823332 ] } },
{ "type": "Feature", "properties": { "region": "Kabupaten Nagekeo", "location": "Wolomaso RT 05, Dusun Selalejo II, Desa Selalejo, Kecamatan Mauponggo, Kabupaten Nagekeo, Propinsi NTT", "households": 8, "people": "31", "needs": "Beras 300 Kg, Telur Ayam 8 Papan, Mie 8 Dos, Selimut 31 Lembar", "reporter": "Bernabas Goa", "contact": "81231186092", "photo": "6a6f80214b14ac5f6e034829a0f2eacd.jpg", "status": "Belum Ditangani", "notes": "" }, "geometry": { "type": "Point", "coordinates": [ 121.222377, -8.824432 ] } },
{ "type": "Feature", "properties": { "region": "Wudi desa wudi", "location": "Wudi RT.003/RW.002 Kaung", "households": 1, "people": "5", "needs": "butuh beras 200 kg,selimut,terpal,minyak goreng indomie,telur.", "reporter": "Lusy Lisma", "contact": "81238877720", "photo": "b7e07af32f6c91703fafb1e319facd7d.jpeg", "status": "Belum Ditangani", "notes": "" }, "geometry": { "type": "Point", "coordinates": [ 120.475784, -8.555772 ] } },
{ "type": "Feature", "properties": { "region": "Propinsi NTT", "location": "Kab.manggarai", "households": 1, "people": "5", "needs": "Daftar Kebutuhan Bencana:\r\n\r\n* Rumah (perbaikan)\r\n* Sembako", "reporter": "Martinus jeharu", "contact": "81236130578", "photo": "73554cd5798c6a6361a74f163df03ba1.jpg", "status": "Belum Ditangani", "notes": "" }, "geometry": { "type": "Point", "coordinates": [ 120.475142, -8.603582 ] } },
{ "type": "Feature", "properties": { "region": "Kabupaten Nagekeo", "location": "Aewani RT 05, Dusun Selalejo II, Desa Selalejo, Kecamatan Mauponggo, Kabupaten Nagekeo, Propinsi NTT", "households": 6, "people": "20", "needs": "Beras 150 Kg, Telur Ayam 6 Papan, Mie 6 Dos, Selimut 20 Lembar", "reporter": "Bernabas Goa", "contact": "81231186092", "photo": "198ca6c3ddc7736732a62018f352a705.jpg", "status": "Belum Ditangani", "notes": "" }, "geometry": { "type": "Point", "coordinates": [ 121.222942, -8.823332 ] } },
{ "type": "Feature", "properties": { "region": "MANGGARAI", "location": "Desa Latung, kabupaten Manggarai, Kecamatan Cibal Barat", "households": 2, "people": "7 orang", "needs": "Butuh beras 100 kg, selimut, pakayan, perlengkapan mandi, obat penurun panas batuk flu sakit perut,telur, mie instan,deterjen.", "reporter": "Saverinus Lodos", "contact": "81284007048", "photo": "3a1507c96aa9ae811ff53968e8ad78e3.jpg", "status": "Belum Ditangani", "notes": "" }, "geometry": { "type": "Point", "coordinates": [ 120.52002, -8.434891 ] } },
{ "type": "Feature", "properties": { "region": "MANGGARAI", "location": "Desa Latung, kabupaten Manggarai, Kecamatan Cibal Barat", "households": 2, "people": "7 orang", "needs": "Butuh beras 100 kg, selimut, pakayan, perlengkapan mandi, obat penurun panas batuk flu sakit perut,telur, mie instan,deterjen.", "reporter": "Saverinus Lodos", "contact": "81284007048", "photo": "50220cf17a7b0f239813782252c1bf62.jpg", "status": "Belum Ditangani", "notes": "" }, "geometry": { "type": "Point", "coordinates": [ 120.52002, -8.434891 ] } },
{ "type": "Feature", "properties": { "region": "MANGGARAI", "location": "Desa Latung, kabupaten Manggarai, Kecamatan Cibal Barat", "households": 2, "people": "7 orang", "needs": "Butuh beras 100 kg, selimut, pakayan, perlengkapan mandi, obat penurun panas batuk flu sakit perut,telur, mie instan,deterjen.", "reporter": "Saverinus Lodos", "contact": "81284007048", "photo": "49799b82d2e6e0548672178ab37728b5.jpg", "status": "Belum Ditangani", "notes": "" }, "geometry": { "type": "Point", "coordinates": [ 120.52002, -8.434891 ] } },
{ "type": "Feature", "properties": { "region": "MANGGARAI", "location": "Desa Latung, kabupaten Manggarai, Kecamatan Cibal Barat", "households": 2, "people": "7 orang", "needs": "Butuh beras 100 kg, selimut, pakayan, perlengkapan mandi, obat penurun panas batuk flu sakit perut,telur, mie instan,deterjen.", "reporter": "Saverinus Lodos", "contact": "81284007048", "photo": "83d3f246418952984049a1221ac8ba5f.jpg", "status": "Belum Ditangani", "notes": "" }, "geometry": { "type": "Point", "coordinates": [ 120.52002, -8.434891 ] } },
{ "type": "Feature", "properties": { "region": "Kabupaten Nagekeo", "location": "Kubho RT 06, Dusun Selalejo II, Desa Selalejo, Kecamatan Mauponggo, Kabupaten Nagekeo, Propinsi NTT", "households": 6, "people": "25", "needs": "Beras 230 Kg, Telur Ayam 6 Papan, Mie 6 Dos, Selimut 25 Lembar", "reporter": "Bernabas Goa", "contact": "81231186092", "photo": "b53bd20e9ae25ea6fc113f955a54c8ef.jpg", "status": "Belum Ditangani", "notes": "" }, "geometry": { "type": "Point", "coordinates": [ 121.216885, -8.821741 ] } },
{ "type": "Feature", "properties": { "region": "KAB.ENDE", "location": "Puusambi  Desa Nanganesa Rt/Rw 003/002", "households": 1, "people": "7", "needs": "1.Tenda\r\n2.Beras", "reporter": "Blasius  Ausgarius  Rinda", "contact": "82339977716", "photo": "5bf92969a28436d5b6438c2180860c1b.jpg", "status": "Belum Ditangani", "notes": "" }, "geometry": { "type": "Point", "coordinates": [ 121.704407, -8.643266 ] } },
{ "type": "Feature", "properties": { "region": "KAB.ENDE", "location": "Puusambi  Desa Nanganesa Rt/Rw 003/002", "households": 1, "people": "7", "needs": "1.Tenda\r\n2.Beras", "reporter": "Blasius  Ausgarius  Rinda", "contact": "82339977716", "photo": "1bcc36f0de7e4e5dc81d5e7ca425e361.jpg", "status": "Belum Ditangani", "notes": "" }, "geometry": { "type": "Point", "coordinates": [ 121.704407, -8.643266 ] } },
{ "type": "Feature", "properties": { "region": "Kabupaten Nagekeo", "location": "Kubho RT 06, Dusun Selalejo II, Desa Selalejo, Kecamatan Mauponggo, Kabupaten Nagekeo, Propinsi NTT", "households": 6, "people": "24", "needs": "Beras 220 Kg, Telur Ayam 6 Papan,Mie 6 Dos, Selimut 24 Lembar", "reporter": "Bernabas Goa", "contact": "81231186092", "photo": "aa6f8056b91e28809fb92022f8241b54.jpg", "status": "Belum Ditangani", "notes": "" }, "geometry": { "type": "Point", "coordinates": [ 121.222942, -8.823332 ] } },
{ "type": "Feature", "properties": { "region": "Kabupaten Nagekeo", "location": "Kubho RT 06, Dusun Selalejo II, Desa Selalejo, Kecamatan Mauponggo, Kabupaten Nagekeo, Propinsi NTT", "households": 5, "people": "22", "needs": "Beras 200 Kg, Telur Ayam 5 Papan, Mie 5 Dos,Selimut 22 Lembar", "reporter": "Bernabas Goa", "contact": "81231186092", "photo": "cc3567fc77035d12cf6ad3cb1a2d82b6.jpg", "status": "Belum Ditangani", "notes": "" }, "geometry": { "type": "Point", "coordinates": [ 121.222347, -8.825779 ] } },
{ "type": "Feature", "properties": { "region": "Kabupaten Nagekeo", "location": "Wolotoba RT 06, Dusun Selalejo II, Desa Selalejo, Kecamatan Mauponggo, Kabupaten Nagekeo, Propinsi NTT", "households": 5, "people": "19", "needs": "Beras 180 Kg, Telur Ayam 5 Papan ,Mie 5 Dos,Selimut 19 Lembar", "reporter": "Bernabas Goa", "contact": "81231186092", "photo": "61ad696aa6b38d6fda6e0404e1265a55.jpg", "status": "Belum Ditangani", "notes": "" }, "geometry": { "type": "Point", "coordinates": [ 121.222942, -8.823332 ] } },
{ "type": "Feature", "properties": { "region": "Kabupaten Nagekeo", "location": "Wolotoba RT 06, Dusun Selalejo II, Desa Selalejo, Kecamatan Mauponggo, Kabupaten Nagekeo, Propinsi NTT", "households": 5, "people": "16", "needs": "Beras 150 Kg,Telur Ayam 5 Papan, Mie 5 Dos,Selimut 16 Lembar", "reporter": "Bernabas Goa", "contact": "81231186092", "photo": "dccb234cf95be7ed83fb3fab90b5f001.jpg", "status": "Belum Ditangani", "notes": "" }, "geometry": { "type": "Point", "coordinates": [ 121.222942, -8.823332 ] } },
{ "type": "Feature", "properties": { "region": "Kabupaten Nagekeo", "location": "Wolowayu RT 07, Dusun Selalejo III, Desa Selalejo, Kecamatan Mauponggo, Kabupaten Nagekeo, Propinsi NTT", "households": 2, "people": "10", "needs": "Beras 100 Kg, Telur Ayam 2 Papan,Mie 2 Dos, Selimut 10 Lembar", "reporter": "Bernabas Goa", "contact": "81231186092", "photo": "73e4ec98418bf45a6390428588188a2d.jpg", "status": "Belum Ditangani", "notes": "" }, "geometry": { "type": "Point", "coordinates": [ 121.222942, -8.823332 ] } },
{ "type": "Feature", "properties": { "region": "Kabupaten Nagekeo", "location": "Wolowayu RT 07, Dusun Selalejo III, Desa Selalejo, Kecamatan Mauponggo, Kabupaten Nagekeo, Propinsi NTT", "households": 5, "people": "17", "needs": "Beras 150 Kg, Telur Ayam 5 Papan, Mie 5 Dos, Selimut 17 Lembar", "reporter": "Bernabas Goa", "contact": "81231186092", "photo": "4bb2f997247dbb701339a8cf8bf163c1.jpg", "status": "Belum Ditangani", "notes": "" }, "geometry": { "type": "Point", "coordinates": [ 121.222942, -8.823332 ] } },
{ "type": "Feature", "properties": { "region": "Kabupaten Nagekeo", "location": "Wolowayu RT 08, Dusun Selalejo III, Desa Selalejo, Kecamatan Mauponggo, Kabupaten Nagekeo, Propinsi NTT", "households": 5, "people": "24", "needs": "Beras 200 Kg, Telur Ayam 5 Papan,Mie 5 Dos,Selimut 24 Lembar", "reporter": "Bernabas Goa", "contact": "81231186092", "photo": "b1b68ec42e1c24f0ff55b9ce6cf154e1.jpg", "status": "Belum Ditangani", "notes": "" }, "geometry": { "type": "Point", "coordinates": [ 121.222942, -8.823332 ] } },
{ "type": "Feature", "properties": { "region": "Nagekeo", "location": "RT.08 Kel.Natanage kec.boawae", "households": 1, "people": "4", "needs": "Kebutuhan:tenda,matras,selimut bahan pangan dan obatobatan", "reporter": "Emiliana", "contact": "82176522017", "photo": "20ceca319029dd8dedc9e9c510d1e07d.jpg", "status": "Belum Ditangani", "notes": "" }, "geometry": { "type": "Point", "coordinates": [ 121.162319, -8.783162 ] } },
{ "type": "Feature", "properties": { "region": "Kabupaten Nagekeo", "location": "Wolowayu RT 07, Dusun Selalejo III, Desa Selalejo, Kecamatan Mauponggo, Kabupaten Nagekeo, Propinsi NTT", "households": 5, "people": "19", "needs": "Beras 180 Kg, Telur Ayam 5 Papan,Mie 5 Dos, Selimut 19 Lembar", "reporter": "Bernabas Goa", "contact": "81231186092", "photo": "9687c750f0b9cf131de820971478d2bc.jpg", "status": "Belum Ditangani", "notes": "" }, "geometry": { "type": "Point", "coordinates": [ 121.222942, -8.823332 ] } },
{ "type": "Feature", "properties": { "region": "Kabupaten Nagekeo", "location": "Wolowayu RT 08, Dusun Selalejo III, Desa Selalejo, Kecamatan Mauponggo, Kabupaten Nagekeo, Propinsi NTT", "households": 3, "people": "11", "needs": "Beras 100 Kg, Telur Ayam 3 Papan,Mie Dos, Selimut 11 Lembar", "reporter": "Bernabas Goa", "contact": "81231186092", "photo": "7ed859f164f80b3b1c5b198e240738c2.jpg", "status": "Belum Ditangani", "notes": "" }, "geometry": { "type": "Point", "coordinates": [ 121.222942, -8.823332 ] } },
{ "type": "Feature", "properties": { "region": "Kabupaten Nagekeo", "location": "Wolowayu RT 07, Dusun Selalejo III, Desa Selalejo, Kecamatan Mauponggo, Kabupaten Nagekeo, Propinsi NTT", "households": 5, "people": "21", "needs": "Beras 200 Kg, Telur Ayam 5 Papan,Mie 5 Dos,\r\nSelimut 21 Lembar", "reporter": "Bernabas Goa", "contact": "81231186092", "photo": "ff2249b81a1c747d12e9e2fa56b4675e.jpg", "status": "Belum Ditangani", "notes": "" }, "geometry": { "type": "Point", "coordinates": [ 121.222942, -8.823332 ] } },
{ "type": "Feature", "properties": { "region": "Manggarai", "location": "Golocala, RT.02/01, desa umung, kecamatan satarmese", "households": 6, "people": "16", "needs": "1. Beras 100kg\r\n2. Telur 18 papan\r\n3. Mie goreng 14 dus\r\n4. Terpal 1 lembar\r\n5. Susu\r\n6. Selimut\r\n7. Minyak goreng\r\n8. Vitamin suplemen\r\n9. Minyak kayu putih\r\n10. Obat obat flu dan batuk\r\n11. Aqua", "reporter": "Arnoldus pantut", "contact": "81239020297", "photo": "3d880483c772989556d0cdaf4a28e745.jpg", "status": "Belum Ditangani", "notes": "" }, "geometry": { "type": "Point", "coordinates": [ 120.40862, -8.669977 ] } },
{ "type": "Feature", "properties": { "region": "kab.Manggarai timur", "location": "Lamba,desa lamba keli,kecamatan lamba leda", "households": 2, "people": "7", "needs": "- Beras: 50 kg\r\n- Minyak goreng\r\n- Gula\r\n- Kopi\r\n- Selimut", "reporter": "Heldiana Adisti", "contact": "81383745058", "photo": "7189f78350b37b1d7baa432025af8cf6.jpg", "status": "Belum Ditangani", "notes": "" }, "geometry": { "type": "Point", "coordinates": [ 120.684814, -8.572072 ] } },
{ "type": "Feature", "properties": { "region": "kab.Manggarai timur", "location": "Lamba,desa lamba keli,kecamatan lamba leda", "households": 2, "people": "7", "needs": "- Beras: 50 kg\r\n- Minyak goreng\r\n- Gula\r\n- Kopi\r\n- Selimut", "reporter": "Heldiana Adisti", "contact": "81383745058", "photo": "f46b30cb398aabfeed530b67bf5a990e.jpg", "status": "Belum Ditangani", "notes": "" }, "geometry": { "type": "Point", "coordinates": [ 120.684814, -8.572072 ] } },
{ "type": "Feature", "properties": { "region": "Kabupaten Nagekeo", "location": "Wolowayu RT 08, Dusun Selalejo III, Desa Selalejo, Kecamatan Mauponggo, Kabupaten Nagekeo, Propinsi NTT", "households": 6, "people": "23", "needs": "Beras 250 Kg, Telur Ayam 6 Papan, Mie 6 Dos, Selimut 23 Lembar", "reporter": "Bernabas Goa", "contact": "81231186092", "photo": "a1aa4ae21e2dae45c74674a8cfe6b98b.jpg", "status": "Belum Ditangani", "notes": "" }, "geometry": { "type": "Point", "coordinates": [ 121.222942, -8.823332 ] } },
{ "type": "Feature", "properties": { "region": "Kabupaten Nagekeo", "location": "Wolowayu RT 08, Dusun Selalejo III, Desa Selalejo, Kecamatan Mauponggo, Kabupaten Nagekeo, Propinsi NTT", "households": 4, "people": "12", "needs": "Beras 110 Kg, Telur Ayam 4 Papan,Mei 4 Papan,Selimut 12 Lembar", "reporter": "Bernabas Goa", "contact": "81231186092", "photo": "ebee4c11e83189204b6eeeef4d00fbe4.jpg", "status": "Belum Ditangani", "notes": "" }, "geometry": { "type": "Point", "coordinates": [ 121.222942, -8.823332 ] } },
{ "type": "Feature", "properties": { "region": "Desa Tueng Manggarai Barat", "location": "Desa Tueng , Kecamatan Kuwus Barat,Kabupaten Manggarai Barat, Provinsi Nusa Tenggara Timur (Rumah sudah tidak layak dihuni )", "households": 1, "people": "5", "needs": "1. Sembako\r\n2.Obat-obatan\r\n3.Bahan bangunan(semen,bata,pasir,besi)", "reporter": "Yohanes Jumi", "contact": "81356435162", "photo": "171e863ff61be88cb38e1ad93d0e505c.jpeg", "status": "Belum Ditangani", "notes": "" }, "geometry": { "type": "Point", "coordinates": [ 120.273615, -8.489215 ] } },
{ "type": "Feature", "properties": { "region": "Kabupaten Nagekeo", "location": "Wolowayu RT 08, Dusun Selalejo III, Desa Selalejo, Kecamatan Mauponggo, Kabupaten Nagekeo, Propinsi NTT", "households": 2, "people": "12", "needs": "Beras 100 Kg, Telur Ayam 2 Papan,Mie 2 Papan,Selimut 12  Lembar", "reporter": "Bernabas Goa", "contact": "81231186092", "photo": "cebc13ec2a996eec010cbe8ad449f0a9.jpg", "status": "Belum Ditangani", "notes": "" }, "geometry": { "type": "Point", "coordinates": [ 121.223827, -8.823835 ] } },
{ "type": "Feature", "properties": { "region": "Manggarai Timur kecamatan Elar", "location": "Kecamatan Elar Desa Compang Teo Rt 002 RW 001", "households": 1, "people": "4", "needs": "Beras, telur, minyak goreng", "reporter": "Yunita Lia Tawu", "contact": "81235490978", "photo": "6eb8c51a4691c0bb4c2666d2eaa00c92.jpg", "status": "Belum Ditangani", "notes": "" }, "geometry": { "type": "Point", "coordinates": [ 120.690308, -8.575778 ] } },
{ "type": "Feature", "properties": { "region": "Kabupaten Nagekeo", "location": "Woloyabu RT 09, Dusun Selalejo III, Desa Selalejo, Kecamatan Mauponggo, Kabupaten Nagekeo, Propinsi NTT", "households": 4, "people": "20", "needs": "Beras 200 Kg, telur Ayam 4 Papa, Mie 4 Dos,Selimut 20 Lembar", "reporter": "Bernabas Goa", "contact": "81231186092", "photo": "efde2cb451ddf35a8b80b58fd26deddd.jpg", "status": "Belum Ditangani", "notes": "" }, "geometry": { "type": "Point", "coordinates": [ 121.222942, -8.823332 ] } },
{ "type": "Feature", "properties": { "region": "NTT, NGADA", "location": "RT.007, Dusun Ghedhe,Desa Ubedolumolo Satu, Kecamatan Bajawa, Kabupaten Ngada,Provinsi Nusa Tenggara Timur", "households": 1, "people": "6 orang", "needs": "Butuh Sembako", "reporter": "Maria Goreti Moa", "contact": "82235617842", "photo": "ab0ec70cf4094227a0cd14711a244f13.jpg", "status": "Belum Ditangani", "notes": "" }, "geometry": { "type": "Point", "coordinates": [ 120.986736, -8.786271 ] } },
{ "type": "Feature", "properties": { "region": "NTT, NGADA", "location": "RT.007, Dusun Ghedhe,Desa Ubedolumolo Satu, Kecamatan Bajawa, Kabupaten Ngada,Provinsi Nusa Tenggara Timur", "households": 1, "people": "6 orang", "needs": "Butuh Sembako", "reporter": "Maria Goreti Moa", "contact": "82235617842", "photo": "ab0ec70cf4094227a0cd14711a244f13.jpg", "status": "Belum Ditangani", "notes": "" }, "geometry": { "type": "Point", "coordinates": [ 120.986736, -8.786271 ] } },
{ "type": "Feature", "properties": { "region": "Manggarai", "location": "Kabupaten Manggarai ruteng", "households": 1, "people": "5", "needs": "Material rumah dan sembako", "reporter": "Yohanes denesius jemadut", "contact": "85338590426", "photo": "cb6cbdcbc6e2611894a5a6efbf7cdc09.jpg", "status": "Belum Ditangani", "notes": "" }, "geometry": { "type": "Point", "coordinates": [ 120.475185, -8.602545 ] } },
{ "type": "Feature", "properties": { "region": "Nagekeo", "location": "Kecamatan mauponggo", "households": 4, "people": "4", "needs": "Beras 50kg,telur 2 rak,Indomie 2 dos", "reporter": "BASILIUS CONZAGON JAWW", "contact": "81237978695", "photo": "0ebbb098bc89d914527f519fccab5dea.jpeg", "status": "Belum Ditangani", "notes": "" }, "geometry": { "type": "Point", "coordinates": [ 121.260223, -8.678449 ] } },
{ "type": "Feature", "properties": { "region": "Manggarai", "location": "Kabupaten manggarai, Ruteng", "households": 2, "people": "7", "needs": "Material rumah, sembako,", "reporter": "Sisilia fatima", "contact": "82341658693", "photo": "e1caa5b5d8b971c555a013ef7f90cbb4.jpg", "status": "Belum Ditangani", "notes": "" }, "geometry": { "type": "Point", "coordinates": [ 120.475185, -8.602241 ] } },
{ "type": "Feature", "properties": { "region": "Kabupaten Nagekeo", "location": "Woloyabu RT 09, Dusun Selalejo III, Desa Selalejo, Kecamatan Mauponggo, Kabupaten Nagekeo, Propinsi NTT", "households": 4, "people": "25", "needs": "Beras 200 Kg, Telur Ayam 4 Papan, Mie 4 Dos, Selimut 25", "reporter": "Bernabas Goa", "contact": "81231186092", "photo": "03887ab723ba7032a7029417aeb610d6.jpg", "status": "Belum Ditangani", "notes": "" }, "geometry": { "type": "Point", "coordinates": [ 121.222942, -8.823332 ] } },
{ "type": "Feature", "properties": { "region": "Manggarai", "location": "Dusun lagar,desa cumbi kecamatan ruteng", "households": 2, "people": "5", "needs": "Beras,terpal obat²an", "reporter": "Yohanes dati", "contact": "83170786893", "photo": "d8944ebfc8ebfeffe933466ac71133d9.jpg", "status": "Belum Ditangani", "notes": "" }, "geometry": { "type": "Point", "coordinates": [ 120.411095, -8.609331 ] } },
{ "type": "Feature", "properties": { "region": "Kabupaten Nagekeo", "location": "Woloyabu RT 09, Dusun Selalejo III, Desa Selalejo, Kecamatan Mauponggo, Kabupaten Nagekeo, Propinsi NTT", "households": 3, "people": "18", "needs": "Beras 180 Kg, Telur Ayam 3 Papan ,Mie 3 Dos, Selimut 18 Lembar", "reporter": "Bernabas Goa", "contact": "81231186092", "photo": "3b79bc3924d6c2a477449f95ea03d419.jpg", "status": "Belum Ditangani", "notes": "" }, "geometry": { "type": "Point", "coordinates": [ 121.223076, -8.823437 ] } },
{ "type": "Feature", "properties": { "region": "Kabupaten Nagekeo", "location": "Woloyabu RT 09, Dusun Selalejo III, Desa Selalejo, Kecamatan Mauponggo, Kabupaten Nagekeo, Propinsi NTT", "households": 5, "people": "25", "needs": "Beras 200 Kg, Telur Ayam 5 Papan, Mie 5 Dos, Selimut 25 Lembar", "reporter": "Bernabas Goa", "contact": "81231186092", "photo": "e2137b1c4e36abcfe44fcbf0f4c5b015.jpg", "status": "Belum Ditangani", "notes": "" }, "geometry": { "type": "Point", "coordinates": [ 121.222942, -8.823332 ] } },
{ "type": "Feature", "properties": { "region": "KABUPATEN MANGGARAI", "location": "LURAH WASO Ruteng", "households": 1, "people": "3", "needs": "Butuh beras 50 kg, selimut, minyak goreng, terpal, telur, dan perbaikan tembok yang pecah.", "reporter": "FRANSISKUS JAWAL", "contact": "89508824847", "photo": "891d984f8f0b47fe9a2d8fb61118ed8e.jpg", "status": "Belum Ditangani", "notes": "" }, "geometry": { "type": "Point", "coordinates": [ 120.455212, -8.622604 ] } },
{ "type": "Feature", "properties": { "region": "KABUPATEN MANGGARAI", "location": "LURAH WASO RUTENG, RT: 005/RW: 002, KAB. MANGGARAI", "households": 1, "people": "4", "needs": "Butuh 50 kg, Selimut, Minyak Goreng, Terpal, Telur, dan Perbaikan tembok yang pecah.", "reporter": "PETRUS BAI BAY", "contact": "82237379442", "photo": "c57661824e3f2c43c03ddefd5768d3ae.jpg", "status": "Belum Ditangani", "notes": "" }, "geometry": { "type": "Point", "coordinates": [ 120.456076, -8.622008 ] } },
{ "type": "Feature", "properties": { "region": "Kabupaten ngada", "location": "Dusun tangi seso 2 , desa seso, kec. Soa, kab. Ngada", "households": 1, "people": "3", "needs": "Beras, telur, minyak, obat nyamuk, minyak goreng, mie", "reporter": "Rosada lima  Edo Mbete", "contact": "81296621565", "photo": "ed161b4fb83c711e7fea003a6e24fdbe.jpg", "status": "Belum Ditangani", "notes": "" }, "geometry": { "type": "Point", "coordinates": [ 121.055603, -8.713624 ] } },
{ "type": "Feature", "properties": { "region": "Kabupaten ngada", "location": "Dusun tangi seso 2 , desa seso, kec. Soa, kab. Ngada", "households": 1, "people": "3", "needs": "Beras, telur, minyak, obat nyamuk, minyak goreng, mie", "reporter": "Rosada lima  Edo Mbete", "contact": "81296621565", "photo": "2c449ca0780ed74407c1ed640d4f3d74.jpg", "status": "Belum Ditangani", "notes": "" }, "geometry": { "type": "Point", "coordinates": [ 121.055603, -8.713624 ] } },
{ "type": "Feature", "properties": { "region": "Kabupaten Nagekeo", "location": "Desa Selalejo, Kecamatan Mauponggo, Kabupaten Nagekeo,Propinsi Nusa Tenggara Timur", "households": 4, "people": "10", "needs": "Beras 100 Kg, Telur ayam 4 Papan, Mie 4 Dos, Selimus 10 Lembar.", "reporter": "Bernabas Goa", "contact": "81231186092", "photo": "8c33a7f967f5b8fa5e687296d9bce877.jpg", "status": "Belum Ditangani", "notes": "" }, "geometry": { "type": "Point", "coordinates": [ 121.222942, -8.823332 ] } },
{ "type": "Feature", "properties": { "region": "Kabupaten Nagekeo", "location": "Desa Selalejo, Kecamatan Mauponggo, Kabupaten Nagekeo, Propinsi Nusa Tenggara Timur", "households": 4, "people": "15", "needs": "Beras 150 Kg,Telur Ayam 4 Papan,Mie 4 DOs, Selimut 15 Lembar", "reporter": "Bernabas Goa", "contact": "81231186092", "photo": "dd0d3d7856e7f000eea87753039af160.jpg", "status": "Belum Ditangani", "notes": "" }, "geometry": { "type": "Point", "coordinates": [ 121.222942, -8.823332 ] } },
{ "type": "Feature", "properties": { "region": "Kabupaten Nagekeo", "location": "Desa Selalejo, Kecamatan Mauponggo, Kabupaten Nagekeo, Propinsi Nusa Tenggara Timur", "households": 4, "people": "15", "needs": "Beras 150 Kg,Telur Ayam 4 Papan,Mie 4 DOs, Selimut 15 Lembar", "reporter": "Bernabas Goa", "contact": "81231186092", "photo": "d72ed0e10f1b20770aa4b215b664184f.jpg", "status": "Belum Ditangani", "notes": "" }, "geometry": { "type": "Point", "coordinates": [ 121.222942, -8.823332 ] } },
{ "type": "Feature", "properties": { "region": "Dusun 4 Nuasele", "location": "Dusun 4 Nuasele, Desa Ngera, terdampak rangkaian gempa sejak 15 Agustus 2026, diawali gempa berkekuatan 7,7 magnitudo yang menyebabkan kerusakan rumah, fasilitas umum, dan korban luka. Tercatat 6 korban luka, terdiri dari 2 korban luka berat dan 4 korban ", "households": 49, "people": "276", "needs": "• Beras\r\n• Obat-obatan\r\n• Selimut\r\n• Pakaian\r\n• Perlengkapan dapur\r\n• Tenda pengungsian\r\n• Sanitasi\r\n• Kebutuhan protein (daging, telur, ikan)\r\n• Kebutuhan vitamin (sayuran dan buah-buahan)", "reporter": "Sebastianus Ndona, Trisno Balety, Basilius Ulrikus Ani", "contact": "85253381819", "photo": "a1b49e53e0bbd2e4d2de0adb78f255ae.jpg", "status": "Belum Ditangani", "notes": "" }, "geometry": { "type": "Point", "coordinates": [ 121.256504, -8.856408 ] } },
{ "type": "Feature", "properties": { "region": "Manggarai Timur /Flores", "location": "Dewuk Desa Lenang kecamatan Lamba Leda Selatan", "households": 3, "people": "12", "needs": "Beras,makanan/biskuit,selimut,handuk,senter,handuk dll\r\nRumah tempat tinggal sudah ambruk", "reporter": "Fidelis Farmen dan Yohanes Kuem dan Dominikus Niku", "contact": "81239445711", "photo": "c17b75e59e41ca2fd41a2e4a79fa09e2.jpg", "status": "Belum Ditangani", "notes": "" }, "geometry": { "type": "Point", "coordinates": [ 120.529873, -8.529382 ] } },
{ "type": "Feature", "properties": { "region": "Dusun 4 Nuasele", "location": "Dusun 4 Nuasele, Desa Ngera, terdampak rangkaian gempa sejak 15 Agustus 2026, diawali gempa berkekuatan 7,7 magnitudo yang menyebabkan kerusakan rumah, fasilitas umum, dan korban luka. Tercatat 6 korban luka, terdiri dari 2 korban luka berat dan 4 korban ", "households": 49, "people": "276", "needs": "• Beras\r\n• Obat-obatan\r\n• Selimut\r\n• Pakaian\r\n• Perlengkapan dapur\r\n• Tenda pengungsian\r\n• Sanitasi\r\n• Kebutuhan protein (daging, telur, ikan)\r\n• Kebutuhan vitamin (sayuran dan buah-buahan)", "reporter": "Sebastianus Ndona, Trisno Balety, Basilius Ulrikus Ani", "contact": "85253381819", "photo": "85afb965de33e147d6d77c1cd95dd924.jpg", "status": "Belum Ditangani", "notes": "" }, "geometry": { "type": "Point", "coordinates": [ 121.256504, -8.856408 ] } },
{ "type": "Feature", "properties": { "region": "Dusun 4 Nuasele", "location": "Dusun 4 Nuasele, Desa Ngera, terdampak rangkaian gempa sejak 15 Agustus 2026, diawali gempa berkekuatan 7,7 magnitudo yang menyebabkan kerusakan rumah, fasilitas umum, dan korban luka. Tercatat 6 korban luka, terdiri dari 2 korban luka berat dan 4 korban ", "households": 49, "people": "276", "needs": "• Beras\r\n• Obat-obatan\r\n• Selimut\r\n• Pakaian\r\n• Perlengkapan dapur\r\n• Tenda pengungsian\r\n• Sanitasi\r\n• Kebutuhan protein (daging, telur, ikan)\r\n• Kebutuhan vitamin (sayuran dan buah-buahan)", "reporter": "Sebastianus Ndona, Trisno Balety, Basilius Ulrikus Ani", "contact": "85253381819", "photo": "56213b64e2a612ae1a7436464fc14adf.jpg", "status": "Belum Ditangani", "notes": "" }, "geometry": { "type": "Point", "coordinates": [ 121.256504, -8.856408 ] } },
{ "type": "Feature", "properties": { "region": "Kabupaten Nagekeo", "location": "Gilikoli,Desa Keliwatulewa,Kec.Mauponggo,Kab.Nagekeo,NTT", "households": 4, "people": "13", "needs": "Berkas bantuan bencana:\r\n- Beras 100kg\r\n- Telur\r\n- Minyak sayur\r\n- Susu\r\n- Tikar\r\n- Selimut\r\n- Terpal", "reporter": "Maksimilian Buu Goo", "contact": "85237596866", "photo": "dd6aa2588bc633c74e004046b516bd2e.jpg", "status": "Belum Ditangani", "notes": "" }, "geometry": { "type": "Point", "coordinates": [ 121.199961, -8.891398 ] } },
{ "type": "Feature", "properties": { "region": "Nampong", "location": "Nampong rt 007 rw 004 desa umung kc satar mese kab.manggarai", "households": 5, "people": "30", "needs": "Beras,selimut,terpal,telur", "reporter": "Martinus harto hau", "contact": "81253273420", "photo": "5bf1ad5136220774074aedb3c9cc7884.jpg", "status": "Belum Ditangani", "notes": "" }, "geometry": { "type": "Point", "coordinates": [ 120.435775, -8.694838 ] } },
{ "type": "Feature", "properties": { "region": "Wolohuler", "location": "RT 005/RW 001, Dusun Wolohuler, Desa Koting A, Kecamatan Koting", "households": 4, "people": "12", "needs": "Sembako, Obat Obatan, Selimut, Matras", "reporter": "Maria Arneste", "contact": "82293220437", "photo": "e07f9229b37d5ef63de4cda090315484.jpg", "status": "Belum Ditangani", "notes": "" }, "geometry": { "type": "Point", "coordinates": [ 122.195881, -8.678773 ] } },
{ "type": "Feature", "properties": { "region": "manggarai", "location": "Kecamatan langkerembong ruteng pongara leke", "households": 1, "people": "5", "needs": "• Beras: 59kg\r\n• Selimut", "reporter": "Martinus bat", "contact": "85977369590", "photo": "7618e1ecc39bd85da6a04b5ade072afc.jpg", "status": "Belum Ditangani", "notes": "" }, "geometry": { "type": "Point", "coordinates": [ 120.464709, -8.593682 ] } },
{ "type": "Feature", "properties": { "region": "manggarai", "location": "Kecamatan langkerembong ruteng pongara leke", "households": 1, "people": "5", "needs": "• Beras: 59kg\r\n• Selimut", "reporter": "Martinus bat", "contact": "85977369590", "photo": "dac7f653d6914859315b57700adda0a2.jpg", "status": "Belum Ditangani", "notes": "" }, "geometry": { "type": "Point", "coordinates": [ 120.464709, -8.593682 ] } },
{ "type": "Feature", "properties": { "region": "Dsa. Rengkam, Kec. Lamba Leda Timur, Kab. Manggarai Timur", "location": "Dsa. Rengkam, Kec. Lamba Leda Timur, Kab. Manggarai Timur", "households": 3, "people": "11 orang", "needs": "Butuh Beras,mie instan, air minum, tenda, obat-obatan medis dan material pembangunan rumah", "reporter": "Sirilus Yulianto", "contact": "81339205204", "photo": "", "status": "Belum Ditangani", "notes": "" }, "geometry": { "type": "Point", "coordinates": [ 120.570226, -8.543094 ] } },
{ "type": "Feature", "properties": { "region": "Dsa. Rengkam, Kec. Lamba Leda Timur, Kab. Manggarai Timur", "location": "Desa rengkam, Kec. Lamba Leda Timur, Kab. Manggarai Timur", "households": 3, "people": "11", "needs": "Butuh Beras, mie instan, tenda pengungsian, air minum, obat-obatan medis dan material pembangunan rumah", "reporter": "Sirilus Yulianto", "contact": "81339205204", "photo": "70df7801b94b0374d66b8cd0796b8a2a.jpg", "status": "Belum Ditangani", "notes": "" }, "geometry": { "type": "Point", "coordinates": [ 120.570226, -8.543094 ] } },
{ "type": "Feature", "properties": { "region": "Dsa. Rengkam, Kec. Lamba Leda Timur, Kab. Manggarai Timur", "location": "Desa rengkam, Kec. Lamba Leda Timur, Kab. Manggarai Timur", "households": 3, "people": "11", "needs": "Butuh Beras, mie instan, tenda pengungsian, air minum, obat-obatan medis dan material pembangunan rumah", "reporter": "Sirilus Yulianto", "contact": "81339205204", "photo": "200d990a5014c801ead05d60483f090f.jpg", "status": "Belum Ditangani", "notes": "" }, "geometry": { "type": "Point", "coordinates": [ 120.570226, -8.543094 ] } },
{ "type": "Feature", "properties": { "region": "Manggarai", "location": "Karot leke", "households": 1, "people": "5", "needs": "1. Beras\r\n2. Selimut", "reporter": "Martinus Bata", "contact": "82342227825", "photo": "c0f55e3f95a5acf59925fbe9bd41151c.jpg", "status": "Belum Ditangani", "notes": "" }, "geometry": { "type": "Point", "coordinates": [ 120.619667, -8.687091 ] } },
{ "type": "Feature", "properties": { "region": "Manggarai", "location": "Karot leke", "households": 1, "people": "5", "needs": "1. Beras\r\n2. Selimut", "reporter": "Martinus Bata", "contact": "82342227825", "photo": "ef418313ce863f1a94ecd01c90d87197.jpg", "status": "Belum Ditangani", "notes": "" }, "geometry": { "type": "Point", "coordinates": [ 120.619667, -8.687091 ] } },
{ "type": "Feature", "properties": { "region": "Manggarai", "location": "Karot leke", "households": 1, "people": "5", "needs": "1. Beras\r\n2. Selimut", "reporter": "Martinus Bata", "contact": "82342227825", "photo": "a77f4f87389e802082d14966e3cbc058.jpg", "status": "Belum Ditangani", "notes": "" }, "geometry": { "type": "Point", "coordinates": [ 120.619667, -8.687091 ] } },
{ "type": "Feature", "properties": { "region": "Manggarai", "location": "Karot leke", "households": 1, "people": "5", "needs": "1. Beras\r\n2. Selimut", "reporter": "Martinus Bata", "contact": "82342227825", "photo": "85d35a4c70a9f985836990d0486db34e.jpg", "status": "Belum Ditangani", "notes": "" }, "geometry": { "type": "Point", "coordinates": [ 120.619667, -8.687091 ] } },
{ "type": "Feature", "properties": { "region": "Manggarai", "location": "Karot leke", "households": 1, "people": "5", "needs": "1. Beras\r\n2. Selimut", "reporter": "Martinus Bata", "contact": "82342227825", "photo": "fc7af2a4d8bdd1dc125a955e552b832f.jpg", "status": "Belum Ditangani", "notes": "" }, "geometry": { "type": "Point", "coordinates": [ 120.619667, -8.687091 ] } },
{ "type": "Feature", "properties": { "region": "Manggarai", "location": "Karot leke", "households": 1, "people": "5", "needs": "1. Beras\r\n2. Selimut", "reporter": "Martinus Bata", "contact": "82342227825", "photo": "390159ef2e7002df8be0d7a6ccc39b37.jpg", "status": "Belum Ditangani", "notes": "" }, "geometry": { "type": "Point", "coordinates": [ 120.619667, -8.687091 ] } },
{ "type": "Feature", "properties": { "region": "Manggarai", "location": "Karot leke", "households": 5, "people": "5", "needs": "1. Beras\r\n2. Selimut", "reporter": "Martinus Bata", "contact": "82342227825", "photo": "d6d69f862f9ae58691289ff2ffbe7d35.jpg", "status": "Belum Ditangani", "notes": "" }, "geometry": { "type": "Point", "coordinates": [ 120.619667, -8.687091 ] } },
{ "type": "Feature", "properties": { "region": "Manggarai", "location": "Karot leke", "households": 5, "people": "5", "needs": "1. Beras\r\n2. Selimut", "reporter": "Martinus Bata", "contact": "82342227825", "photo": "8a148f1485766c775c30c26a06c1ad18.jpg", "status": "Belum Ditangani", "notes": "" }, "geometry": { "type": "Point", "coordinates": [ 120.619667, -8.687091 ] } },
{ "type": "Feature", "properties": { "region": "Manggarai", "location": "Ruteng Manggarai Flores NTT\r\nDesa Ndehes wae RI,i", "households": 5, "people": "22", "needs": "Beras 50 kg, terpal buat Kem,dan sembako lainya", "reporter": "SIRILUS GOLIN", "contact": "81246113083", "photo": "", "status": "Belum Ditangani", "notes": "" }, "geometry": { "type": "Point", "coordinates": [ 120.489979, -8.548275 ] } },
{ "type": "Feature", "properties": { "region": "Rt 05 kelurahan Lape Kec. Aesesa, kab Nagekeo", "location": "di dekat gardu uluwolo", "households": 1, "people": "6", "needs": "", "reporter": "Edeltrudis novia Aso", "contact": "82145651652", "photo": "660186af124572fe76759407ed2b5422.jpg", "status": "Belum Ditangani", "notes": "" }, "geometry": { "type": "Point", "coordinates": [ 121.293013, -8.579535 ] } },
{ "type": "Feature", "properties": { "region": "Desa Beamese", "location": "Dusus Weli, Desa Beamese, Kecamatan Cibal, Kabupaten Manggarai.", "households": 387, "people": "1.895", "needs": "Bahan kebutuhan pokok untuk semua pengungsi di setiap Camp.", "reporter": "Gregorius Kirene", "contact": "82232139160", "photo": "2e5deb076ec0b32d51cd032e832e15d4.jpg", "status": "Belum Ditangani", "notes": "" }, "geometry": { "type": "Point", "coordinates": [ 120.49295, -8.490361 ] } },
{ "type": "Feature", "properties": { "region": "Kabupaten Manggarai", "location": "Ruteng\r\nKelurahan Golodukal\r\nKecamatan Langke Rembong\r\nRT/RW. 010/005", "households": 2, "people": "5", "needs": "Butuh Beras 50 Kg\r\nMi instan", "reporter": "Eduardus Oktobiano Nggagur", "contact": "082247596255/ 087874476378", "photo": "2505c943bded9f4bccc045b5e90a3b76.jpg", "status": "Belum Ditangani", "notes": "" }, "geometry": { "type": "Point", "coordinates": [ 120.418396, -8.626101 ] } },
{ "type": "Feature", "properties": { "region": "Manggarai", "location": "Golocala,RT 001/RW.001,Desa Umung", "households": 6, "people": "23", "needs": "- Beras 100 kg\r\n- Telur 18 papan\r\n- Mie goreng 14 dus\r\n- Terpal 1 lembar\r\n- Susu\r\n- Selimut\r\n- Minyak goreng\r\n- Vitamin suplemen\r\n- Minyak kayu putih\r\n- Obat flu dan batuk\r\n- Aqua.", "reporter": "Arnoldus Pantut", "contact": "81272620848", "photo": "1cbdccdd5edb7f9f9342f52750946198.jpg", "status": "Belum Ditangani", "notes": "" }, "geometry": { "type": "Point", "coordinates": [ 120.409145, -8.669753 ] } },
{ "type": "Feature", "properties": { "region": "Manggarai", "location": "Golocala, RT.001/RW.001, Desa Umung", "households": 6, "people": "30", "needs": "• Beras: 100kg\r\n• Telur: 18 papan\r\n• Mie goreng: 14 dus\r\n• Terpal: 1 lembar\r\n• Susu\r\n• Selimut\r\n• Minyak goreng\r\n• Vitamin suplemen\r\n• Minyak kayu putih\r\n• Obat flu dan batuk\r\n• Aqua", "reporter": "Arnoldus Pantut", "contact": "81272602848", "photo": "59fb4434cf7917933497bb58a8a2bc09.jpg", "status": "Belum Ditangani", "notes": "" }, "geometry": { "type": "Point", "coordinates": [ 120.409105, -8.670012 ] } },
{ "type": "Feature", "properties": { "region": "MANGGARAI", "location": "DESA GOLO LANGKOK DUSUN BEOKINA RT 001/RW 002 KECAMATAN RAHONG UTARA KABUPATEN MANGGARAI", "households": 2, "people": "7", "needs": "BERAS 100 KG DAN TENDA PENGUNGSI SELIMUT", "reporter": "PATRISNO AGUNG", "contact": "81244271517", "photo": "2a3443fe314ea25690040ae4e3f9cbd9.jpeg", "status": "Belum Ditangani", "notes": "" }, "geometry": { "type": "Point", "coordinates": [ 120.403466, -8.561305 ] } },
{ "type": "Feature", "properties": { "region": "Propinsi NTT", "location": "Kab.Manggarai kec.langke Rembong kel.satar tacik", "households": 1, "people": "4", "needs": "• beras\r\n• Renovasi rumah", "reporter": "Dionisius Hambur", "contact": "87859704670", "photo": "21bc4880313b2930ddc10c54270ba753.jpg", "status": "Belum Ditangani", "notes": "" }, "geometry": { "type": "Point", "coordinates": [ 120.475103, -8.606931 ] } },
{ "type": "Feature", "properties": { "region": "Manggarai", "location": "Manggarai", "households": 8, "people": "38", "needs": "• Beras: 100kg\r\n• Telur: 18 papan\r\n• Mie goreng: 14 dus\r\n• Terpal: 1 lembar\r\n• Susu\r\n• Selimut\r\n• Minyak goreng\r\n• Vitamin suplemen\r\n• Minyak kayu putih\r\n• Obat flu dan batuk\r\n• Aqua", "reporter": "Arnoldus pantut", "contact": "81272620848", "photo": "c41807bd6518068559f5339ad26b835b.jpg", "status": "Belum Ditangani", "notes": "" }, "geometry": { "type": "Point", "coordinates": [ 120.40859, -8.669985 ] } },
{ "type": "Feature", "properties": { "region": "Manggarai", "location": "Karot Bangka RT 035 RW 004, Kelurahan Karot, Kecamatan Langke Rembong, Kabupaten Manggarai,Nusa Tenggara Timur", "households": 1, "people": "4", "needs": "Terpal untuk tenda darurat dan beras", "reporter": "Lodovitus Aman", "contact": "82146201249", "photo": "e15277a37a5c9a8273995e866cb8b788.jpg", "status": "Belum Ditangani", "notes": "" }, "geometry": { "type": "Point", "coordinates": [ 120.470423, -8.594127 ] } },
{ "type": "Feature", "properties": { "region": "MANGGARAI", "location": "GOLO LANGKOK DUSUN BEOKINA RT 004/RW  002 KECAMATAN RAHONG UTARA KABUPATEN MANGGARAI", "households": 2, "people": "5", "needs": "BERAS 100 KG DAN TENDA PENGUNSI SERTA PERLRNGKAPAN TENDA", "reporter": "MARTINUS RION", "contact": "85337415720", "photo": "23a378868ee7986f68cfc4df479453cd.jpeg", "status": "Belum Ditangani", "notes": "" }, "geometry": { "type": "Point", "coordinates": [ 120.401168, -8.562989 ] } },
{ "type": "Feature", "properties": { "region": "Propinsi NTT", "location": "kab.manggarai", "households": 1, "people": "5", "needs": "1. Renovasi rumah\r\n2. Beras", "reporter": "Wenseslaus waru", "contact": "+62 821-4660-6072", "photo": "9424d3a2a9c8ac7161f405a14946960b.jpg", "status": "Belum Ditangani", "notes": "" }, "geometry": { "type": "Point", "coordinates": [ 120.477276, -8.60831 ] } },
{ "type": "Feature", "properties": { "region": "Manggarai Timur", "location": "Kecamatan Lamba Leda, Desa Tengku Lawar, Dusun Wereng, RT.004, RW.002", "households": 7, "people": "26", "needs": "Beras 100 kg, Telur 10 papan, Mie 12 Dos,Aqua 12 Dos, Susu 12 kaleng, Slimut 7 lembar, Spon 7 buah, Myk. Goreng 10 Liter, Konvor Hoaks 2 buah,Ember timba 7 buah, Sabun Mandi 7 Dos, Rinso 7 bungkus.", "reporter": "Petrus Sunardi", "contact": "82155759984", "photo": "39c60d8c56058b4cb0411cda9bb52e66.jpg", "status": "Belum Ditangani", "notes": "" }, "geometry": { "type": "Point", "coordinates": [ 120.27832, -8.508462 ] } },
{ "type": "Feature", "properties": { "region": "Propinsi NTT", "location": "Kab.Manggarai kec.langje Rembong kab.Manggarai", "households": 1, "people": "4", "needs": "1. Beras\r\n2. Perbaikan rumah", "reporter": "Dionisius Hambur", "contact": "87859704670", "photo": "", "status": "Belum Ditangani", "notes": "" }, "geometry": { "type": "Point", "coordinates": [ 120.476042, -8.607432 ] } },
{ "type": "Feature", "properties": { "region": "Propinsi NTT", "location": "Kab.manggarai kec.langke Rembong kel.satar tacik", "households": 1, "people": "4", "needs": "Perbaikan rumah dan Beras", "reporter": "Fanditus Adur", "contact": "87859704670", "photo": "3df3f7d88ee3fcaaec4be5f367cbab52.jpg", "status": "Belum Ditangani", "notes": "" }, "geometry": { "type": "Point", "coordinates": [ 120.476042, -8.607432 ] } },
{ "type": "Feature", "properties": { "region": "Manggarai", "location": "Senggong, RT.006/RW.003, desa umung", "households": 12, "people": "60", "needs": "1. Beras: 100kg\r\n2. Telur: 18 papan\r\n3. Mie goreng: 14 dus\r\n4. Terpal: 1 lembar\r\n5. Susu\r\n6. Selimut\r\n7. Minyak goreng\r\n8. Vitamin suplemen\r\n9. Minyak kayu putih\r\n10. Obat flu dan batuk\r\n11. Aqua", "reporter": "Sulfianus Bagus", "contact": "81239020297", "photo": "83a650778d880d2c21e883f9b2b2eb16.jpg", "status": "Belum Ditangani", "notes": "" }, "geometry": { "type": "Point", "coordinates": [ 120.409289, -8.669873 ] } },
{ "type": "Feature", "properties": { "region": "Ruteng", "location": "Ruteng,Kel.waso. kec.langke Rembong kab.manggarai, provinsi nusa tenggara timur", "households": 1, "people": "4", "needs": "* Sembako", "reporter": "Fransiska Siti", "contact": "8523844582", "photo": "136279c414e91d635a1f7fb1bbdcb029.jpg", "status": "Belum Ditangani", "notes": "" }, "geometry": { "type": "Point", "coordinates": [ 120.454805, -8.626891 ] } },
{ "type": "Feature", "properties": { "region": "Manggarai Timur", "location": "Kecamatan Lamba Leda,Desa Tengku Lawar, Dusun Wereng, RT.003,RT.004", "households": 6, "people": "25", "needs": "Butuh Beras 100 kg, Twlur, Mie, Susu, Slimut, Pempers, Aqua dan obat-obatan", "reporter": "Anselmus Ndandus", "contact": "81226394934", "photo": "64a97d6301652fd618f4e5e744035150.jpg", "status": "Belum Ditangani", "notes": "" }, "geometry": { "type": "Point", "coordinates": [ 120.256348, -8.463045 ] } },
{ "type": "Feature", "properties": { "region": "Manggarai", "location": "Nampong, RT.009/RW.004", "households": 3, "people": "12", "needs": "Berikut adalah daftar kebutuhan bencana:\r\n\r\n1. Beras 100kg\r\n2. Telur 18 papan\r\n3. Mie goreng 14 dus\r\n4. Terpal 1 lembar\r\n5. Susu\r\n6. Selimut\r\n7. Minyak goreng\r\n8. Vitamin suplemen\r\n9. Minyak kayu putih\r\n10. Obat-obatan (flu dan batuk)\r\n11. Aqua", "reporter": "Sulfianus Bagus", "contact": "81239020297", "photo": "13207d990419fa7f0ea9299edc4c2632.jpg", "status": "Belum Ditangani", "notes": "" }, "geometry": { "type": "Point", "coordinates": [ 120.408538, -8.669899 ] } },
{ "type": "Feature", "properties": { "region": "MANGGARAI", "location": "DESA GOLO LANGKOK DUSUN BEOKINA RT 003/RW 002 KECAMATAN RAHONG UTARA KABUPATEN MANGGARAI", "households": 1, "people": "4", "needs": "", "reporter": "DIONISIUS GAMBUR", "contact": "888970481512", "photo": "982217261514b4ea122a81c6ca5e08ed.jpeg", "status": "Belum Ditangani", "notes": "" }, "geometry": { "type": "Point", "coordinates": [ 120.429656, -8.605097 ] } },
{ "type": "Feature", "properties": { "region": "Manggarai Timur", "location": "Lamba, Desa Lamba Keli, Kec. Lamba Leda, Kab. Manggarai Timur", "households": 1, "people": "4", "needs": "Butuh Beras 50 kg, telur, minyak goreng, selimut dan obat-obatan", "reporter": "REMIGIUS JEFRI ADAL", "contact": "85829308201", "photo": "97d1cb26ec0bb437b88320fcc077631a.jpg", "status": "Belum Ditangani", "notes": "" }, "geometry": { "type": "Point", "coordinates": [ 120.569328, -8.460952 ] } },
{ "type": "Feature", "properties": { "region": "Manggarai Timur", "location": "Lamba, Desa Lamba Keli, Kec. Lamba Leda, Kab. Manggarai Timur", "households": 1, "people": "4", "needs": "Butuh Beras 50 kg, telur, minyak goreng, selimut dan obat-obatan", "reporter": "REMIGIUS JEFRI ADAL", "contact": "85829308201", "photo": "4495bd84ea82ac948f127569e849e984.jpg", "status": "Belum Ditangani", "notes": "" }, "geometry": { "type": "Point", "coordinates": [ 120.569328, -8.460952 ] } },
{ "type": "Feature", "properties": { "region": "Nampong", "location": "Nampong,rt 007 rw 004 desa umung kec.satarmese kab mangarai", "households": 3, "people": "10", "needs": "Beras,selimut,pamppers,telur", "reporter": "Ferdinandus kapung", "contact": "81350415739", "photo": "6ad7f6ebc1d2913396a281b1048e9d25.jpg", "status": "Belum Ditangani", "notes": "" }, "geometry": { "type": "Point", "coordinates": [ 120.435775, -8.694838 ] } },
{ "type": "Feature", "properties": { "region": "MANGGARAI", "location": "DESA GOLO LANGKOK DUSUN BEOKINA RT 001/RW001 KECAMATAN RAHONG UTARA KABUPATEN MANGGARAI", "households": 1, "people": "4", "needs": "BUTUH BERAS 100 KG DAN TENDA PENGUNSIAN SERTA PERLENGKAPAN LAIN DALAM TENDA", "reporter": "MARSELINUS KALANG", "contact": "81244271517", "photo": "6caa09ab63e5cad37a027a14cd45b869.jpeg", "status": "Belum Ditangani", "notes": "" }, "geometry": { "type": "Point", "coordinates": [ 120.41557, -8.607726 ] } },
{ "type": "Feature", "properties": { "region": "Manggarai Timur", "location": "Lamba, Desa Lamba Keli, Kecamatan Lamba Leda, Kab. Manggarai Timur", "households": 1, "people": "4", "needs": "butu sembako, selimut,", "reporter": "REMIGIUS JEFRI ADAL", "contact": "85829308201", "photo": "4ce402b6a5a6d0a730b4eb052fab9964.jpg", "status": "Belum Ditangani", "notes": "" }, "geometry": { "type": "Point", "coordinates": [ 120.569302, -8.46108 ] } },
{ "type": "Feature", "properties": { "region": "Manggarai", "location": "Nampong, RT.09/RW.01", "households": 3, "people": "10", "needs": "* Beras (-) 100kg\r\n* Telur (-) 18 papan\r\n* Mie goreng (-) 14 dus\r\n* Terpal (-) 1 lembar\r\n* Susu\r\n* Selimut\r\n* Minyak goreng\r\n* Vitamin dan suplemen\r\n* Minyak kayu putih\r\n* Obat flu dan batuk\r\n* Aqua", "reporter": "Sulfianus Bagus", "contact": "81239020297", "photo": "89e4ce81d4e50294a074720550007d04.jpg", "status": "Belum Ditangani", "notes": "" }, "geometry": { "type": "Point", "coordinates": [ 120.409221, -8.669784 ] } },
{ "type": "Feature", "properties": { "region": "Nampong", "location": "Nampong rt 007 rw 004 desa umung kec.satarmese kab.manggarai", "households": 6, "people": "23", "needs": "1. Beras\r\n2. Selimut\r\n3. Terpal\r\n4. Telur", "reporter": "APOLONIUS ANDUR", "contact": "81350415739", "photo": "948aa6880850b9554b3505d23515a350.jpg", "status": "Belum Ditangani", "notes": "" }, "geometry": { "type": "Point", "coordinates": [ 120.435773, -8.694838 ] } },
{ "type": "Feature", "properties": { "region": "Manggarai Timur", "location": "Jl. Kihajar Dewantara, Kelurahan Rana Loba, Kecematan Borong, Manggarai Timur. (Blakang SDK Rana Loba)", "households": 5, "people": "5", "needs": "Terpal,Makanan,selimut dan obat-obatan.", "reporter": "Blasius Jawa", "contact": "81238363108", "photo": "a062bce9a07ea8177bf6b406302f43c8.jpeg", "status": "Belum Ditangani", "notes": "" }, "geometry": { "type": "Point", "coordinates": [ 120.610986, -8.804177 ] } },
{ "type": "Feature", "properties": { "region": "Kab Manggarai", "location": "Jln Bengawan Kelurahan Satar Tacik Rt.011,RW.003", "households": 1, "people": "3", "needs": "Bantuan perbaikan Rumah ,Tembok rusak parah dan tidak bisa di Gunakan", "reporter": "Mansuetus Sambang", "contact": "87859704670", "photo": "789540d15e3d7d2baf83231a51791b89.png", "status": "Belum Ditangani", "notes": "" }, "geometry": { "type": "Point", "coordinates": [ 120.475023, -8.604564 ] } },
{ "type": "Feature", "properties": { "region": "Manggarai", "location": "Nampong, RT.09/RW.04, Desa umung", "households": 6, "people": "30", "needs": "• Beras: 100kg\r\n• Telur: 18 papan\r\n• Mie goreng: 14 dus\r\n• Terpal: 1 lembar\r\n• Susu\r\n• Selimut\r\n• Minyak goreng\r\n• Vitamin suplemen\r\n• Minyak kayu putih\r\n• Obat flu dan batuk\r\n• Aqua", "reporter": "Sulfianus Bagus", "contact": "81239020297", "photo": "d7913724c22c5416b3f62b66bf10f52d.jpg", "status": "Belum Ditangani", "notes": "" }, "geometry": { "type": "Point", "coordinates": [ 120.409128, -8.669902 ] } },
{ "type": "Feature", "properties": { "region": "Nampong", "location": "Nampong,rt007 rw 004 desa umung kec.satarmese kab.manggarai", "households": 3, "people": "19", "needs": "Beras 50kg,selimut,telur,pamppers,terpal,", "reporter": "Kristomus jemohon", "contact": "81350415739", "photo": "5b3a4f3d2462105cca36fb7a87bf9dbd.jpg", "status": "Belum Ditangani", "notes": "" }, "geometry": { "type": "Point", "coordinates": [ 120.435775, -8.694838 ] } },
{ "type": "Feature", "properties": { "region": "Nanga Kantor Barat", "location": "Desa Nanga Kantor Barat Kecamatan Macang Pacar", "households": 34, "people": "100", "needs": "Kebutuhan yang diperlukan, tenda pengungsian selimut, makanan dan obat-obatan.", "reporter": "Abdul Halim", "contact": "82122123831", "photo": "7d5462fe76b6dcaac1fb4f6cdf82ce3c.jpg", "status": "Belum Ditangani", "notes": "" }, "geometry": { "type": "Point", "coordinates": [ 120.125339, -8.414769 ] } },
{ "type": "Feature", "properties": { "region": "Ruteng, laci carep", "location": "Dekat kantor kelurahan laci carep", "households": 4, "people": "34", "needs": "Beras, telur, dan mie dan minyak goreng", "reporter": "Hendrikus Jebarus", "contact": "82172506428", "photo": "97b6a52e03b2d1afc829ffff4bffb7df.jpg", "status": "Belum Ditangani", "notes": "" }, "geometry": { "type": "Point", "coordinates": [ 120.487213, -8.615395 ] } },
{ "type": "Feature", "properties": { "region": "Manggarai", "location": "Golocala, RT.001/RW.001", "households": 14, "people": "62", "needs": "Berikut daftar kebutuhan bencana:\r\n- Beras 100kg\r\n- Telur 18 papan\r\n- Mie goreng 14 dus\r\n- Terpal 1 lembar\r\n- Susu\r\n- Selimut\r\n- Minyak goreng\r\n- Vitamin suplemen\r\n- Minyak kayu putih\r\n- Obat flu dan batuk\r\n- Aqua", "reporter": "Sulfianus Bagus", "contact": "81239020297", "photo": "f7277c32e1654daef7054083f06e4cc3.jpg", "status": "Belum Ditangani", "notes": "" }, "geometry": { "type": "Point", "coordinates": [ 120.408397, -8.669758 ] } },
{ "type": "Feature", "properties": { "region": "Nampong", "location": "Nampong rt 007 rt 004 desa umung kec satar mese kab.manggarai", "households": 6, "people": "22", "needs": "• Selimut\r\n• Terpal\r\n• Beras 50kg\r\n• Telur\r\n• Pampers", "reporter": "APOLONIUS ANDUR", "contact": "81350415739", "photo": "1425902a646868c32954f95df24555f7.jpg", "status": "Belum Ditangani", "notes": "" }, "geometry": { "type": "Point", "coordinates": [ 120.435875, -8.694935 ] } },
{ "type": "Feature", "properties": { "region": "Manggarai", "location": "Tempat Posko jalan Ruteng Iteng, Dondas Dusun Golocala, mendirikan posko mandiri, bisa diakses transportasi umum.", "households": 14, "people": "70", "needs": "Beras 100kg, telur 18 papan, mie goreng 14 dus, terpal 1 lembar, susu, selimut, minyak goreng, vitamin suplemen, minyak kayu putih, obat obat flu dan batuk, Aqua.", "reporter": "Sulfianus Bagus", "contact": "81239020297", "photo": "7f4c056e393dd0b385bac9ffc5da9978.jpg", "status": "Belum Ditangani", "notes": "" }, "geometry": { "type": "Point", "coordinates": [ 120.408179, -8.669649 ] } },
{ "type": "Feature", "properties": { "region": "Dusun Kengko, Desa Rego", "location": "Dusun Kengko, Desa Rego, Kecamatan Macang Pacar, Kabupaten Manggarai Barat", "households": 25, "people": "100", "needs": "1. Sembako\r\n2. Matras\r\n3. Terpal\r\n4. Selimut\r\n5. Obat-obatan", "reporter": "Yanuarius Randi", "contact": "82141358652", "photo": "e4b9e501c4d67052a704642ff04cc052.jpg", "status": "Belum Ditangani", "notes": "" }, "geometry": { "type": "Point", "coordinates": [ 120.255333, -8.426366 ] } },
{ "type": "Feature", "properties": { "region": "Kabupaten Manggarai", "location": "PROVINSI NTT, KABUPATEN MANGGARAI,KECAMATAN CIBAL, DESA KENTOL", "households": 5, "people": "14", "needs": "Beras 50 kg, tikar, dan terpal", "reporter": "Gregorius Afrino Edok", "contact": "81239417318", "photo": "177577a4764ff73cebba9241a3483662.jpg", "status": "Belum Ditangani", "notes": "" }, "geometry": { "type": "Point", "coordinates": [ 120.459423, -8.477933 ] } },
{ "type": "Feature", "properties": { "region": "Kabupaten Manggarai", "location": "PROVINSI NTT, KABUPATEN MANGGARAI,KECAMATAN CIBAL, DESA KENTOL", "households": 5, "people": "14", "needs": "Beras 50 kg, tikar, dan terpal", "reporter": "Gregorius Afrino Edok", "contact": "81239417318", "photo": "761023316d16696007ff0806545c8e8b.jpg", "status": "Belum Ditangani", "notes": "" }, "geometry": { "type": "Point", "coordinates": [ 120.459423, -8.477933 ] } },
{ "type": "Feature", "properties": { "region": "Kabupaten Manggarai", "location": "PROVINSI NTT, KABUPATEN MANGGARAI,KECAMATAN CIBAL, DESA KENTOL", "households": 5, "people": "14", "needs": "Beras 50 kg, tikar, dan terpal", "reporter": "Gregorius Afrino Edok", "contact": "81239417318", "photo": "daf1b746a6c4aac586653ad4db100681.jpg", "status": "Belum Ditangani", "notes": "" }, "geometry": { "type": "Point", "coordinates": [ 120.459423, -8.477933 ] } },
{ "type": "Feature", "properties": { "region": "Cewang", "location": "Cewang,RT 004 RT 002 DESA UMUNG KEC.SATARMESE KAB.MANGGARAI", "households": 15, "people": "48", "needs": "* Beras 50 kg\r\n* Terpal\r\n* Pamppers\r\n* Selimut\r\n* Telur", "reporter": "Apolonius andur", "contact": "81350415739", "photo": "", "status": "Belum Ditangani", "notes": "" }, "geometry": { "type": "Point", "coordinates": [ 120.435906, -8.694869 ] } },
{ "type": "Feature", "properties": { "region": "Nanga rema, Haju wangi", "location": "Nanga Rema, desa Haju wangi, kecamatan Lamba Leda Utara , kabupaten Manggarai timur, NTT", "households": 45, "people": "250jiwa", "needs": "• Bantuan perbaikan rumah terancam runtuh\r\n• Obat-obatan\r\n• Tenda\r\n• Logistik\r\n• Air minum", "reporter": "Muhammad Nur", "contact": "81312494023", "photo": "a76bb68128317e9617816f0345abf4f8.jpg", "status": "Belum Ditangani", "notes": "" }, "geometry": { "type": "Point", "coordinates": [ 120.687816, -8.330337 ] } },
{ "type": "Feature", "properties": { "region": "Manggarai", "location": "Golocala, RT.009/RW.004, desa umung", "households": 8, "people": "30", "needs": "Beras, mie, minyak goreng, selimut, telur, terpal,  pamper anak,vitamin supelema, susu, air Aqua,", "reporter": "Sulfianus Bagus", "contact": "81239020297", "photo": "c44f226aeb9f2605ea3717d99661a817.jpg", "status": "Belum Ditangani", "notes": "" }, "geometry": { "type": "Point", "coordinates": [ 120.408697, -8.669806 ] } },
{ "type": "Feature", "properties": { "region": "Manggarai", "location": "Nusa tenggara Timur", "households": 4, "people": "15", "needs": "Makanan dan sayuran", "reporter": "Margareta", "contact": "82145252094", "photo": "b33ca703d1e7bac7230ce5932a46c87e.jpg", "status": "Belum Ditangani", "notes": "" }, "geometry": { "type": "Point", "coordinates": [ 120.463457, -8.566183 ] } },
{ "type": "Feature", "properties": { "region": "Cewang", "location": "Cewang RT 004 RW 002 DESA UMUNG KECAMATAN SATAR MESE KAB.MANGGARAI", "households": 10, "people": "38 orang", "needs": "Selimut.sembako telur beras 50 kg terpal", "reporter": "APOLONIUS ANDUR", "contact": "81350415739", "photo": "450aca05d9940ed39d35876645f3fd7a.jpg", "status": "Belum Ditangani", "notes": "" }, "geometry": { "type": "Point", "coordinates": [ 120.435906, -8.694869 ] } },
{ "type": "Feature", "properties": { "region": "Manggarai", "location": "Golocala, RT.001/RW.001", "households": 20, "people": "50", "needs": "• Beras \r\n• Minyak goreng \r\n• Telur \r\n• Susu \r\n• Obat suplemen\r\n• Selimut\r\n• Pampers anak\r\n• Air Aqua, terpal\r\nMie goreng", "reporter": "Sulfianus Bagus", "contact": "81239020297", "photo": "1eb4ad81f7da346ff9ebd466fc8ab947.jpg", "status": "Belum Ditangani", "notes": "" }, "geometry": { "type": "Point", "coordinates": [ 120.408397, -8.669913 ] } },
{ "type": "Feature", "properties": { "region": "Manggarai Barat", "location": "Warsawe desa cunca Wulang kecamatan mbeling", "households": 3, "people": "8", "needs": "Pasi, semen, beras, selimut", "reporter": "Hendrikus mihu", "contact": "82146209379", "photo": "172942c37e21f1ae6fb7796df2bd7eeb.jpg", "status": "Belum Ditangani", "notes": "" }, "geometry": { "type": "Point", "coordinates": [ 120.019197, -8.566136 ] } },
{ "type": "Feature", "properties": { "region": "Dusun Otorajo, Desa Ratewati, Kec. Wewaria, kab Ende", "location": "Dusun Otorajo, Desa Ratewati, Kec. Wewaria, kab Ende", "households": 40, "people": "-", "needs": "- Mie\r\n- Telur\r\n- Beras", "reporter": "Maksimilianus Mari", "contact": "8770719608", "photo": "acd75e3cd859a98f0fa608782346b9e2.jpg", "status": "Belum Ditangani", "notes": "" }, "geometry": { "type": "Point", "coordinates": [ 121.65586, -8.624617 ] } },
{ "type": "Feature", "properties": { "region": "KABUPATEN MANGGARAI", "location": "KABUPATEN MANGGARAI PROVINSI NUSA TENGGARA TIMUR", "households": 1, "people": "5", "needs": "Butuh beras 50 kg,obat obatan dan selimut.", "reporter": "KAROLINA SUMARNI DANSI", "contact": "81237331704", "photo": "ab5db4469b6100665255b1def8e1b02a.jpg", "status": "Belum Ditangani", "notes": "" }, "geometry": { "type": "Point", "coordinates": [ 120.460968, -8.61257 ] } },
{ "type": "Feature", "properties": { "region": "Dusun Otorajo, Desa Ratewati, Kec. Wewaria, kab Ende", "location": "Dusun Otorajo, Desa Ratewati, Kec. Wewaria, kab Ende", "households": 40, "people": "-", "needs": "- Mie\r\n- Telur\r\n- Beras", "reporter": "Maksimilianus Mari", "contact": "8770719608", "photo": "31070413a88f515fbd77ec161d221299.jpg", "status": "Belum Ditangani", "notes": "" }, "geometry": { "type": "Point", "coordinates": [ 121.65586, -8.624617 ] } },
{ "type": "Feature", "properties": { "region": "Nusa Tenggara Timur", "location": "Kusu RT 006/004", "households": 1, "people": "4", "needs": "1. Beras (100 Kg)\r\n2. Telur (5 papap)\r\n3. Mie instan (5 dos)\r\n4. Minyak goreng (1 serigen)\r\n5. Gula (5 Kg)", "reporter": "Frederikus Banggur", "contact": "81398688713", "photo": "", "status": "Belum Ditangani", "notes": "" }, "geometry": { "type": "Point", "coordinates": [ 120.383677, -8.63226 ] } },
{ "type": "Feature", "properties": { "region": "Manggarai", "location": "Nampong, RT.008/RT.004, Desa Umung", "households": 1, "people": "4", "needs": "• Beras\r\n• Minyak goreng\r\n• Susu\r\n• Telur", "reporter": "Sulfianus Bagus", "contact": "85239348343", "photo": "9ec4a7d80828a22ed266974d122f2e78.jpg", "status": "Belum Ditangani", "notes": "" }, "geometry": { "type": "Point", "coordinates": [ 120.408525, -8.670126 ] } },
{ "type": "Feature", "properties": { "region": "Nusa Tenggara Timur", "location": "Kusu RT 005 /004 Desa Pong Lao Kecamatan Ruteng Kabupaten Manggarai Propinsi NTT", "households": 1, "people": "4", "needs": "Beras 100 Kg, telur 5 Papan, mie instan 5 Doss, gula 10 kg", "reporter": "Frederikus Banggur", "contact": "81398688713", "photo": "2c54120c694680f38990fef7d7cb9c94.jpg", "status": "Belum Ditangani", "notes": "" }, "geometry": { "type": "Point", "coordinates": [ 120.382948, -8.634267 ] } },
{ "type": "Feature", "properties": { "region": "Reo", "location": "Tanah Putih, RT 012 RW 003 Kelurahan Mata Air Kecamatan Reok Kabupaten Manggarai, NTT", "households": 30, "people": "300", "needs": "Beras 300 kg, terpal 10 lembar, mie 20 dos, air mineral 30 dos, telur 30 lusin", "reporter": "Robertus Karmanto", "contact": "82237930456", "photo": "ade7cf009ef5f80a68a5f0449e144f77.jpg", "status": "Belum Ditangani", "notes": "" }, "geometry": { "type": "Point", "coordinates": [ 120.485097, -8.309031 ] } },
{ "type": "Feature", "properties": { "region": "Gulungg", "location": "Gulung, desa pongleko, kec ruteng,kab manggarai", "households": 110, "people": "1000", "needs": "Terpal, sembako,", "reporter": "Geofridus jalu", "contact": "81353668183", "photo": "8661575f71db05587207e3de6b1c42f9.jpg", "status": "Belum Ditangani", "notes": "" }, "geometry": { "type": "Point", "coordinates": [ 120.353842, -8.630631 ] } },
{ "type": "Feature", "properties": { "region": "Golowatu", "location": "Golowatu, desa golowatu kec. Wae rii, kab. Manggarai", "households": 1, "people": "5", "needs": "Butuh sembako dan material untuk renovasi kerusakan rumah", "reporter": "Rikardus San", "contact": "81238881049", "photo": "addfbf056e6b479ae98593a86b6bbe61.jpg", "status": "Belum Ditangani", "notes": "" }, "geometry": { "type": "Point", "coordinates": [ 120.465088, -8.609968 ] } },
{ "type": "Feature", "properties": { "region": "Golocala rt 001 rw 001 desa umung,kecamatan satarmese kab.manggarai", "location": "Golocala rt 001 rw 001 desa umung,kecamatan satarmese kab.manggarai", "households": 1, "people": "5", "needs": "Butuh beras 50 kg", "reporter": "Riakardus anus agung", "contact": "81350415739", "photo": "f7aec63832df2c18d80436407bdc354b.jpg", "status": "Belum Ditangani", "notes": "" }, "geometry": { "type": "Point", "coordinates": [ 120.435749, -8.694896 ] } },
{ "type": "Feature", "properties": { "region": "Manggarai", "location": "Golocala,RT.00 Desa Umung,", "households": 2, "people": "8", "needs": "Butuh Beras, minyak goreng, telur, susu, obat suplemen makanan", "reporter": "Fransiskus Jehatu", "contact": "81239020297", "photo": "77b64f776b0eaa45095f982737a2d475.jpg", "status": "Belum Ditangani", "notes": "" }, "geometry": { "type": "Point", "coordinates": [ 120.410974, -8.67145 ] } },
{ "type": "Feature", "properties": { "region": "Nusa Tenggara Timur", "location": "Kusu RT 001/002 Desa pong Lao Kecamatan Ruteng Kabupaten Manggarai Propinsi NTT", "households": 1, "people": "4", "needs": "• 100 Kg beras\r\n• 5 Papan telur\r\n• 5 Doss mie instant\r\n• Susu untuk usia 3 Tahun\r\n• Gula 25 Kg", "reporter": "Frederikus Banggur", "contact": "81398688713", "photo": "f0ec544a8fd4a03e9638518dc4b7f926.jpg", "status": "Belum Ditangani", "notes": "" }, "geometry": { "type": "Point", "coordinates": [ 120.3843, -8.632759 ] } },
{ "type": "Feature", "properties": { "region": "Nagekeo", "location": "Kecamatan: Keo Tengah\r\nDesa : Mbaenuamuri\r\nDusun: 04\r\nRt : 09", "households": 36, "people": "150", "needs": "Beras, kopi gula, minyak, telur, bawang, garam ajino,obat obatan, sayur, air bersih, sabun, rinso, mie, susu", "reporter": "Maria Koltide yenti", "contact": "81246301370", "photo": "aa55b278a3b5254901b146787627f3c2.jpg", "status": "Belum Ditangani", "notes": "" }, "geometry": { "type": "Point", "coordinates": [ 120.635376, -8.750009 ] } },
{ "type": "Feature", "properties": { "region": "Nagekeo", "location": "Kecamatan: Keo Tengah\r\nDesa : Mbaenuamuri\r\nDusun: 04\r\nRt : 09", "households": 36, "people": "150", "needs": "Beras, kopi gula, minyak, telur, bawang, garam ajino,obat obatan, sayur, air bersih, sabun, rinso, mie, susu", "reporter": "Maria Koltide yenti", "contact": "81246301370", "photo": "995d91d406977dc86747c87875cfcf1c.jpg", "status": "Belum Ditangani", "notes": "" }, "geometry": { "type": "Point", "coordinates": [ 120.635376, -8.750009 ] } },
{ "type": "Feature", "properties": { "region": "Pacar", "location": "Desa Pacar,Kec.Pacar,Kab. Manggarai Barat", "households": 1, "people": "7 orang", "needs": "Tenda darurat, beras dan obat flu batuk", "reporter": "ogen tasong", "contact": "8123965887", "photo": "dc615dd224889f8b4430107af59ecace.jpeg", "status": "Belum Ditangani", "notes": "" }, "geometry": { "type": "Point", "coordinates": [ 120.201352, -8.48535 ] } },
{ "type": "Feature", "properties": { "region": "Manggarai", "location": "Wari, desa Bangka Lao, kecamatan Ruteng,kab.Manggarai, propinsi NTT", "households": 2, "people": "11", "needs": "Tenda,selimut,beras dan makanan lainnya", "reporter": "Mersiana Jelita", "contact": "81247034438", "photo": "bc3a571c72d1b087d062eeda54754a16.jpg", "status": "Belum Ditangani", "notes": "" }, "geometry": { "type": "Point", "coordinates": [ 120.391381, -8.637684 ] } },
{ "type": "Feature", "properties": { "region": "Manggarai", "location": "Desa Bangka Lao", "households": 653, "people": "2551", "needs": "Beras 500 Kg, Minyak Goreng, Mie, Air Minum, Obat, terpal", "reporter": "Fersianus Panyol", "contact": "8144000367", "photo": "2cef4f554403071094ca7f31f2bca5d6.jpg", "status": "Belum Ditangani", "notes": "" }, "geometry": { "type": "Point", "coordinates": [ 120.392847, -8.616529 ] } },
{ "type": "Feature", "properties": { "region": "Manggarai Timur", "location": "Desa Sisir/Dusun Lait", "households": 65, "people": "240", "needs": "Berupa sembako", "reporter": "Bibiana Ihing", "contact": "81353137448", "photo": "03dc7c0a555d9ae8fa4e42dff39ea5cf.jpg", "status": "Belum Ditangani", "notes": "" }, "geometry": { "type": "Point", "coordinates": [ 120.692244, -8.484743 ] } },
{ "type": "Feature", "properties": { "region": "Nusa Tenggara Timur", "location": "Kusu,Desa Pong Lao Kecamatan Ruteng Kabupaten Manggarai Propinsi NTT", "households": 2, "people": "10", "needs": "Beras 100 Kg, Mie Instan 10 Dos,Telur 5 Papan", "reporter": "Frederikus Banggur", "contact": "81398688713", "photo": "26adfcc9f2d9051fcab07479c3587b7f.jpg", "status": "Belum Ditangani", "notes": "" }, "geometry": { "type": "Point", "coordinates": [ 120.382733, -8.636276 ] } },
{ "type": "Feature", "properties": { "region": "Kabupaten manggrai", "location": "Kampung gangkas, desa Golo Lanak kecamatan Cibal barat", "households": 78, "people": "337", "needs": "Beras, telur, indomie,minyak goreng, air minum bersih", "reporter": "Goldevansi Jehadan", "contact": "81238049977", "photo": "958b325a495d914cf9cbb2378b17f576.jpg", "status": "Belum Ditangani", "notes": "" }, "geometry": { "type": "Point", "coordinates": [ 120.394464, -8.451117 ] } },
{ "type": "Feature", "properties": { "region": "Kabupaten manggrai", "location": "Kampung gangkas, desa Golo Lanak kecamatan Cibal barat", "households": 78, "people": "337", "needs": "Beras, telur, indomie,minyak goreng, air minum bersih", "reporter": "Goldevansi Jehadan", "contact": "81238049977", "photo": "3e5d8bfd0f8a7ebec45ed2e39f2cf103.jpg", "status": "Belum Ditangani", "notes": "" }, "geometry": { "type": "Point", "coordinates": [ 120.394464, -8.451117 ] } },
{ "type": "Feature", "properties": { "region": "Manggarai Timur", "location": "Desa Sisir/Dusun Lait/RT:001 RW:002", "households": 65, "people": "240", "needs": "Sembako", "reporter": "BIBIANA IHING", "contact": "81353137448", "photo": "4adddc451cb9aa3e9dc1c5532da5c80e.jpg", "status": "Belum Ditangani", "notes": "" }, "geometry": { "type": "Point", "coordinates": [ 120.692244, -8.484743 ] } },
{ "type": "Feature", "properties": { "region": "Manggarai Timur", "location": "Desa Sisir/Dusun Lait/RT:001 RW:002", "households": 65, "people": "240", "needs": "Sembako", "reporter": "BIBIANA IHING", "contact": "81353137448", "photo": "e4caeeff90c91e25572c83086ea74bc1.jpg", "status": "Belum Ditangani", "notes": "" }, "geometry": { "type": "Point", "coordinates": [ 120.692244, -8.484743 ] } },
{ "type": "Feature", "properties": { "region": "Barang. Golo Lajang Barat. Kabupaten Manggarai Barat", "location": "Kampung Barang, Dusun Kake, Desa Golo Lajang Barat, Kabupaten Manggarai Barat", "households": 40, "people": "200", "needs": "• Sembako\r\n• Terpal\r\n• Selimut", "reporter": "YUSTINUS LISENSIUS ANGGUR", "contact": "82266399921", "photo": "244d333b9e5ef495813aef9d1c7134bc.jpg", "status": "Belum Ditangani", "notes": "" }, "geometry": { "type": "Point", "coordinates": [ 120.225848, -8.535287 ] } },
{ "type": "Feature", "properties": { "region": "Barang. Golo Lajang Barat. Kabupaten Manggarai Barat", "location": "Kampung Barang, Dusun Kake, Desa Golo Lajang Barat, Kabupaten Manggarai Barat", "households": 40, "people": "200", "needs": "• Sembako\r\n• Terpal\r\n• Selimut", "reporter": "YUSTINUS LISENSIUS ANGGUR", "contact": "82266399921", "photo": "3f98c73e117cebf159e51870572f12fe.jpg", "status": "Belum Ditangani", "notes": "" }, "geometry": { "type": "Point", "coordinates": [ 120.225848, -8.535287 ] } },
{ "type": "Feature", "properties": { "region": "Kabupaten Manggara", "location": "RT 009 RW 004 Dusun Gumbang Desa Riung Kecamatan Cibal Kabupaten Manggarai", "households": 2, "people": "7", "needs": "Butuh Beras 50. kg,Minyak Goreng dan juga selimut juga dan tenda", "reporter": "Benyamin Saragosa Dalis Tahir", "contact": "81239931340", "photo": "70486969e6a655d076bef33dc7629cb0.jpeg", "status": "Belum Ditangani", "notes": "" }, "geometry": { "type": "Point", "coordinates": [ 120.47715, -8.445819 ] } },
{ "type": "Feature", "properties": { "region": "Nagekeo", "location": "RT 02 Lape kec aesesa,kab nagekeo,propinsi ntt", "households": 15, "people": "115", "needs": "Bersama 150 kg,air bersih 5000 liter,akua 25 dos, mie 20 dos,selimut,terpal,tikar,minyak goreng dan obat obatan.", "reporter": "Maria Te'a", "contact": "+62 813-5343-2251", "photo": "", "status": "Belum Ditangani", "notes": "" }, "geometry": { "type": "Point", "coordinates": [ 121.28299, -8.611026 ] } },
{ "type": "Feature", "properties": { "region": "Nagekeo", "location": "RT 02 Lape,kec.aesesa,kab.nagekeo,propinsi ntt", "households": 15, "people": "115", "needs": "Beras 150 kg, air bersih 5000 liter,akua 25 dos,minyak goreng 10 liter,mie 25 dos,selimut,tikar,terpal dan obat obatan", "reporter": "Maria Te'a", "contact": "+62 813-5343-2251", "photo": "e12d0e9af1f299ce453892e9442f2439.jpg", "status": "Belum Ditangani", "notes": "" }, "geometry": { "type": "Point", "coordinates": [ 121.284943, -8.599448 ] } },
{ "type": "Feature", "properties": { "region": "Kelurahan satar Tacik", "location": "Kab Manggarai", "households": 1, "people": "7", "needs": "Perbaikan Rumah' yang rusak", "reporter": "Manseltus Rusmin Nuriadin", "contact": "82146036617", "photo": "d97b615c2699db2de28d72d5f725f55f.jpg", "status": "Belum Ditangani", "notes": "" }, "geometry": { "type": "Point", "coordinates": [ 120.480663, -8.601701 ] } },
{ "type": "Feature", "properties": { "region": "Kabupaten Manggarai", "location": "Weli, Rt 006/Rw 003,Dusun Weli, Desa Bea Mese, kecamatan Cibal, kabupaten Manggarai", "households": 215, "people": "776", "needs": "", "reporter": "Rino Hasko", "contact": "89654726196", "photo": "ec7d6ba510ff73251a0a5b65d0c3c2dc.jpg", "status": "Belum Ditangani", "notes": "" }, "geometry": { "type": "Point", "coordinates": [ 120.493099, -8.490191 ] } },
{ "type": "Feature", "properties": { "region": "Ndiwar,kecamatan lelak kab.mqanggarai", "location": "Ndiwar", "households": 1, "people": "5", "needs": "• Makanan dan minuman\r\n• Obat-obatan\r\n• Uang", "reporter": "Maria fatima jaiman", "contact": "82152043474", "photo": "7a27bd08b34c879d0da0a58661b7665b.jpg", "status": "Belum Ditangani", "notes": "" }, "geometry": { "type": "Point", "coordinates": [ 120.471954, -8.607215 ] } },
{ "type": "Feature", "properties": { "region": "Ruteng", "location": "Kumba", "households": 1, "people": "5", "needs": "Beras, obat-obatan, uang kos karna kami anak anak sedang bersekolah di perantauan", "reporter": "Katarina Aprilia Suryati", "contact": "82133153473", "photo": "6f511db2e04e0a41230a7cb11256b4ad.jpg", "status": "Belum Ditangani", "notes": "" }, "geometry": { "type": "Point", "coordinates": [ 120.468521, -8.608015 ] } },
{ "type": "Feature", "properties": { "region": "REO", "location": "Tempode", "households": 25, "people": "50", "needs": "Butuh beras 500 kg,butuh minyak goreng,butuh pampers bayi usia 1-5 tahun, butuh susu bayi 1-5 tahun", "reporter": "Aurelia Nandis", "contact": "81337454131", "photo": "42cc98c0ed0c22711f884eff6e7f055f.jpg", "status": "Belum Ditangani", "notes": "" }, "geometry": { "type": "Point", "coordinates": [ 120.39093, -8.321333 ] } },
{ "type": "Feature", "properties": { "region": "REO", "location": "Tempode", "households": 25, "people": "50", "needs": "Butuh beras 500 kg,butuh minyak goreng,butuh pampers bayi usia 1-5 tahun, butuh susu bayi 1-5 tahun", "reporter": "Aurelia Nandis", "contact": "81337454131", "photo": "a6bf85fed89dc48ce59f9999de687a10.jpg", "status": "Belum Ditangani", "notes": "" }, "geometry": { "type": "Point", "coordinates": [ 120.39093, -8.321333 ] } },
{ "type": "Feature", "properties": { "region": "Manggarai Barat", "location": "Desa Rego, Kecamatan Macang Pacar, Kab. Manggarai Barat", "households": 1, "people": "2", "needs": "Selimut dan Sembako", "reporter": "Saverinus Suwarno", "contact": "81236051544", "photo": "e1fd023722356f768cc23749471b6a2e.jpg", "status": "Belum Ditangani", "notes": "" }, "geometry": { "type": "Point", "coordinates": [ 120.541992, -8.511414 ] } },
{ "type": "Feature", "properties": { "region": "Manggarai Barat", "location": "Desa Rego, Kecamatan Macang Pacar, Kab. Manggarai Barat", "households": 1, "people": "2", "needs": "Selimut dan Sembako", "reporter": "Saverinus Suwarno", "contact": "81236051544", "photo": "8b5b18e2a57e8625f13161fcdd204516.jpg", "status": "Belum Ditangani", "notes": "" }, "geometry": { "type": "Point", "coordinates": [ 120.541992, -8.511414 ] } },
{ "type": "Feature", "properties": { "region": "Desa pong murung kecamatan Ruteng Kabupaten Manggarai", "location": "Purek desa Beo Rahong kecamatan Ruteng Kabupaten Manggarai Nusa tenggara Timur", "households": 22, "people": "150", "needs": "Beras 50 kg, selimut, terpal tenda, obat,air minum, sanitasi,", "reporter": "Laurensius", "contact": "82144879248", "photo": "87eefbadb520314ad639a40202797626.jpg", "status": "Belum Ditangani", "notes": "" }, "geometry": { "type": "Point", "coordinates": [ 120.382923, -8.573064 ] } },
{ "type": "Feature", "properties": { "region": "Desa Pong Leko Kec. Ruteng Kab. Manggarai", "location": "RT 004 RW 003 Ngarong Desa Pong Leko Kec. Ruteng", "households": 1, "people": "6", "needs": "Beras 50 kg, Minyak Goreng 5 Liter, Selimut, tenda tidur di luar rumah", "reporter": "Saferinus Gonsaga Hardi", "contact": "82237385405", "photo": "", "status": "Belum Ditangani", "notes": "" }, "geometry": { "type": "Point", "coordinates": [ 120.343984, -8.607813 ] } },
{ "type": "Feature", "properties": { "region": "Kabupaten Manggarai, Nusa Tenggara Timur", "location": "Anam, Desa Bulan, Kecamatan Ruteng, Kabupaten Manggarai, Nusa Tenggara Timur", "households": 3, "people": "17", "needs": "Butuh Beras 100 Kg, Obat-obatan luka, Selimut dan perlengkapan Sekolah Anak,dan Kebutuhan Protein", "reporter": "Maksimus Mbuput", "contact": "81239812719", "photo": "e50cdda89d7fb1926d27ee621439bd5a.jpg", "status": "Belum Ditangani", "notes": "" }, "geometry": { "type": "Point", "coordinates": [ 120.365074, -8.624626 ] } },
{ "type": "Feature", "properties": { "region": "MANGGARAI", "location": "Manggarai,kec.ruteng,Anam, desa bulan", "households": 3, "people": "17", "needs": "Obat-obatan, beras", "reporter": "AVENTINA NADIA DIDU", "contact": "81236846441", "photo": "99df2767bcf45a5108322c8e33427a82.jpg", "status": "Belum Ditangani", "notes": "" }, "geometry": { "type": "Point", "coordinates": [ 120.352545, -8.634504 ] } },
{ "type": "Feature", "properties": { "region": "Desa Golo lijun kecamatan elar kabupaten Manggarai Timur", "location": "desa Golo lijun merupakan daerah yang berada di pesisir Pantura terkena dampak gempa pada tanggal 15 Agustus 2026 sehingga saat ini masyarakat masih mengungsi ke daerah dataran tinggi untuk menghindari gempa dan tsunami", "households": 400, "people": "1800", "needs": "Butuh beras 50 kg per KK minyak Bimoli mie obat obatan dan pakaian", "reporter": "Zainal Basri", "contact": "81991503507", "photo": "d0b964b9c8d9df89da522f002ab41f21.jpg", "status": "Belum Ditangani", "notes": "" }, "geometry": { "type": "Point", "coordinates": [ 120.532239, -8.485369 ] } },
{ "type": "Feature", "properties": { "region": "Maumere", "location": "Pada Sabtu, 15 Agustus 2026, telah terjadi gempa bumi yang menyebabkan kerusakan pada bagian rumah. Salah satu kerusakan yang terlihat adalah retakan memanjang pada dinding/tembok bagian dalam rumah, terutama di sekitar sisi kusen jendela.\r\n\r\nRetakan terl", "households": 8, "people": "0", "needs": "* Beras sekitar 50 kg\r\n* Bahan pangan dan makanan siap saji\r\n* Air minum\r\n* Obat-obatan dan perlengkapan kesehatan\r\n* Pakaian layak pakai\r\n* Semen dan bahan bangunan untuk memperbaiki rumah yang rusak\r\n* Kebutuhan pokok lainnya", "reporter": "Julian Elias Parera", "contact": "81283541004", "photo": "ca5934ff789f910811b239eecd920834.png", "status": "Belum Ditangani", "notes": "" }, "geometry": { "type": "Point", "coordinates": [ 122.234879, -8.635863 ] } },
{ "type": "Feature", "properties": { "region": "Maumere", "location": "Pada Sabtu, 15 Agustus 2026, telah terjadi gempa bumi yang menyebabkan kerusakan pada bagian rumah. Salah satu kerusakan yang terlihat adalah retakan memanjang pada dinding/tembok bagian dalam rumah, terutama di sekitar sisi kusen jendela.\r\n\r\nRetakan terl", "households": 8, "people": "0", "needs": "* Beras sekitar 50 kg\r\n* Bahan pangan dan makanan siap saji\r\n* Air minum\r\n* Obat-obatan dan perlengkapan kesehatan\r\n* Pakaian layak pakai\r\n* Semen dan bahan bangunan untuk memperbaiki rumah yang rusak\r\n* Kebutuhan pokok lainnya", "reporter": "Julian Elias Parera", "contact": "81283541004", "photo": "fe38bf28ef9dd16f002ed462dae256ad.png", "status": "Belum Ditangani", "notes": "" }, "geometry": { "type": "Point", "coordinates": [ 122.234879, -8.635863 ] } },
{ "type": "Feature", "properties": { "region": "Maumere", "location": "Pada Sabtu, 15 Agustus 2026, telah terjadi gempa bumi yang menyebabkan kerusakan pada bagian rumah. Salah satu kerusakan yang terlihat adalah retakan memanjang pada dinding/tembok bagian dalam rumah, terutama di sekitar sisi kusen jendela.\r\n\r\nRetakan terl", "households": 8, "people": "0", "needs": "* Beras sekitar 50 kg\r\n* Bahan pangan dan makanan siap saji\r\n* Air minum\r\n* Obat-obatan dan perlengkapan kesehatan\r\n* Pakaian layak pakai\r\n* Semen dan bahan bangunan untuk memperbaiki rumah yang rusak\r\n* Kebutuhan pokok lainnya", "reporter": "Julian Elias Parera", "contact": "81283541004", "photo": "28c552b3aef30ea26041174b8efb0784.png", "status": "Belum Ditangani", "notes": "" }, "geometry": { "type": "Point", "coordinates": [ 122.234879, -8.635863 ] } },
{ "type": "Feature", "properties": { "region": "Desa Golo lijun kecamatan elar kabupaten Manggarai Timur", "location": "desa Golo lijun merupakan daerah yang berada di pesisir Pantura terkena dampak gempa pada tanggal 15 Agustus 2026 sehingga saat ini masyarakat masih mengungsi ke daerah dataran tinggi untuk menghindari gempa dan tsunami", "households": 400, "people": "1800", "needs": "Butuh beras 50 kg per KK minyak Bimoli mie obat obatan dan pakaian", "reporter": "Zainal Basri", "contact": "81991503507", "photo": "b96cfb2ee6a3f4169d8ed2cbee7c0799.jpg", "status": "Belum Ditangani", "notes": "" }, "geometry": { "type": "Point", "coordinates": [ 120.532239, -8.485369 ] } },
{ "type": "Feature", "properties": { "region": "Nagekeo", "location": "RT 29 Kelurahan Danga, Kecamatan Aesesa, Kabupaten Nagekeo, Nusa Tenggara Timur", "households": 1, "people": "9", "needs": "Beras 50 kg, \r\ntelur 5 rak, \r\nmie instan 2 dos,\r\n air mineral 3 dos, \r\nSnack anak-anak.", "reporter": "Herman yosep Mbila", "contact": "82359262010", "photo": "eb039c1039b40f601e7ba1fd0cb1ff71.jpg", "status": "Belum Ditangani", "notes": "" }, "geometry": { "type": "Point", "coordinates": [ 121.265872, -8.566311 ] } },
{ "type": "Feature", "properties": { "region": "Tureng, Desa Nggalak", "location": "Tureng, RT 012,RW 006, Desa Nggalak, Kec. Reok Barat, Kab. Manggarai,NTT.", "households": 1, "people": "5", "needs": "bahan bangunan rumah", "reporter": "Ambrosius Ambon", "contact": "82341643786", "photo": "aef5b279c51b5928ab0aac157d3a36f2.jpeg", "status": "Belum Ditangani", "notes": "" }, "geometry": { "type": "Point", "coordinates": [ 120.293578, -8.393413 ] } },
{ "type": "Feature", "properties": { "region": "Mbay Nagekeo", "location": "RT 29 Rewokoli Kelurahan Danga, Kecamatan Aesesa Kabupaten Nagekeo", "households": 2, "people": "5", "needs": "Beras, Minyak goreng, Mie, Telur, Obat dan kenutuhan untuk rumah darurat", "reporter": "Ida Mariana Singgu", "contact": "82236195488", "photo": "e0973170899798a1a94ca904fab64ea1.jpg", "status": "Belum Ditangani", "notes": "" }, "geometry": { "type": "Point", "coordinates": [ 121.271388, -8.57584 ] } },
{ "type": "Feature", "properties": { "region": "Waemburung", "location": "Kampung waemburung,  desa nggolonio kecamatan aesesa", "households": 75, "people": "250", "needs": "Beras,  mi instan,  telur ayam,  minyak goreng,  selimut,  \r\nDan renovasi rumah", "reporter": "Gabriel Edi", "contact": "81353089661", "photo": "4d348a577ce56c8621c72da8722ef0fa.jpg", "status": "Belum Ditangani", "notes": "" }, "geometry": { "type": "Point", "coordinates": [ 121.404419, -8.621481 ] } },
{ "type": "Feature", "properties": { "region": "Kabupaten Nagekeo", "location": "Mbaling Kampung Lama, Dusun Nggolo Olo", "households": 5, "people": "12", "needs": "Beras, 50 Kg, Selimut, Popok bay, susu dan makan minum lainnya", "reporter": "Kamarudin Laget", "contact": "085348772 696", "photo": "3672f744c1737aa19d95d2ef6b635d4a.jpg", "status": "Belum Ditangani", "notes": "" }, "geometry": { "type": "Point", "coordinates": [ 120.168457, -8.635682 ] } },
{ "type": "Feature", "properties": { "region": "Desa dimpong,dusun wae munta", "location": "Provinsi NTT\r\nKabupaten manggarai(Induk)\r\nKecamatan Rahong utara \r\nDesa dimpong", "households": 1, "people": "5", "needs": "Beras, uang dan minyak goreng telur\r\nDan lain lain", "reporter": "Viktor aprilius reno", "contact": "082 144 357 601", "photo": "93f1510806db5422814492adf09ca7d5.png", "status": "Belum Ditangani", "notes": "" }, "geometry": { "type": "Point", "coordinates": [ 120.435, -8.591 ] } },
{ "type": "Feature", "properties": { "region": "Manggarai barat", "location": "Mawe,desa golo lajang barat kecamatan pacar kab. Manggarai Barat", "households": 1, "people": "7", "needs": "Pasir dan semen", "reporter": "Damasus Dahar", "contact": "81339515919", "photo": "03dda3511e09422f1a25940879636241.jpg", "status": "Belum Ditangani", "notes": "" }, "geometry": { "type": "Point", "coordinates": [ 120.110766, -8.733204 ] } },
{ "type": "Feature", "properties": { "region": "Manggarai barat", "location": "Mawe,desa golo lajang barat kecamatan pacar kab. Manggarai Barat", "households": 1, "people": "7", "needs": "Pasir dan semen", "reporter": "Damasus Dahar", "contact": "81339515919", "photo": "b7c2d6a9755464bf52d7d29113f83bc8.jpg", "status": "Belum Ditangani", "notes": "" }, "geometry": { "type": "Point", "coordinates": [ 120.110766, -8.733204 ] } },
{ "type": "Feature", "properties": { "region": "Manggarai", "location": "Nusa Tenggara Timur, Kabupaten Manggarai \r\nKecamatan cibal barat , desa compang cibal", "households": 2, "people": "0", "needs": "", "reporter": "Getrudis pongur", "contact": "81337578665", "photo": "5ead66cf4e9eac2fcbe02d3bde12d6d7.jpg", "status": "Belum Ditangani", "notes": "" }, "geometry": { "type": "Point", "coordinates": [ 120.447041, -8.512221 ] } },
{ "type": "Feature", "properties": { "region": "Manggarai", "location": "Nusa Tenggara Timur, Kabupaten Manggarai \r\nKecamatan cibal barat , desa compang cibal", "households": 2, "people": "0", "needs": "", "reporter": "Getrudis pongur", "contact": "81337578665", "photo": "4f35f3b1a11ad5170d4999f9030bef0f.jpg", "status": "Belum Ditangani", "notes": "" }, "geometry": { "type": "Point", "coordinates": [ 120.447041, -8.512221 ] } },
{ "type": "Feature", "properties": { "region": "Olanage-natanage timur-boawae", "location": "Olanage,RT 10,RW 04", "households": 1, "people": "5", "needs": "Beras 50 kg,obat batuk pilek,selimut,susu,telur,mi instan", "reporter": "Hendrikus Kasimirus Lelo Gaba mite", "contact": "82155533558", "photo": "ac78cec60465e12f28061d3e16147e33.jpg", "status": "Belum Ditangani", "notes": "" }, "geometry": { "type": "Point", "coordinates": [ 121.151733, -8.766027 ] } },
{ "type": "Feature", "properties": { "region": "Kabupaten Manggarai", "location": "Kampung Gorontalo, desa robek, kec.reok, kab.manggarai, Prov. Nusa Tenggara Timur", "households": 50, "people": "250", "needs": "Beras 2000 Kg, mie 100 dos,telur 50 papan", "reporter": "Urbanus iren", "contact": "8521595943", "photo": "d9b25388e8f82598a6025a2335ce40d8.jpg", "status": "Belum Ditangani", "notes": "" }, "geometry": { "type": "Point", "coordinates": [ 120.396973, -8.283894 ] } },
{ "type": "Feature", "properties": { "region": "kab.Ende Desa Rukuramba RT 01Rw 01", "location": "puubheto RT001/RW001,Desa Rukuramba, kecamatan Ende, Kabupaten Ende, Nusa tenggara Timur", "households": 12, "people": "15 jiwa", "needs": "Butuh Beras 100 kg, telur, super mie, air mineral obat-obatan, selimut dan lampu cas", "reporter": "Maria Theresia Sao Ersin Theresia", "contact": "82143174543", "photo": "8112f9a09fe9e3849eac1e51e1a8ca79.jpg", "status": "Belum Ditangani", "notes": "" }, "geometry": { "type": "Point", "coordinates": [ 121.590834, -8.792016 ] } },
{ "type": "Feature", "properties": { "region": "kab.Ende Desa Rukuramba RT 01Rw 01", "location": "Puubheto, RT001/Rw001.desa rukuramba kecamatan Ende, kabupaten Ende Nusa tenggara Timur", "households": 4, "people": "12", "needs": "butuh beras 50 kilo air meniral, minyak, telur, super mie", "reporter": "Maria Theresia Sao Ersin Theresia", "contact": "82143174543", "photo": "9bafa28361f2d821c89ab36b20eb6052.jpg", "status": "Belum Ditangani", "notes": "" }, "geometry": { "type": "Point", "coordinates": [ 121.65144, -8.840564 ] } },
{ "type": "Feature", "properties": { "region": "kab.Ende Desa Rukuramba RT 01Rw 01", "location": "Puubheto, RT001/Rw001.desa rukuramba kecamatan Ende, kabupaten Ende Nusa tenggara Timur", "households": 4, "people": "12", "needs": "butuh beras 50 kilo air meniral, minyak, telur, super mie", "reporter": "Maria Theresia Sao Ersin Theresia", "contact": "82143174543", "photo": "f2331dd83606c69d62b985cda4736bc5.jpg", "status": "Belum Ditangani", "notes": "" }, "geometry": { "type": "Point", "coordinates": [ 121.65144, -8.840564 ] } },
{ "type": "Feature", "properties": { "region": "Nanga rema", "location": "Nangarema,desa haju wangi kec.lamba Leda Utara kab.manggarai timur", "households": 80, "people": "420", "needs": "Makanan siap saji, beras, mie instan, telur, air bersih,selimut dan obat&quot;", "reporter": "Bungati", "contact": "81236519647", "photo": "a73e6cd881f1daa492f67f0df7bf145a.jpg", "status": "Belum Ditangani", "notes": "" }, "geometry": { "type": "Point", "coordinates": [ 120.676575, -8.602408 ] } },
{ "type": "Feature", "properties": { "region": "Nanga rema", "location": "Nanga Rema Desa haju wangi,kec.lambaaleda Utara kab Manggarai Timur", "households": 80, "people": "420", "needs": "Makanan siap saji, beras, air bersih, mie instan ,telur, Selim dan obat&quot;", "reporter": "Bungati", "contact": "81236519647", "photo": "78749b582849315b4d22d3ee46f77f16.jpg", "status": "Belum Ditangani", "notes": "" }, "geometry": { "type": "Point", "coordinates": [ 120.693054, -8.586283 ] } },
{ "type": "Feature", "properties": { "region": "Mano-Nancang, Kecamatan Lambaleda Selatan, Kabupaten Manggarai Timur, Provinsi Nusa Tenggara Timur", "location": "Mano-Nancang, Kecamatan Lambaleda Selatan, Kabupaten Manggarai Timur, Provinsi Nusa Tenggara Timur", "households": 30, "people": "0", "needs": "Butuh Beras, Obat-obatan sebagai antisipasi gempa susualn dan minyak nagin karena semnatar tidur di luar rumah pakai tenda selimut, sembako lain seeperti mie, minyak goreng", "reporter": "Edward", "contact": "81238422144", "photo": "be620858d6a7f5d2c4e891b7e9396a1d.jpeg", "status": "Belum Ditangani", "notes": "" }, "geometry": { "type": "Point", "coordinates": [ 120.537643, -8.609478 ] } },
{ "type": "Feature", "properties": { "region": "Manggarai Tengah", "location": "Kabupaten Manggarai\r\nKecamatan Reok\r\nKelurahan Wangkung\r\nDesa/dusun Mahima", "households": 150, "people": "Sekitar kurang lebih 500 orang\r\nTermasuk orang tua dan anak²", "needs": "Beras 100kg,mie instan,telur,obat²an,selimut,tenda darurat,air bersih,susu anak²,pampers anak²", "reporter": "Agustinus mujur angke", "contact": "81337779544", "photo": "fba4f1c42d74c990f2d7a0ceceb6322a.jpg", "status": "Belum Ditangani", "notes": "" }, "geometry": { "type": "Point", "coordinates": [ 120.423889, -8.297376 ] } },
{ "type": "Feature", "properties": { "region": "Manggarai Timur", "location": "Nenu, Desa Paan Leleng, Kec. Kota Komba Utara, Manggarai Timur, NTT", "households": 2, "people": "10", "needs": "Beras 50 kg, Selimut 10, Obat-obatan, pakayan dan susu", "reporter": "Ignasius Sion", "contact": "85253924561", "photo": "e3fe7cdb8ffaded6eab8df2c0cf092df.jpg", "status": "Belum Ditangani", "notes": "" }, "geometry": { "type": "Point", "coordinates": [ 120.644758, -8.720311 ] } },
{ "type": "Feature", "properties": { "region": "Manggarai", "location": "Cumbi Desa Cumbi kec Ruteng kab Manggarai", "households": 700, "people": "-+2500", "needs": "kebutuhan tenda darurat makanan dan obat obatan", "reporter": "Florianus Mahur", "contact": "81246036042", "photo": "8741941afb7d668fe3e0d9ab4bcef7a1.jpg", "status": "Belum Ditangani", "notes": "" }, "geometry": { "type": "Point", "coordinates": [ 120.398998, -8.630011 ] } },
{ "type": "Feature", "properties": { "region": "Manggarai", "location": "Cumbi kecamatan Ruteng Jab Manggarai", "households": -700, "people": "-+2500", "needs": "Beras terpal,obat obatan dan logistik lainya", "reporter": "Florianus Mahur", "contact": "71246036042", "photo": "c6211555679141f566ca741fd7fca8d3.jpg", "status": "Belum Ditangani", "notes": "" }, "geometry": { "type": "Point", "coordinates": [ 120.398998, -8.630011 ] } },
{ "type": "Feature", "properties": { "region": "Manggarai", "location": "Cumbi kecamatan Ruteng Ka.Manggarai", "households": 320, "people": "-+1200", "needs": "", "reporter": "Florianus Mahur", "contact": "81236036042", "photo": "2e986e60d51d3a19330a65aae1ecee0f.jpg", "status": "Belum Ditangani", "notes": "" }, "geometry": { "type": "Point", "coordinates": [ 120.500793, -8.61175 ] } },
{ "type": "Feature", "properties": { "region": "Nagekeo", "location": "Bhedw, Wokowoe", "households": 191, "people": "891", "needs": "Bahan makanan, terutama beras, bahan makanan bayi balita, kebutuhan air bersih, terpal air, terpal tenda, penerngan tenaga surya, karena jaringan listrik sering mati total.", "reporter": "Honorius Napa", "contact": "82211290209", "photo": "60f8e15bb955fc50a75d2848320dec69.jpg", "status": "Belum Ditangani", "notes": "" }, "geometry": { "type": "Point", "coordinates": [ 121.344457, -8.816862 ] } },
{ "type": "Feature", "properties": { "region": "Desa Latung kampung suseng.", "location": "Desa Latung, kecamatan Cibal Barat, kabupaten Manggarai, RT 006 RW 004\r\nDusun Golomondo.", "households": 70, "people": "450", "needs": "Butuh air bersih,beras 100kg, obat-obatan,makan siap saji,pakaian buat balita.", "reporter": "Benediktus Alexandro Daros", "contact": "851429767778", "photo": "c908db28d2dfb0ae283949c0a624817b.jpg", "status": "Belum Ditangani", "notes": "" }, "geometry": { "type": "Point", "coordinates": [ 120.400028, -8.33307 ] } },
{ "type": "Feature", "properties": { "region": "Desa Waekokak", "location": "Kawasan Pemukiman Translok Mbay, Desa Waekokak, Kecamatan Aesesa, Kabupaten Nagekeo", "households": 320, "people": "937", "needs": "Beras, Air, Obat-obatan, selimut, Sembako dll", "reporter": "Daniel Mite", "contact": "+62 823-4231-6730", "photo": "b85293b8cca625e8273643c5402361e8.png", "status": "Belum Ditangani", "notes": "" }, "geometry": { "type": "Point", "coordinates": [ 121.236124, -8.505471 ] } },
{ "type": "Feature", "properties": { "region": "Kantor Desa Waekokak, Translok Mbay", "location": "Kawasan Pemukiman Translok Mbay, Desa Waekokak, Kecamatan Aesesa, Kabupaten Nagekeo, Provinsi Nusa Tenggara Timur (NTT)", "households": 320, "people": "937", "needs": "Beras, Perobatan, Selimut, Sembako dll", "reporter": "Daniel Mite", "contact": "+62 823-4231-6730", "photo": "96b3f7761583719396cf2f8ad7b658e3.jpeg", "status": "Belum Ditangani", "notes": "" }, "geometry": { "type": "Point", "coordinates": [ 121.2509194, -8.4952611 ] } },
{ "type": "Feature", "properties": { "region": "Reko", "location": "Reko RT 03 Dusun Selalejo 3 Desa Selalejo", "households": 36, "people": "123", "needs": "Beras 150 kg Mie telur dan Selimut", "reporter": "Maksimus Sare", "contact": "85142726357", "photo": "ee528cc5d1fed512ea99bd2920c82138.jpg", "status": "Belum Ditangani", "notes": "" }, "geometry": { "type": "Point", "coordinates": [ 121.224476, -8.825585 ] } },
{ "type": "Feature", "properties": { "region": "Pusu", "location": "Pusu RT 01 dan 02 Dusun Selalejo I Desa Selalejo", "households": 58, "people": "356", "needs": "Beras 200 kg Mie telur dan Selimut", "reporter": "Maksimus Sare", "contact": "85142726357", "photo": "f17c39a0b183ed2297ff71d282e1e93b.jpg", "status": "Belum Ditangani", "notes": "" }, "geometry": { "type": "Point", "coordinates": [ 121.223331, -8.825254 ] } },
{ "type": "Feature", "properties": { "region": "Dusun Balo, Desa Pangga, kecamatan Kuwus, Manggarai Barat", "location": "Dusun Balo, Desa Pangga, kecamatan Kuwus, Manggarai Barat", "households": 10, "people": "70", "needs": "Butuh beras 100 kg, tenda darurat 5 unit, air bersih, pakaian anak, Selimut, obat obatan luka maupun obat obatan minum, susu bayi, air minum, makanan siap saji,", "reporter": "Maria Mutiara Jebarus", "contact": "+62 812-2691-3729", "photo": "114bb2b0dd87936799a776668ceafba8.jpg", "status": "Belum Ditangani", "notes": "" }, "geometry": { "type": "Point", "coordinates": [ 120.288705, -8.528642 ] } },
{ "type": "Feature", "properties": { "region": "Mabhasele", "location": "Mabhasele RT 10 Dusun Selalejo IV", "households": 28, "people": "84", "needs": "Beras 150 kg, supermi telur dan selimut", "reporter": "Maksimus Sare", "contact": "85142726357", "photo": "52a38405951889c9833a7a6dd345687d.jpg", "status": "Belum Ditangani", "notes": "" }, "geometry": { "type": "Point", "coordinates": [ 121.223896, -8.823412 ] } },
{ "type": "Feature", "properties": { "region": "Mabhasele", "location": "Mabhasele RT 11 Dusun Selalejo IV", "households": 32, "people": "98", "needs": "Beras 200 kg, Supermi, telur dan Selimut", "reporter": "Maksimus Sare", "contact": "85142726357", "photo": "0735fd19cea049b7a5f05d8b54c525f1.jpg", "status": "Belum Ditangani", "notes": "" }, "geometry": { "type": "Point", "coordinates": [ 121.224173, -8.823382 ] } },
{ "type": "Feature", "properties": { "region": "Wuji, Desa kotowuji barat", "location": "Dusun wuji rt 007 Desa kotowuji barat kecamatan keotengah, kabupaten nagekeo, propinsi Nusa tenggara timur", "households": 24, "people": "106", "needs": "Beras100kg, terpal,obat", "reporter": "Martinus jawa", "contact": "81337350401", "photo": "477d7c3f7b52b58de04b0fc077286716.jpg", "status": "Belum Ditangani", "notes": "" }, "geometry": { "type": "Point", "coordinates": [ 120.541992, -8.472098 ] } },
{ "type": "Feature", "properties": { "region": "ketang", "location": "ketang desa golo tolang kec.kota komba utara kab.manggarai timur flores ntt", "households": 8, "people": "30", "needs": "beras..susu anak anak usia 5-12 tahun", "reporter": "alberto kawe", "contact": "81337560977", "photo": "", "status": "Belum Ditangani", "notes": "" }, "geometry": { "type": "Point", "coordinates": [ 120.70075, -8.728082 ] } },
{ "type": "Feature", "properties": { "region": "Manggarai", "location": "Dusun Bealeba,RT/RW 006/003, desa nenu, kecamatan cibal", "households": 1, "people": "5", "needs": "Butuh beras 50kg, dan obat-obatan", "reporter": "Febri hasin", "contact": "895351466192", "photo": "4ba8cff62e0bd83091f7c57a4e29080b.jpg", "status": "Belum Ditangani", "notes": "" }, "geometry": { "type": "Point", "coordinates": [ 120.456848, -8.54503 ] } },
{ "type": "Feature", "properties": { "region": "Kengko (Desa Rego)", "location": "Manggarai Barat. Kec. Mancang pacar desa rego", "households": 1, "people": "5", "needs": "Butuh beras 100 kg, selimut, bahan makanan, seperti mie, telur minyak goreng", "reporter": "Fransiska Sesilia Agiljem", "contact": "0823-1318-9158", "photo": "c2e904d3195299da18a137afb33d1eed.jpg", "status": "Belum Ditangani", "notes": "" }, "geometry": { "type": "Point", "coordinates": [ 120.190296, -8.416335 ] } },
{ "type": "Feature", "properties": { "region": "Nagekeo", "location": "Desa selalejo Timur", "households": 9, "people": "6", "needs": "Beras, sabun Rinso,telur, selimut ,minyak tanah dan bimoli", "reporter": "Petronela gowa", "contact": "81239920560", "photo": "99471e943b1b54bf3e855725fcd2db1f.jpg", "status": "Belum Ditangani", "notes": "" }, "geometry": { "type": "Point", "coordinates": [ 121.284256, -8.674362 ] } },
{ "type": "Feature", "properties": { "region": "Nagekeo", "location": "Desa selalejo timur", "households": 4, "people": "13", "needs": "Beras, kopi, gula, bimoli, minyak tanah, bawang, selimut, sabun, rinso, jeket, telur, susu bayi umur 2 tahun", "reporter": "Emirensiana iko", "contact": "0823-4138-6702", "photo": "b0061036903879c394cb406ffa6e5c8f.jpg", "status": "Belum Ditangani", "notes": "" }, "geometry": { "type": "Point", "coordinates": [ 121.281922, -8.689756 ] } },
{ "type": "Feature", "properties": { "region": "Kampung lambur", "location": "Dusun lambur desa Pangga kecamatan kuwus kabupaten Manggarai Barat", "households": 180, "people": "1", "needs": "Beras,tenda, pakaian,selimut, minyak goreng,makanan siap saji,dan obat-obatan", "reporter": "Emylia Wanul", "contact": "81236278623", "photo": "ce3448abbf7adf1a26a1916ec7307bf5.jpg", "status": "Belum Ditangani", "notes": "" }, "geometry": { "type": "Point", "coordinates": [ 120.288217, -8.539283 ] } },
{ "type": "Feature", "properties": { "region": "Nagekeo", "location": "Kelurahan ratongamobo, kecamatan boawae", "households": 2, "people": "18", "needs": "Beras, telur, perlengkapan kebutuhan anak2, tenda, selimut,", "reporter": "Sirilus Depo", "contact": "82236343688", "photo": "", "status": "Belum Ditangani", "notes": "" }, "geometry": { "type": "Point", "coordinates": [ 121.185892, -8.735826 ] } },
{ "type": "Feature", "properties": { "region": "Kabupaten Manggarai", "location": "LENGOR, Desa Pinggang, kecamatan Cibal kabupaten Manggarai", "households": 200000, "people": "1.4850000000000001", "needs": "Butuh beras 1 ton, dan sembako lainnya sesuai dengan jumlah jiwa yang ada", "reporter": "Vincensius Lehot", "contact": "81237022761", "photo": "6786bb4664af2ef56424d0b5af6c3f16.jpg", "status": "Belum Ditangani", "notes": "" }, "geometry": { "type": "Point", "coordinates": [ 120.472641, -8.619173 ] } },
{ "type": "Feature", "properties": { "region": "Kabupaten Manggarai", "location": "LENGOR, Desa Pinggang, kecamatan Cibal kabupaten Manggarai", "households": 200000, "people": "1.4850000000000001", "needs": "Butuh beras 1 ton, dan sembako lainnya sesuai dengan jumlah jiwa yang ada", "reporter": "Vincensius Lehot", "contact": "81237022761", "photo": "58ebc3308337544baa11e62fa839a8c1.jpg", "status": "Belum Ditangani", "notes": "" }, "geometry": { "type": "Point", "coordinates": [ 120.472641, -8.619173 ] } },
{ "type": "Feature", "properties": { "region": "Nagekeo", "location": "kecamatan Keo Tengah desa Mbaenuanuri, dusun 4,Rt.8", "households": 11, "people": "42", "needs": "beras 100 kg, Selimut, Tenda,Minyak Goreng, mie, telur", "reporter": "Marietta Teresita Bosu", "contact": "81238522330", "photo": "516b682de79fd5a49b26d2a073ea3f2b.jpg", "status": "Belum Ditangani", "notes": "" }, "geometry": { "type": "Point", "coordinates": [ 121.232185, -8.884578 ] } },
{ "type": "Feature", "properties": { "region": "Manggarai barat", "location": "Dusun lambur desa Pangga kec kuwus kab Manggarai Barat", "households": 180, "people": "1.000.000", "needs": "Beras, obat-obatan,tenda,selimut, pakaian, minyak goreng", "reporter": "Emilia Wanul", "contact": "81236278623", "photo": "3a4b85913b25bc61c8467c99f8db2a04.jpg", "status": "Belum Ditangani", "notes": "" }, "geometry": { "type": "Point", "coordinates": [ 120.282498, -8.544579 ] } },
{ "type": "Feature", "properties": { "region": "Manggarai barat", "location": "Dusun lambur Desa Pangga, kecamatan kuwus,kabupaten Manggarai Barat", "households": 180, "people": "1", "needs": "Beras,tenda,obat-obatan,makanan sia saji,minyak goreng,selimut dan pakaian", "reporter": "Emilia Wanul", "contact": "81236278623", "photo": "d81136fb2988cd66f5a8d6a07e55b857.jpg", "status": "Belum Ditangani", "notes": "" }, "geometry": { "type": "Point", "coordinates": [ 120.282498, -8.544579 ] } },
{ "type": "Feature", "properties": { "region": "Manggarai", "location": "Taga Kel. Golodukal RT.013. RW.004.  Kec.langke Rembong", "households": 9, "people": "45", "needs": "Butuh beras 50 kg,mie,tempe,telur,minyak goreng,gula,selimut,terpal,obat-obatan.", "reporter": "Agustinus gerong", "contact": "81236126340", "photo": "de0199c2797b0efb3b1c9c4440e3cb57.jpg", "status": "Belum Ditangani", "notes": "" }, "geometry": { "type": "Point", "coordinates": [ 120.443253, -8.608878 ] } },
{ "type": "Feature", "properties": { "region": "Kabupaten Nagekeo, kelurahan danga, kecamatan aesesa", "location": "Kelurahan danga, watukesu gang 4 rumah mama Lusia Wea", "households": 2, "people": "4", "needs": "Beras 5 kg,telur,makanan siap saji, kasur lante dan selimut 3 karena mama habis sembuh sakit dan ada anak kecil 2 orang (2 ibu janda)", "reporter": "Maria Fatima Ngole", "contact": "81238734847", "photo": "f5e44d6b80701be1a720f2f86050029c.jpg", "status": "Belum Ditangani", "notes": "" }, "geometry": { "type": "Point", "coordinates": [ 121.28793, -8.518849 ] } },
{ "type": "Feature", "properties": { "region": "Nagekeo_Aesesa Selatan", "location": "Tengatiba_Dusun Nunungongo_RT 005/RW 000_Aesesa Selatan", "households": 7, "people": "24 Orang", "needs": "1. Tenda ( 1)\r\n2. Beras 70 KG\r\n3. Obat-obatan (Vitamin)\r\n4. Selimut (14)\r\n5. Air Minum (7 Galon)\r\n6. MCK ( 2 Tengki)\r\n7. Telur ayam ( 7 Papan)\r\n8. Mie (7 Dos)", "reporter": "Zakarias Tiba", "contact": "81236477168", "photo": "5196a6a2c4c9579bc22d82e2f0b9d05a.jpg", "status": "Belum Ditangani", "notes": "" }, "geometry": { "type": "Point", "coordinates": [ 121.880536, -8.621483 ] } },
{ "type": "Feature", "properties": { "region": "Nagekeo_Aesesa Selatan", "location": "Tengatiba_Dusun Nunungongo_RT 005/RW 000_Aesesa Selatan", "households": 7, "people": "24 Orang", "needs": "1. Tenda ( 1)\r\n2. Beras 70 KG\r\n3. Obat-obatan (Vitamin)\r\n4. Selimut (14)\r\n5. Air Minum (7 Galon)\r\n6. MCK ( 2 Tengki)\r\n7. Telur ayam ( 7 Papan)\r\n8. Mie (7 Dos)", "reporter": "Zakarias Tiba", "contact": "81236477168", "photo": "9671774a5f73bedf9d0f5bc77ec6742c.jpg", "status": "Belum Ditangani", "notes": "" }, "geometry": { "type": "Point", "coordinates": [ 121.880536, -8.621483 ] } },
{ "type": "Feature", "properties": { "region": "Desa pangga", "location": "Kabupaten manggrai barat,kecamatan kuwus,dahang desa pangga", "households": 2, "people": "4", "needs": "Beras selimut serta perlengkpan posko", "reporter": "Marselinus jeharut", "contact": "8214557602", "photo": "a0b12c96852563a94ea612707e6a76dc.jpg", "status": "Belum Ditangani", "notes": "" }, "geometry": { "type": "Point", "coordinates": [ 120.292193, -8.544615 ] } },
{ "type": "Feature", "properties": { "region": "Manggarai", "location": "Taga Ruteng.  kel.golodukal   kec.langke rembong", "households": 9, "people": "45", "needs": "Beras 50Kg,susu,telur,tempe,minyak goreng,gula,selimut,terpal,mie", "reporter": "Agustinus Gerong", "contact": "81236126340", "photo": "28631dfdfabfb5ab7a217f8099026689.jpg", "status": "Belum Ditangani", "notes": "" }, "geometry": { "type": "Point", "coordinates": [ 120.441785, -8.606441 ] } },
{ "type": "Feature", "properties": { "region": "Ndoso, Manggarai Barat", "location": "Ndoso, golo momol ( Rai)", "households": 1, "people": "5 jiwa", "needs": "Butuh beras ,obat-obatan, Telur, dan mie instan", "reporter": "Godefridus palen", "contact": "81335817308", "photo": "e73db2a2db6e719b89437c571fda13c4.jpg", "status": "Belum Ditangani", "notes": "" }, "geometry": { "type": "Point", "coordinates": [ 120.068207, -8.581792 ] } },
{ "type": "Feature", "properties": { "region": "Nagekeo", "location": "Rt 06 kubho dusun 2 desa selalejo kecamatan mauponggo kabupaten nagekeo.", "households": 28, "people": "100", "needs": "Beras 50 kg dan selimut", "reporter": "Viktor damianus wegu.", "contact": "82266949299", "photo": "", "status": "Belum Ditangani", "notes": "" }, "geometry": { "type": "Point", "coordinates": [ 121.225031, -8.825345 ] } },
{ "type": "Feature", "properties": { "region": "Kabupaten manggarai", "location": "Kecamatan cibal, desa perak, dusun ringkas", "households": 7, "people": "24", "needs": "Butuh beras 50 kgdan sembako dan tempat tinggal yang layak,", "reporter": "Abon Aristo", "contact": "81390408432", "photo": "a486a8fa0a40340e6356101550a0caa4.jpg", "status": "Belum Ditangani", "notes": "" }, "geometry": { "type": "Point", "coordinates": [ 120.380096, -8.705436 ] } },
{ "type": "Feature", "properties": { "region": "Manggarai Timur", "location": "Kecamatan Lamba Leda, Desa Tengku Lawar, Dusun Wereng, RT.003, RW.004", "households": 3, "people": "13", "needs": "Butuh Beras, Mie, telur, Susu, Terpal, Spon, Pakayan, Slimut,Myk Goreng dan Obat-Obatan", "reporter": "Tobias Samlan", "contact": "82335579887", "photo": "90fd83dfde0016ad4e5febac1b5ea895.jpg", "status": "Belum Ditangani", "notes": "" }, "geometry": { "type": "Point", "coordinates": [ 120.272827, -8.446756 ] } },
{ "type": "Feature", "properties": { "region": "Kabupaten Manggarai, kecamatan cibal barat,Nusa tenggara Timur", "location": "Latung,desa latung,kec.cibal barat , kabupaten Manggarai", "households": 26, "people": "87", "needs": "Beras,sabun,minyakgoreng,mie,tikar ,terpal,kelambuk,telur,obat2tan,makanan ringan", "reporter": "Rio", "contact": "+62 812-6144-5307", "photo": "8a622cede93cc9cd4e4be46bf04ce9b2.jpg", "status": "Belum Ditangani", "notes": "" }, "geometry": { "type": "Point", "coordinates": [ 120.418739, -8.453998 ] } },
{ "type": "Feature", "properties": { "region": "Kabupaten Manggarai, kecamatan cibal barat,Nusa tenggara Timur", "location": "Latung,desa latung,kec.cibal barat , kabupaten Manggarai", "households": 26, "people": "87", "needs": "Beras,sabun,minyakgoreng,mie,tikar ,terpal,kelambuk,telur,obat2tan,makanan ringan", "reporter": "Rio", "contact": "+62 812-6144-5307", "photo": "7e4c0fc1118bd8639b9dac0041b94a31.jpg", "status": "Belum Ditangani", "notes": "" }, "geometry": { "type": "Point", "coordinates": [ 120.418739, -8.453998 ] } },
{ "type": "Feature", "properties": { "region": "Manggarai", "location": "Jln rtg-reo desa Ndehes kecamatan wae ri'i", "households": 6, "people": "13", "needs": "Beras,Obat-obatan,selimut dll.", "reporter": "FRIDOLIN ENGKAR", "contact": "082299697412/085829461098", "photo": "885e8378f102b736e7a16eb8bdb28c77.jpg", "status": "Belum Ditangani", "notes": "" }, "geometry": { "type": "Point", "coordinates": [ 120.487879, -8.551117 ] } },
{ "type": "Feature", "properties": { "region": "Kolibali, RT. 016, RW. 000, Kel. Danga, Kec. Aesesa, Kab. Nagekeo", "location": "Posko Rmh Hassan Elyas", "households": 21, "people": "75", "needs": "Butuh beras 50 Kg, Selimut, Obat Batuk pilek dan Vitamin, baju dewasa dan anak-anak, pempers bayi,", "reporter": "Maria Intan Koli", "contact": "81246490303", "photo": "9ab462484c3ed41b205d8e89bc6756ef.jpg", "status": "Belum Ditangani", "notes": "" }, "geometry": { "type": "Point", "coordinates": [ 121.268602, -8.567744 ] } },
{ "type": "Feature", "properties": { "region": "Ruteng", "location": "Kelurahan Mbaumuku, Kecamatan Langke Rembong, Ruteng, Kabupaten Manggarai,Flores NTT", "households": 2, "people": "5 orang", "needs": "Kami membutuhkan sembako dan bantuan perbaikan rumah yang rusak. Mohon bantuannya untuk kami yg juga membutuhkan uluran tangan kasih. Terimakasih ?", "reporter": "Fransiskus Frengky Matarohi", "contact": "82146040567", "photo": "a7e683b6e2263a44564c99ca0027cca9.jpg", "status": "Belum Ditangani", "notes": "" }, "geometry": { "type": "Point", "coordinates": [ 120.465946, -8.607501 ] } },
{ "type": "Feature", "properties": { "region": "Kampung,dahang desa pangga kecamatan kuwus ,kabupaten Manggarai barat", "location": "Desa pangga kecamatan kuwus kabupaten Manggarai barat", "households": 5, "people": "16", "needs": "Butuh beras makanan ringan mi instan \r\nAir minum", "reporter": "Lusia mariani", "contact": "+62 822-6612-1622", "photo": "", "status": "Belum Ditangani", "notes": "" }, "geometry": { "type": "Point", "coordinates": [ 120.297718, -8.546451 ] } },
{ "type": "Feature", "properties": { "region": "Manggarai", "location": "Poco,jln ruteng-reo desa Ndehes kec Wae ri'i,", "households": 1, "people": "4", "needs": "butuh beras,obat-obatan dan selimut", "reporter": "Fridolin engkar", "contact": "082299697412/085829461098", "photo": "12761cf32eb57aa5134f396e86d4b450.jpg", "status": "Belum Ditangani", "notes": "" }, "geometry": { "type": "Point", "coordinates": [ 120.487929, -8.551146 ] } },
{ "type": "Feature", "properties": { "region": "Manggarai", "location": "Poco,jln ruteng-reo desa Ndehes kec Wae ri'i,", "households": 1, "people": "4", "needs": "butuh beras,obat-obatan dan selimut", "reporter": "Fridolin engkar", "contact": "082299697412/085829461098", "photo": "f9f0dd2402ca558b9078f74a03b2c9ff.jpg", "status": "Belum Ditangani", "notes": "" }, "geometry": { "type": "Point", "coordinates": [ 120.487929, -8.551146 ] } },
{ "type": "Feature", "properties": { "region": "Kampung,dahang desa pangga kecamatan kuwus ,kabupaten Manggarai barat", "location": "Kampung dahang desa pangga kecamatan kuwus kabupaten Manggarai barat", "households": 5, "people": "16 jiwa", "needs": "Beras makanan siap saji .matras selimut terpal air minum", "reporter": "Lusia mariani", "contact": "+62 822-6612-1622", "photo": "8317c159ffe22125e2f4bfcdc5c61f62.jpg", "status": "Belum Ditangani", "notes": "" }, "geometry": { "type": "Point", "coordinates": [ 120.300224, -8.524984 ] } },
{ "type": "Feature", "properties": { "region": "Dusun Dahang,desa Pangga, kecamatan Kuwus,kab Manggarai Barat", "location": "Dahang, desa Pangga, kecamatan Kuwus,kab Manggarai Barat", "households": 210, "people": "140", "needs": "Beras,air minum,mie instan, obatan2, posko kesehatan", "reporter": "Aleksius Banda", "contact": "81355627412", "photo": "4809ed1df7f25625c0146b8a859f1032.jpg", "status": "Belum Ditangani", "notes": "" }, "geometry": { "type": "Point", "coordinates": [ 119.892548, -8.527224 ] } },
{ "type": "Feature", "properties": { "region": "Manggarai", "location": "Dusun copu kec Reok kab Manggarai", "households": 100, "people": "300", "needs": "Berasa, obat obatan, tenda darurat", "reporter": "Yunius Adeodatus", "contact": "85295414584", "photo": "dafe28af404a4392901a640cdfd2eb20.jpg", "status": "Belum Ditangani", "notes": "" }, "geometry": { "type": "Point", "coordinates": [ 120.431086, -8.344763 ] } },
{ "type": "Feature", "properties": { "region": "Nagekeo", "location": "Kecamatan mauponggo, Desa Selalejo Timut Dusun 3", "households": 100, "people": "1500", "needs": "Beras, makanan siap saji, semen dan peralatan tidur", "reporter": "Fimrianus Laki Lelu", "contact": "81239311356", "photo": "3c89443d6751ad742c29370a33fc542d.jpg", "status": "Belum Ditangani", "notes": "" }, "geometry": { "type": "Point", "coordinates": [ 121.224346, -8.824667 ] } },
{ "type": "Feature", "properties": { "region": "Kampung Dahang", "location": "Dahang Desa Pangga Kec. Kuwus Manggarai Barat", "households": 200, "people": "1100", "needs": "Beras, air minum, minyak tanah, minyak goreng, gula, makan siap saji, senter, tenda darurat posko, selimut, pakaian, obat-obatan", "reporter": "mikael kolinsatrio", "contact": "81339698647", "photo": "60ef4fc5cbe2c874b6e53c3d2c0ae5a4.jpg", "status": "Belum Ditangani", "notes": "" }, "geometry": { "type": "Point", "coordinates": [ 120.291595, -8.544651 ] } },
{ "type": "Feature", "properties": { "region": "KABUPATEN MANGGARAI", "location": "TENDA,RT 014 RW 004, KEL.SATAR TACIK, KAB.MANGGARAI, PROV.NTT", "households": 2, "people": "6", "needs": "BERAS 50 KG, MIE INSTAN", "reporter": "STEFANUS GUSTNALDO JORDY GANI", "contact": "82132384378", "photo": "16e9e7dec827c1d6b1fe079f5e659dc4.jpg", "status": "Belum Ditangani", "notes": "" }, "geometry": { "type": "Point", "coordinates": [ 120.472976, -8.599016 ] } },
{ "type": "Feature", "properties": { "region": "KABUPATEN MANGGARAI", "location": "TENDA,RT 014 RW 004, KEL.SATAR TACIK, KAB.MANGGARAI, PROV.NTT", "households": 2, "people": "6", "needs": "BERAS 50 KG, MIE INSTAN", "reporter": "STEFANUS GUSTNALDO JORDY GANI", "contact": "82132384378", "photo": "9126e2421a1569a1823f8822abd65899.jpg", "status": "Belum Ditangani", "notes": "" }, "geometry": { "type": "Point", "coordinates": [ 120.472976, -8.599016 ] } },
{ "type": "Feature", "properties": { "region": "Kampung Dahang", "location": "Dusun Dahang, Desa Pangga, Kec. Kuwus Kab. Manggarai Barat", "households": 125, "people": "500", "needs": "Beras,Sembako,Obat Obatan,Pakaian, Tenda Darurat", "reporter": "Mikael Kolinsatrio", "contact": "81339698647", "photo": "e1bc7c346a3e634a082e3b0e80a522d8.jpg", "status": "Belum Ditangani", "notes": "" }, "geometry": { "type": "Point", "coordinates": [ 120.299048, -8.527044 ] } },
{ "type": "Feature", "properties": { "region": "Desa Sambinasi barat", "location": "Kecamatan Riung kabupaten ngada provinsi nusa tenggara timur", "households": 100, "people": "350", "needs": "Sembako (beras, minyak, telur ayam mie) jaring pukat sampan /Viber", "reporter": "Arsad Sereng", "contact": "81212435639", "photo": "4e41c4b730027b546b667c9a29a9948d.jpg", "status": "Belum Ditangani", "notes": "" }, "geometry": { "type": "Point", "coordinates": [ 120.970459, -8.639622 ] } },
{ "type": "Feature", "properties": { "region": "Kampung Dahang", "location": "Desa Pangga Kecamatan Kuwus Kabupaten Manggarai Barat", "households": 100, "people": "500", "needs": "Sembako,Beras, Bahan Medis, Obat Obatan, Pakaian dewasa anak anak, tenda darurat, dan kebutuhan dasar lainnya", "reporter": "mikael kolinsatrio", "contact": "81339698647", "photo": "02ad4130334f612ee63100953596649b.jpg", "status": "Belum Ditangani", "notes": "" }, "geometry": { "type": "Point", "coordinates": [ 120.237661, -8.502731 ] } },
{ "type": "Feature", "properties": { "region": "Arsat", "location": "Marotauk,Desa Sambinasi Barat,Kec.Riung Kab.Ngada prof.NTT", "households": 100, "people": "350 jiwa", "needs": "Beras,minyak goreng,lauk,(mie, telur,)tempat tinggal,perahu fiber, pukat jaring.", "reporter": "Arsat Sereng", "contact": "81212435639", "photo": "c5798a095d9ab3a56732b4682ce1fb85.jpg", "status": "Belum Ditangani", "notes": "" }, "geometry": { "type": "Point", "coordinates": [ 120.973591, -8.787667 ] } },
{ "type": "Feature", "properties": { "region": "Manggarai Barat", "location": "Dusun Dahang desa Pangga Kecamatan KUWUS, kabupaten Manggarai Barat", "households": 200, "people": "1100", "needs": "Beras, air minum, minyak tanah, minyak goreng, gula, makan siap saji, senter, tenda darurat posko, selimut, pakaian, obat-obatan", "reporter": "Anastasia Dues", "contact": "81239931877", "photo": "c101570c67d5d7eb27c1b6db63563eca.jpg", "status": "Belum Ditangani", "notes": "" }, "geometry": { "type": "Point", "coordinates": [ 120.292058, -8.543947 ] } },
{ "type": "Feature", "properties": { "region": "Paang carep", "location": "Kelurahan compang carep RT 04 RW 02", "households": 2, "people": "9", "needs": "Beras,minyak goreng,telur,susu,selimut.", "reporter": "Selvianus Stat", "contact": "81246933657", "photo": "", "status": "Belum Ditangani", "notes": "" }, "geometry": { "type": "Point", "coordinates": [ 120.493074, -8.615621 ] } },
{ "type": "Feature", "properties": { "region": "Manggarai flores NTT", "location": "Jln Garuda RT 14 RW 004\r\nKelurahan Satar Tacik, kec Langke Rembong, kab Manggarai, NTT", "households": 2, "people": "6", "needs": "Beras, mie instan , telur", "reporter": "Alfonsus Jebarus", "contact": "82237622108", "photo": "d03e9d9ee26dfcdadb6f11098a232c39.jpg", "status": "Belum Ditangani", "notes": "" }, "geometry": { "type": "Point", "coordinates": [ 120.472973, -8.599016 ] } },
{ "type": "Feature", "properties": { "region": "Kecamatan reok , kabupaten Manggarai,Nusa tenggara Timur", "location": "Kabupaten Manggarai Kecamatan reok,desa watu baur,dusun wae lawr RT,04rw 002", "households": 21, "people": "65jiwa", "needs": "Beras,telur,sabun mandi,odol,sabun cuci,softex,mie,susu,tikar,obat obatan (flu,demam dn batuk)dan terpal", "reporter": "Mareselus Nopandi", "contact": "81239639499", "photo": "dd61c242236ac4dd41c77dbddd798a58.jpg", "status": "Belum Ditangani", "notes": "" }, "geometry": { "type": "Point", "coordinates": [ 120.359344, -8.319274 ] } },
{ "type": "Feature", "properties": { "region": "Manggarai, Nusa Tenggara Timur", "location": "Ruteng, kelurahan Satar Tacik, Jl.Garuda,RT.014/ RW.004", "households": 2, "people": "3", "needs": "Obat-obatan luka, Kebutuhan sembako, selimut", "reporter": "Alexandro Sutrio Aristo Ndatung", "contact": "82144153360", "photo": "a6295e34c275ae1cd889416005829111.jpg", "status": "Belum Ditangani", "notes": "" }, "geometry": { "type": "Point", "coordinates": [ 120.47224, -8.597661 ] } },
{ "type": "Feature", "properties": { "region": "Welong, Desa Wae Mulu", "location": "Kab. Manggarai, Kec. Wae Ri'i, Desa Wae Mulu, Welong.", "households": 7, "people": "4", "needs": "Butuh beras 50kg, telur, p3k/obat, selimut, tikar, tenda.", "reporter": "Leonardo Alan Bram Pepo", "contact": "81338795229", "photo": "", "status": "Belum Ditangani", "notes": "" }, "geometry": { "type": "Point", "coordinates": [ 120.426914, -8.5474 ] } },
{ "type": "Feature", "properties": { "region": "Melo", "location": "Melo, kab: manggarai timur, provinsi: Nusa Tenggara Timur", "households": 2, "people": "8 orang", "needs": "Butuh beras 50 kg, Minyak goreng 5 Liter, \r\nSelimut.", "reporter": "Rosalia Lamun", "contact": "85645124168", "photo": "", "status": "Belum Ditangani", "notes": "" }, "geometry": { "type": "Point", "coordinates": [ 120.566797, -8.519689 ] } },
{ "type": "Feature", "properties": { "region": "Melo", "location": "Melo, kab: manggarai timur, provinsi: Nusa Tenggara Timur", "households": 2, "people": "8 orang", "needs": "Butuh beras 50 kg, Minyak goreng 5 Liter, \r\nSelimut.", "reporter": "Rosalia Lamun", "contact": "85645124168", "photo": "", "status": "Belum Ditangani", "notes": "" }, "geometry": { "type": "Point", "coordinates": [ 120.566797, -8.519689 ] } },
{ "type": "Feature", "properties": { "region": "Manggarai", "location": "Kab. Manggarai, Kec. Wae Ri'i, Desa Wae Mulu, Welong.", "households": 7, "people": "4", "needs": "Butuh beras 50kg, obat-obatan, tenda dan karpet/tikar buat alas tidur, selimut", "reporter": "Leonardo Alan Bram Pepo", "contact": "81338795229", "photo": "47ee3336cc4d84933af6005e982c9c39.jpg", "status": "Belum Ditangani", "notes": "" }, "geometry": { "type": "Point", "coordinates": [ 120.425777, -8.546934 ] } },
{ "type": "Feature", "properties": { "region": "Ros", "location": "Provinsi:Nusa Tenggara Timur\r\nKab : Manggarai timur\r\nKec : Lamba Leda selatan\r\nDesa : Melo", "households": 2, "people": "8 Orang", "needs": "Butuh beras 50 kg, minyak goreng 5 liter\r\nSelimut.", "reporter": "Rosalia lamun", "contact": "85645124168", "photo": "b427db27415de9096ed07fb9c0a6beb3.png", "status": "Belum Ditangani", "notes": "" }, "geometry": { "type": "Point", "coordinates": [ 120.5647, -8.51964 ] } },
{ "type": "Feature", "properties": { "region": "Maumere/Sikka", "location": "Kamp.Bebeng,Kac.Alok Barat,Kota Maumere,Kab.Sikka", "households": 30, "people": "150", "needs": "1. Beras\r\n2. Mie\r\n3. Telur\r\n4. Susu\r\n5. Popok\r\n6. Bumbu Dapur\r\n7. Tenda\r\n8. Karpet\r\n9. Selimut\r\n10. Obat p3k", "reporter": "Erviana Fatima widianti", "contact": "82147426977", "photo": "d5a4c2578500fd72cb45b8f4b80e6d54.jpg", "status": "Belum Ditangani", "notes": "" }, "geometry": { "type": "Point", "coordinates": [ 122.196293, -8.749695 ] } },
{ "type": "Feature", "properties": { "region": "Maumere/Sikka", "location": "Kamp.Bebeng,Kac.Alok Barat,Kota Maumere,Kab.Sikka", "households": 30, "people": "150", "needs": "1. Beras\r\n2. Mie\r\n3. Telur\r\n4. Susu\r\n5. Popok\r\n6. Bumbu Dapur\r\n7. Tenda\r\n8. Karpet\r\n9. Selimut\r\n10. Obat p3k", "reporter": "Erviana Fatima widianti", "contact": "82147426977", "photo": "d5a4c2578500fd72cb45b8f4b80e6d54.jpg", "status": "Belum Ditangani", "notes": "" }, "geometry": { "type": "Point", "coordinates": [ 122.196293, -8.749695 ] } },
{ "type": "Feature", "properties": { "region": "Maumere/Sikka", "location": "Kamp.Bebeng,Kac.Alok Barat,Kota Maumere,Kab.Sikka", "households": 30, "people": "150", "needs": "1. Beras\r\n2. Mie\r\n3. Telur\r\n4. Susu\r\n5. Popok\r\n6. Bumbu Dapur\r\n7. Tenda\r\n8. Karpet\r\n9. Selimut\r\n10. Obat p3k", "reporter": "Erviana Fatima widianti", "contact": "82147426977", "photo": "d5a4c2578500fd72cb45b8f4b80e6d54.jpg", "status": "Belum Ditangani", "notes": "" }, "geometry": { "type": "Point", "coordinates": [ 122.196293, -8.749695 ] } },
{ "type": "Feature", "properties": { "region": "Maumere/Sikka", "location": "Kamp.Bebeng,Kac.Alok Barat,Kota Maumere,Kab.Sikka", "households": 30, "people": "150", "needs": "1. Beras\r\n2. Mie\r\n3. Telur\r\n4. Susu\r\n5. Popok\r\n6. Bumbu Dapur\r\n7. Tenda\r\n8. Karpet\r\n9. Selimut\r\n10. Obat p3k", "reporter": "Erviana Fatima widianti", "contact": "82147426977", "photo": "d5a4c2578500fd72cb45b8f4b80e6d54.jpg", "status": "Belum Ditangani", "notes": "" }, "geometry": { "type": "Point", "coordinates": [ 122.196293, -8.749695 ] } },
{ "type": "Feature", "properties": { "region": "Maumere/Sikka", "location": "Kamp.Bebeng,Kac.Alok Barat,Kota Maumere,Kab.Sikka", "households": 30, "people": "150", "needs": "1. Beras\r\n2. Mie\r\n3. Telur\r\n4. Susu\r\n5. Popok\r\n6. Bumbu Dapur\r\n7. Tenda\r\n8. Karpet\r\n9. Selimut\r\n10. Obat p3k", "reporter": "Erviana Fatima widianti", "contact": "82147426977", "photo": "d5a4c2578500fd72cb45b8f4b80e6d54.jpg", "status": "Belum Ditangani", "notes": "" }, "geometry": { "type": "Point", "coordinates": [ 122.196293, -8.749695 ] } },
{ "type": "Feature", "properties": { "region": "Senggapi", "location": "Desa senggapi, rt.001/rw.001,kel.wangkung,kec.reok, kabupaten manggarai", "households": 6, "people": "2", "needs": "Beras,obat,mie,telur,ikan,sayur,susu,senter,lampu tenaga surya", "reporter": "Eukarius yordan putra sot", "contact": "85726203586", "photo": "", "status": "Belum Ditangani", "notes": "" }, "geometry": { "type": "Point", "coordinates": [ 120.46203, -8.297901 ] } },
{ "type": "Feature", "properties": { "region": "KABUPATEN MANGGARAI", "location": "RT 008 RW 003 DUSUN 3 DESA BEO RAHONG", "households": 25, "people": "50", "needs": "BERAS,OBAT-0ABAT, SUSU BALITA, DAN SELIMUT", "reporter": "Robertus Purwanto", "contact": "81255692024", "photo": "3fcd6fb5c78f6b78a12dee4a2ac27836.jpg", "status": "Belum Ditangani", "notes": "" }, "geometry": { "type": "Point", "coordinates": [ 120.39059, -8.56965 ] } },
{ "type": "Feature", "properties": { "region": "Senggapi, rt.001,rw.001 kel.wangkung.kecamatan reok", "location": "Senggapi, rt.001,rw.001 kel.wangkung.kecamatan reok", "households": 6, "people": "2", "needs": "Air minum, obat-obatan,beras,mie,telur,ikan,daging,susu,sayur,", "reporter": "Eukarius yordan putra sot", "contact": "85726203586", "photo": "b19a57b6b2a6cee6e02b55b50cbb49f6.jpg", "status": "Belum Ditangani", "notes": "" }, "geometry": { "type": "Point", "coordinates": [ 120.452751, -8.306306 ] } },
{ "type": "Feature", "properties": { "region": "BORONG, MANGGARAI TIMUR", "location": "POSKO KANTOR PERTANAHAN KAB MANGGARAI TIMUR", "households": 33, "people": "129", "needs": "MAKANAN, OBAT OBATAN, LOGISTIK PANGAN, TENDA", "reporter": "POSKO KANTOR PERTANAHAN KAB. MANGGARAI TIMUR", "contact": "81226404666", "photo": "9743e47e332bbe54ef4133cc2d1a7932.jpg", "status": "Belum Ditangani", "notes": "" }, "geometry": { "type": "Point", "coordinates": [ 120.621015, -8.776886 ] } },
{ "type": "Feature", "properties": { "region": "Mbay,", "location": "Waemburung", "households": 1, "people": "4", "needs": "Beras 50kg dan selimut", "reporter": "Elisabeth Dhengi", "contact": "85237586302", "photo": "a60494d80f860eb1037f2fadd84e8ad4.jpg", "status": "Belum Ditangani", "notes": "" }, "geometry": { "type": "Point", "coordinates": [ 121.282883, -8.601022 ] } },
{ "type": "Feature", "properties": { "region": "Manggarai", "location": "Kecamatan Cibal Barat Desa Lenda kabupaten Manggarai", "households": 500, "people": "2500", "needs": "Barang barang kebutuhan dasar\r\nKhususnya makanan", "reporter": "Berno Patur", "contact": "895351139470", "photo": "54177f8390334bd92be2ad30f0f7425f.jpg", "status": "Belum Ditangani", "notes": "" }, "geometry": { "type": "Point", "coordinates": [ 120.430641, -8.522303 ] } },
{ "type": "Feature", "properties": { "region": "Tengar Desa Golo Bore", "location": "Desa Golo Bore,Kecamatan Ndoso Kabupaten Manggarai Barat", "households": 5, "people": "5", "needs": "Beras+Selimut", "reporter": "Magdalani Saiman", "contact": "82359222164", "photo": "b589ac5ffead85fd8d92069797dabca9.jpg", "status": "Belum Ditangani", "notes": "" }, "geometry": { "type": "Point", "coordinates": [ 120.356083, -8.498391 ] } },
{ "type": "Feature", "properties": { "region": "Manggarai Timur", "location": "Kelurahan Tanah Rata, Kecamatan Kota Komba", "households": 1, "people": "6", "needs": "Beras, Selimut, Telur, susu dan obat-obatan", "reporter": "YOSEPH SARENG", "contact": "81337848418", "photo": "959549069041a5541d4641d331cf0743.jpg", "status": "Belum Ditangani", "notes": "" }, "geometry": { "type": "Point", "coordinates": [ 120.742493, -8.580228 ] } },
{ "type": "Feature", "properties": { "region": "Kec ndoso kab.Msnggarai barat", "location": "Desa golo bore", "households": 5, "people": "", "needs": "", "reporter": "MAGDALANI SAIMAN", "contact": "82359223164", "photo": "d80f4d7260d32ff6d28bf569a944c5ce.jpg", "status": "Belum Ditangani", "notes": "" }, "geometry": { "type": "Point", "coordinates": [ 120.356083, -8.498391 ] } },
{ "type": "Feature", "properties": { "region": "Manggarai timur", "location": "Kisol watunggong,kelurahan tanah rata,kabupaten Manggarai timur", "households": 1, "people": "4", "needs": "Beras,minyak goreng,gula pasir", "reporter": "Maksimus jale", "contact": "85646372612", "photo": "65e149535b4ecd9c8da7570ecf0aa4f5.jpg", "status": "Belum Ditangani", "notes": "" }, "geometry": { "type": "Point", "coordinates": [ 120.611309, -8.623914 ] } },
{ "type": "Feature", "properties": { "region": "Manggarai Timur", "location": "Kecamatan Lamba Leda, Desa Tengku Lawar, Dusun Wereng, RT.004, RW.002", "households": 3, "people": "12", "needs": "Beras, myk Goreng, Mie, Susu,Aqua Slimut,Pempers,Telur dan Obat-Obatan", "reporter": "Rofinus Nabae", "contact": "81295942862", "photo": "660e3347ffcf09a68c303b05ab99227a.jpg", "status": "Belum Ditangani", "notes": "" }, "geometry": { "type": "Point", "coordinates": [ 120.344238, -8.441326 ] } },
{ "type": "Feature", "properties": { "region": "Manggarai", "location": "Kampung Rengkas Desa Golo-Lambo Kecamatan Satarmese", "households": 20, "people": "Hampir 100 jiwa", "needs": "Berapa, sembako(Minya goreng, garam, Ajinomoto, dll) selimut dll", "reporter": "Maria Yuyanti Sumarni", "contact": "81232049324", "photo": "50050e56429c9fc6e23e89d527be3b0b.jpg", "status": "Belum Ditangani", "notes": "" }, "geometry": { "type": "Point", "coordinates": [ 120.360031, -8.663315 ] } },
{ "type": "Feature", "properties": { "region": "Kec. Lamba Leda, Manggarai Timur, SMP Satap Jongkoe", "location": "Kampung Inahasa", "households": 100, "people": "200", "needs": "Beras dan bahan sembako lainnya", "reporter": "Imam Munandar", "contact": "85205455502", "photo": "2f904f9b5ea5a685feb971fc5c6591c4.png", "status": "Belum Ditangani", "notes": "" }, "geometry": { "type": "Point", "coordinates": [ 120.484208, -8.320983 ] } },
{ "type": "Feature", "properties": { "region": "Manggarai barat", "location": "Pogol, desa rego, kec. Macang pacar, kab. Manggarai barat, NTT", "households": 2, "people": "4", "needs": "Makanan, obat, tenda pengungsian", "reporter": "TIMOTIUS NESANTO", "contact": "81344900727", "photo": "7bc1b3d5a15b1a81d25f27883ed7aa82.jpg", "status": "Belum Ditangani", "notes": "" }, "geometry": { "type": "Point", "coordinates": [ 120.269951, -8.404967 ] } },
{ "type": "Feature", "properties": { "region": "Nagekeo", "location": "Propinsi NTT,kab Nagekeo kec.Nangaroro Desa.woewutu RT 05", "households": 1, "people": "4", "needs": "Beras 50 kg selimut obat obatan", "reporter": "Yohanes Nai", "contact": "082342 333 300", "photo": "b737d9daab75a217dfbef1ce33511951.jpg", "status": "Belum Ditangani", "notes": "" }, "geometry": { "type": "Point", "coordinates": [ 121.003418, -8.397358 ] } },
{ "type": "Feature", "properties": { "region": "Desa wajur Hawe kecamatan kuwus barat", "location": "Hawe wajur", "households": 50, "people": "200orang", "needs": "Beras selinut obat minyak goreng", "reporter": "Dafrianus jemaru", "contact": "82189912871", "photo": "", "status": "Belum Ditangani", "notes": "" }, "geometry": { "type": "Point", "coordinates": [ 120.257869, -8.539255 ] } },
{ "type": "Feature", "properties": { "region": "Pa'ang Carep, Compang Carep", "location": "Pa'ang Carep, RT 005/RW 003, Kelurahan Compang Carep", "households": 7, "people": "37", "needs": "Obat-obatan (vitamin), beras, sembako", "reporter": "Gradiana Sandriani", "contact": "82145493347", "photo": "73f6cbd0a6d57e59fe46aac4d51427fa.jpg", "status": "Belum Ditangani", "notes": "" }, "geometry": { "type": "Point", "coordinates": [ 120.49004, -8.616037 ] } },
{ "type": "Feature", "properties": { "region": "Pa'ang Carep, Compang Carep", "location": "Pa'ang Carep, RT 005/RW 003, Kelurahan Compang Carep", "households": 7, "people": "37", "needs": "Obat-obatan (vitamin), beras, sembako", "reporter": "Gradiana Sandriani", "contact": "82145493347", "photo": "73f6cbd0a6d57e59fe46aac4d51427fa.jpg", "status": "Belum Ditangani", "notes": "" }, "geometry": { "type": "Point", "coordinates": [ 120.49004, -8.616037 ] } },
{ "type": "Feature", "properties": { "region": "Pa'ang Carep, Compang Carep", "location": "Pa'ang Carep, RT 005/RW 003, Kelurahan Compang Carep", "households": 7, "people": "37", "needs": "Obat-obatan (vitamin), beras, sembako", "reporter": "Gradiana Sandriani", "contact": "82145493347", "photo": "73f6cbd0a6d57e59fe46aac4d51427fa.jpg", "status": "Belum Ditangani", "notes": "" }, "geometry": { "type": "Point", "coordinates": [ 120.49004, -8.616037 ] } },
{ "type": "Feature", "properties": { "region": "Wajur Hawe", "location": "Desa wajur kecamatan kuwus barat", "households": 4, "people": "15", "needs": "Beras obat nyak goreng dll", "reporter": "Dafrianus jemaru", "contact": "82189912871", "photo": "", "status": "Belum Ditangani", "notes": "" }, "geometry": { "type": "Point", "coordinates": [ 120.257869, -8.539255 ] } },
{ "type": "Feature", "properties": { "region": "Laut", "location": "Pantai", "households": 2, "people": "5", "needs": "Prabowo", "reporter": "Niko", "contact": "12345678", "photo": "45bfb2a9420aa441a1152cd165d3de08.jpg", "status": "Belum Ditangani", "notes": "" }, "geometry": { "type": "Point", "coordinates": [ 120.513765, -8.577087 ] } },
{ "type": "Feature", "properties": { "region": "Laut", "location": "Pantai", "households": 2, "people": "5", "needs": "Prabowo", "reporter": "Niko", "contact": "12345678", "photo": "f4f52fc69b5412165aab09bb0488ed63.jpg", "status": "Belum Ditangani", "notes": "" }, "geometry": { "type": "Point", "coordinates": [ 120.513765, -8.577087 ] } },
{ "type": "Feature", "properties": { "region": "Pota", "location": "Pota Kec. Sambi Rampas Manggarai Timur", "households": 5, "people": "20", "needs": "Beras, tenda, air bersih, bahan makanan", "reporter": "Muhammad Yusril", "contact": "6282265162203", "photo": "", "status": "Belum Ditangani", "notes": "" }, "geometry": { "type": "Point", "coordinates": [ 120.72603, -8.36594 ] } },
{ "type": "Feature", "properties": { "region": "Kab. Manggarai Timur", "location": "Pota, Kel.Pota Kecamatan Sambi Rampas Kab. Manggarai Timur", "households": 9, "people": "29", "needs": "Butuh Beras 100 kg, Minyak Telon, Minyak Kayu Putih, Minyak Nona Mas, Popok S, M dan XL, Susu SGM 6-12 bln dan SGm 3 Rasa Madu, Serta Makanan cepat Saji (mie instan, Telur dll), Kelambu dan Lampu Emergency.", "reporter": "Wahyudin Sah", "contact": "81226262476", "photo": "f5982da3e2cc9106dcdf61c48066d688.jpg", "status": "Belum Ditangani", "notes": "" }, "geometry": { "type": "Point", "coordinates": [ 120.765709, -8.354494 ] } },
{ "type": "Feature", "properties": { "region": "Nagekeo Mbay", "location": "RT 07, Dusun Karang putih desa nggolombay", "households": 2, "people": "10", "needs": "Beras 100kg, mie 4 dus, telur 4 papan, air mineral 4 dos, terpal utk berlindung 1 buah", "reporter": "Raimundus Ngeo Wetilako", "contact": "8123986667", "photo": "59784c18f97c572bfcdd98af55b3cce5.jpg", "status": "Belum Ditangani", "notes": "" }, "geometry": { "type": "Point", "coordinates": [ 121.255267, -8.576503 ] } },
{ "type": "Feature", "properties": { "region": "Kab. Nagekeo, kec. Nangaroro, Desa Riti", "location": "Kab. Nagekeo, kec. Nangaroro, Desa Riti", "households": 9, "people": "31", "needs": "", "reporter": "YOHANES DON BOSCO JO", "contact": "85395752876", "photo": "ee1e4a8b8801d49fd9d70fbb08e36cca.jpg", "status": "Belum Ditangani", "notes": "" }, "geometry": { "type": "Point", "coordinates": [ 121.345418, -8.850993 ] } },
{ "type": "Feature", "properties": { "region": "POTA", "location": "KELURAHAN POTA, KECAMATAN SAMBI RAMPAS, KABUPATEN MANGGARAI TIMUR, PROVINSI NTT", "households": 10, "people": "100", "needs": "BERAS 1 TON, MAKANAN CEPAT SAJI, AIR MINUM BERSIH, SUSU ANAK-ANAK, PEMPERS, TELUR AYAM DAN TENDA DARURAT PERMANEN", "reporter": "RANDI IS WANDI", "contact": "81338307426", "photo": "ec4041811ef21107bf1e4b3fe8dee1f8.jpeg", "status": "Belum Ditangani", "notes": "" }, "geometry": { "type": "Point", "coordinates": [ 120.76571, -8.350498 ] } },
{ "type": "Feature", "properties": { "region": "POTA", "location": "KELURAHAN POTA, KECAMATAN SAMBI RAMPAS, KABUPATEN MANGGARAI TIMUR, PROVINSI NTT", "households": 10, "people": "100", "needs": "BERAS 1 TON, MAKANAN CEPAT SAJI, AIR MINUM BERSIH, SUSU ANAK-ANAK, PEMPERS, TELUR AYAM DAN TENDA DARURAT PERMANEN", "reporter": "RANDI IS WANDI", "contact": "81338307426", "photo": "68a6e7f4341d381f02b445936c02a91e.jpeg", "status": "Belum Ditangani", "notes": "" }, "geometry": { "type": "Point", "coordinates": [ 120.76571, -8.350498 ] } },
{ "type": "Feature", "properties": { "region": "POTA", "location": "KELURAHAN POTA, KECAMATAN SAMBI RAMPAS, KABUPATEN MANGGARAI TIMUR, PROVINSI NTT", "households": 10, "people": "100", "needs": "BERAS 1 TON, MAKANAN CEPAT SAJI, AIR MINUM BERSIH, SUSU ANAK-ANAK, PEMPERS, TELUR AYAM DAN TENDA DARURAT PERMANEN", "reporter": "RANDI IS WANDI", "contact": "81338307426", "photo": "f5e63c38e7d125e5ac2c22938431382a.jpeg", "status": "Belum Ditangani", "notes": "" }, "geometry": { "type": "Point", "coordinates": [ 120.76571, -8.350498 ] } },
{ "type": "Feature", "properties": { "region": "Desa Ndehes, Dusun Ngeri, RT/RW: 003/001, Kecamatan Wae Ri'i, Kabupaten Manggarai, Flores, NTT", "location": "Dusun Ngeri, RT/RW: 003/001, Kecamatan Wae Ri'i, Kabupaten Manggarai, Flores, NTT", "households": 10, "people": "30", "needs": "Beras dan material bangunan rumah", "reporter": "Imeldiana Linda Luju", "contact": "81239013036", "photo": "e1bcf357d5861b7f4a2cea83a27b47c1.jpg", "status": "Belum Ditangani", "notes": "" }, "geometry": { "type": "Point", "coordinates": [ 120.488113, -8.559205 ] } },
{ "type": "Feature", "properties": { "region": "Misir Ujung Aspal", "location": "Jalan Banteng, Kelurahan Madawat, Kecamatan Alok", "households": 1, "people": "4", "needs": "Beras 20kg, terpal dan selimut", "reporter": "Elisabeth Sareng Kelang", "contact": "81337902288", "photo": "4973d19cf753bc5161f42b7970ca9181.jpg", "status": "Belum Ditangani", "notes": "" }, "geometry": { "type": "Point", "coordinates": [ 122.208781, -8.630676 ] } },
{ "type": "Feature", "properties": { "region": "Manggarai Timur", "location": "Kecamatan Lamba Leda, Desa Tengku Lawar, Dusun Wereng, RT.004, RW.002", "households": 8, "people": "29", "needs": "Beras 100 kg, Susu, Slimut, Mie,Telur,Pempers, Baigon, Aqua, Spon dan Obat-Obatan", "reporter": "Gregorius Geo", "contact": "82314474897", "photo": "0f23f13ac09218fd243a5acd846582fd.jpg", "status": "Belum Ditangani", "notes": "" }, "geometry": { "type": "Point", "coordinates": [ 120.418396, -8.542028 ] } },
{ "type": "Feature", "properties": { "region": "Pulau longos", "location": "Pulau longos,desa pontianak kampung Bajo,kecamatan boleng,kabupaten manggarai barat", "households": 350, "people": "1.300 jiwa", "needs": "Beras,air bersih,telur,mie instan,obat obatan,", "reporter": "Erik", "contact": "81249838159", "photo": "ced260f2334fb1c98d8e1ad2c178d756.jpeg", "status": "Belum Ditangani", "notes": "" }, "geometry": { "type": "Point", "coordinates": [ 120.130005, -8.343312 ] } },
{ "type": "Feature", "properties": { "region": "Kolang desa ulubelang", "location": "Kabupaten Manggarai\r\nKecamatan Satarmese\r\nDesa ulubeng", "households": 6, "people": "6 orang", "needs": "", "reporter": "Korban gempa", "contact": "85147448452", "photo": "2c9d7fda441767d0cfce75c0c2905621.jpeg", "status": "Belum Ditangani", "notes": "" }, "geometry": { "type": "Point", "coordinates": [ 120.421658, -8.693903 ] } },
{ "type": "Feature", "properties": { "region": "Kabupaten Manggarai Barat", "location": "Desa Lewat Kecamatan Macang Pacar", "households": 1, "people": "5", "needs": "Bahan Bangunan dan Sembako", "reporter": "Remigius Paskalis Agung", "contact": "82147212153", "photo": "c0234483f4c90b49025006792ae1df36.jpg", "status": "Belum Ditangani", "notes": "" }, "geometry": { "type": "Point", "coordinates": [ 120.605164, -8.492903 ] } },
{ "type": "Feature", "properties": { "region": "Kabupaten Manggarai Barat", "location": "Desa Lewat Kecamatan Macang Pacar", "households": 1, "people": "5", "needs": "Bahan Bangunan dan Sembako", "reporter": "Remigius Paskalis Agung", "contact": "82147212153", "photo": "a1e027221b645611a36a5ef551183e9d.jpg", "status": "Belum Ditangani", "notes": "" }, "geometry": { "type": "Point", "coordinates": [ 120.605164, -8.492903 ] } },
{ "type": "Feature", "properties": { "region": "Nusa Tenggara Timur", "location": "Kabupaten Ngada\r\nkecamatan Riung Barat\r\nDesa Benteng Tawa II\r\nDusun Nanggosat", "households": 2, "people": "6", "needs": "Sembako", "reporter": "Agustinus Sait", "contact": "82236607327", "photo": "6ea6e6209c851805cef313b9ffe4e649.jpg", "status": "Belum Ditangani", "notes": "" }, "geometry": { "type": "Point", "coordinates": [ 120.828061, -8.626455 ] } },
{ "type": "Feature", "properties": { "region": "Manggarai", "location": "Manggarai Tengah", "households": 3, "people": "U", "needs": "", "reporter": "Amandus Son", "contact": "81237322245", "photo": "582e72e657aebda7954c85abe70f3480.jpg", "status": "Belum Ditangani", "notes": "" }, "geometry": { "type": "Point", "coordinates": [ 120.401322, -8.608743 ] } },
{ "type": "Feature", "properties": { "region": "Manggarai", "location": "Manggarai Tengah", "households": 3, "people": "U", "needs": "", "reporter": "Amandus Son", "contact": "81237322245", "photo": "78b983985b3ec90944bb05837e8b211d.jpg", "status": "Belum Ditangani", "notes": "" }, "geometry": { "type": "Point", "coordinates": [ 120.401322, -8.608743 ] } },
{ "type": "Feature", "properties": { "region": "Manggarai", "location": "Cireng, Desa Poco Likang, Kecamatan Ruteng", "households": 5, "people": "18", "needs": "Butuh beras 200 Kg, Tenda, Mie, Telur, Selimut,", "reporter": "Yohanes Lengga", "contact": "82236782323", "photo": "622dae92b127a59fe6ed0a100a1da481.jpg", "status": "Belum Ditangani", "notes": "" }, "geometry": { "type": "Point", "coordinates": [ 120.401742, -8.609251 ] } },
{ "type": "Feature", "properties": { "region": "Nagekeo", "location": "Kec. Aesesa,Kel. Danga,gang 4,samping kopdit sangosay,RT. 34", "households": 3, "people": "15", "needs": "Beras 50 kg,telur,mie,selimut,air mineral,minyak goreng", "reporter": "Maria Imakulata Lara", "contact": "82147283879", "photo": "d4727d7e251270007ea0f805717a43f8.jpg", "status": "Belum Ditangani", "notes": "" }, "geometry": { "type": "Point", "coordinates": [ 121.257133, -8.588385 ] } },
{ "type": "Feature", "properties": { "region": "Nagekeo", "location": "Kec. Aesesa,Kel. Danga,gang 4,samping kopdit sangosay,RT. 34", "households": 3, "people": "15", "needs": "Beras 50 kg,telur,mie,selimut,air mineral,minyak goreng", "reporter": "Maria Imakulata Lara", "contact": "82147283879", "photo": "11a1514281cf1fd84a9c3aa71fb89f0c.jpg", "status": "Belum Ditangani", "notes": "" }, "geometry": { "type": "Point", "coordinates": [ 121.257133, -8.588385 ] } },
{ "type": "Feature", "properties": { "region": "Manggarai timur", "location": "Manggarai timur provinsi NTT. Kambe, Rt. 012 Rw. 004, kelurahan tanah rata, kecamatan kota komba, kabupaten manggarai timur", "households": 70, "people": "300", "needs": "Butuh beras 700kg (70kk*10kg beras) , Telur 70 papan, minyak goreng 2liter*70 kk, obat-obatan, 70 selimut, mie instan 70 dos, gula 70kg, susu indomilk, terpal 70.", "reporter": "Skolastika slija", "contact": "85239408097", "photo": "0ad2985aa460ce9c02502ed0f58c6e4c.jpg", "status": "Belum Ditangani", "notes": "" }, "geometry": { "type": "Point", "coordinates": [ 120.648726, -8.812986 ] } },
{ "type": "Feature", "properties": { "region": "Manggarai tengah", "location": "Carep,kel.compang carep,kab.manggarai,Flores,NTT", "households": 1, "people": "4", "needs": "Selimut,terpal,sembako,", "reporter": "Paulus nustian gamli", "contact": "81349447314", "photo": "f7e81177bd8b25305035a20c787820a7.jpg", "status": "Belum Ditangani", "notes": "" }, "geometry": { "type": "Point", "coordinates": [ 120.490638, -8.616503 ] } },
{ "type": "Feature", "properties": { "region": "Ruteng", "location": "Rowang Ruteng jln delima selatan.kab. Manggarai", "households": 1, "people": "6", "needs": "Sembako dan selimut", "reporter": "Vera Harung", "contact": "82234120347", "photo": "a74109a59089ce9bfb8766329bcaa6bd.jpg", "status": "Belum Ditangani", "notes": "" }, "geometry": { "type": "Point", "coordinates": [ 120.461655, -8.618807 ] } },
{ "type": "Feature", "properties": { "region": "Aesesa", "location": "Danga Au,kelurahan Danga,kec.Aesesa,kab.Nagekeo", "households": 1, "people": "5", "needs": "Beras 50 kg,selimut,terpal,lauk-pauk,minyak goreng,alat masak", "reporter": "Cristoforus Egho", "contact": "82144796511", "photo": "15136d465a12f6eb352d5ef1ce025c86.jpg", "status": "Belum Ditangani", "notes": "" }, "geometry": { "type": "Point", "coordinates": [ 121.261409, -8.566966 ] } },
{ "type": "Feature", "properties": { "region": "Aesesa", "location": "Danga Au,kelurahan Danga,kec.Aesesa,kab.Nagekeo", "households": 1, "people": "5", "needs": "Beras 50 kg,selimut,terpal,lauk-pauk,minyak goreng,alat masak", "reporter": "Cristoforus Egho", "contact": "82144796511", "photo": "14c1c52f8164b633352f37d090c16cc6.jpg", "status": "Belum Ditangani", "notes": "" }, "geometry": { "type": "Point", "coordinates": [ 121.261409, -8.566966 ] } },
{ "type": "Feature", "properties": { "region": "Ruteng", "location": "Rowang jln delima selatan. Kabupaten Manggarai", "households": 1, "people": "6", "needs": "Sembako, selimut.", "reporter": "Vera Harung", "contact": "82234120347", "photo": "9ccb83d1ec4aafa1d69f7c3cb8032381.jpg", "status": "Belum Ditangani", "notes": "" }, "geometry": { "type": "Point", "coordinates": [ 120.481567, -8.607653 ] } },
{ "type": "Feature", "properties": { "region": "Manggarai Timur", "location": "Flores ntt Manggarai timur", "households": 30, "people": "310", "needs": "Beras 50 kg selimut tenda telur air minum", "reporter": "Pudensiana Meliani Terong", "contact": "82167558747", "photo": "6674fab86f4ff4eab1952e583bc37c1c.jpg", "status": "Belum Ditangani", "notes": "" }, "geometry": { "type": "Point", "coordinates": [ 120.533567, -8.595017 ] } },
{ "type": "Feature", "properties": { "region": "MANGGARAI TIMUR", "location": "DESA BALUS PERMAI, KECAMATAN BORONG KABU[ATEN MANGGARAI TIMUR.", "households": 300, "people": "1500", "needs": "Tenda darurat, terbal, selimut tebal, matras, makanan siap saji, susu ibu hamil, beras, air minum bersih, vitamin", "reporter": "ADVENSIANA MEGAWATI", "contact": "81238114925", "photo": "ec350e10e3dd3c428801e547bfdd0d22.jpeg", "status": "Belum Ditangani", "notes": "" }, "geometry": { "type": "Point", "coordinates": [ 120.606343, -8.818306 ] } },
{ "type": "Feature", "properties": { "region": "Garong, Desa Salama, Kecamatan Reok, Kabupaten Manggarai", "location": "Jln. Terminal Reo, Gadong, Desa Salama, kecamatan Reok,", "households": 15, "people": "52", "needs": "Air minum, obat-obatan, makanan.", "reporter": "Riska Irwan", "contact": "081339428708 (Riska)", "photo": "da2e70149ba16ffc725a64530df057d0.jpeg", "status": "Belum Ditangani", "notes": "" }, "geometry": { "type": "Point", "coordinates": [ 120.480273, -8.311333 ] } },
{ "type": "Feature", "properties": { "region": "Garong, Desa Salama, Kecamatan Reok, Kabupaten Manggarai", "location": "Jln. Terminal Reo, Gadong, Desa Salama, kecamatan Reok,", "households": 15, "people": "52", "needs": "Air minum, obat-obatan, makanan.", "reporter": "Riska Irwan", "contact": "081339428708 (Riska)", "photo": "324aadc751594ebe066d147fbd8d09e8.jpeg", "status": "Belum Ditangani", "notes": "" }, "geometry": { "type": "Point", "coordinates": [ 120.480273, -8.311333 ] } },
{ "type": "Feature", "properties": { "region": "Garong, Desa Salama, Kecamatan Reok, Kabupaten Manggarai", "location": "Jln. Terminal Reo, Gadong, Desa Salama, kecamatan Reok,", "households": 15, "people": "52", "needs": "Air minum, obat-obatan, makanan.", "reporter": "Riska Irwan", "contact": "081339428708 (Riska)", "photo": "23244a1afbb02fa57d4c1040e94a2d6c.jpeg", "status": "Belum Ditangani", "notes": "" }, "geometry": { "type": "Point", "coordinates": [ 120.480273, -8.311333 ] } },
{ "type": "Feature", "properties": { "region": "Aloripit, RT 018 dan RT 019, Kelurahan Mbay 1, Kecamatan Aesesa, Kabupaten Nagekeo", "location": "Aloripit, RT 018 dan RT 019, Kelurahan Mbay 1, Kecamatan Aesesa, Kabupaten Nagekeo", "households": 138, "people": "431", "needs": "Beras, Mie Instan, Telur, Roti, Minyak Goreng, Susu Kental Manis, Selimut, Terpal", "reporter": "Abdurahman Jabha", "contact": "81246147227", "photo": "60731a827cd53c197558f0f2506b990e.jpg", "status": "Belum Ditangani", "notes": "" }, "geometry": { "type": "Point", "coordinates": [ 121.273951, -8.534253 ] } },
{ "type": "Feature", "properties": { "region": "Manggarai Barat", "location": "Pateng Desa Lewat Kecamatan Macang Pacar Kabupaten Manggarai Barat,Labuan Bajo NTT", "households": 1, "people": "5", "needs": "Selimut,Tenda Untuk Tidur", "reporter": "Daflora Yakunda Jemahan", "contact": "82144900649", "photo": "173c6d87b72c1e13802696e63beb0101.jpg", "status": "Belum Ditangani", "notes": "" }, "geometry": { "type": "Point", "coordinates": [ 120.279576, -8.393455 ] } },
{ "type": "Feature", "properties": { "region": "Aloripit, RT 018 dan RT 019, Kelurahan Mbay 1, Kecamatan Aesesa, Kabupaten Nagekeo", "location": "Aloripit, RT 018 dan RT 019, Kelurahan Mbay 1, Kecamatan Aesesa, Kabupaten Nagekeo", "households": 138, "people": "431", "needs": "Beras, Telur, Mie Instan, Mineral Water, Obat Nyamuk, Selimut, Terpal", "reporter": "ABDURAHMAN JABHA", "contact": "81246147227", "photo": "cd85a0481da1d2c75fd4b2d68d1c1e59.jpg", "status": "Belum Ditangani", "notes": "" }, "geometry": { "type": "Point", "coordinates": [ 121.273979, -8.534229 ] } },
{ "type": "Feature", "properties": { "region": "TENO DESA COMPANG SUKA", "location": "Kampung desa compang suka", "households": 10, "people": "30", "needs": "Beras,selimut,perlengkapan rumah tangga", "reporter": "SAVERIUS SUKARDI MATUS", "contact": "85327427806", "photo": "49f59f150a0c7d9b90537b99df352f3d.jpg", "status": "Belum Ditangani", "notes": "" }, "geometry": { "type": "Point", "coordinates": [ 120.266485, -8.567807 ] } },
{ "type": "Feature", "properties": { "region": "Manggarai Timur", "location": "Kelurahan Tiwu kondo,kec.Elar", "households": 1, "people": "4", "needs": "", "reporter": "Iren Nes Nes", "contact": "82144039169", "photo": "c23ad69cd64daddba57bcbcf7a912b83.jpg", "status": "Belum Ditangani", "notes": "" }, "geometry": { "type": "Point", "coordinates": [ 120.303589, -8.796306 ] } },
{ "type": "Feature", "properties": { "region": "Manggarai", "location": "Jln. Ranaka Rt/Rw 028/008 kel. Satar Tacik Kec. Langke Rembong Kab. Manggarai", "households": 3, "people": "8", "needs": "Permohonan rehab lantai rumah yang runtuh mengakibatkan rongga di bagian bawah rumah", "reporter": "Tomas Kurnialdi Baeng", "contact": "82235280043", "photo": "4e47607834f3234d4234b2b0cbb6afe5.jpg", "status": "Belum Ditangani", "notes": "" }, "geometry": { "type": "Point", "coordinates": [ 120.477021, -8.610279 ] } },
{ "type": "Feature", "properties": { "region": "Manggarai", "location": "Manggarai,kec. Reok Barat,Desa Parlando kampung piso", "households": 1, "people": "5", "needs": "Bantuan rehab rumah dan konsumsi", "reporter": "Thomas Kurnialdi Baeng", "contact": "82235280043", "photo": "1feabaae30db3e8afb5e40a8ccf92e92.jpg", "status": "Belum Ditangani", "notes": "" }, "geometry": { "type": "Point", "coordinates": [ 120.355546, -8.292161 ] } },
{ "type": "Feature", "properties": { "region": "Mbay", "location": "Aloripit, RT. 019 dan 018. Kel. Mbay I, kec. Aesesa. Kab. Nagekeo", "households": 75, "people": "300", "needs": "Beras 300 kg. Telur ayam 50 krak. Air minum 100 doa, mie instan 200 dos", "reporter": "JAMALUDIN JABHA", "contact": "85333892872", "photo": "a78fc8357fff63c3facf55236f6f430a.jpg", "status": "Belum Ditangani", "notes": "" }, "geometry": { "type": "Point", "coordinates": [ 121.274111, -8.53308 ] } },
{ "type": "Feature", "properties": { "region": "Kelurahan Ratongamobo", "location": "Jalan tengah Aemali-Danga kelurahan Ratongamobo", "households": 2, "people": "8", "needs": "Sembako", "reporter": "MARIA NOVITA AZI BOTI", "contact": "82299474293", "photo": "", "status": "Belum Ditangani", "notes": "" }, "geometry": { "type": "Point", "coordinates": [ 121.172447, -8.754567 ] } },
{ "type": "Feature", "properties": { "region": "Ratongamobo", "location": "Jalan tengah Aemali-Danga kelurahan Ratongamobo", "households": 2, "people": "8", "needs": "Sembako", "reporter": "MARIA NOVITA AZI BOTI", "contact": "82299474293", "photo": "0a8c89736b81e8964c6ccf9cf82b8854.jpg", "status": "Belum Ditangani", "notes": "" }, "geometry": { "type": "Point", "coordinates": [ 120.651855, -8.484846 ] } },
{ "type": "Feature", "properties": { "region": "Pota", "location": "Sambi Mese. Kel. Nanga Baras . Kec. sambi Rampas . Kab. Manggarai Timur.Prov.Nusa Tenggara Timur", "households": 75, "people": "400", "needs": "1. Kebutuhan Pokok / Makanan\r\n- Makanan siap saji: mie instan, roti, biskuit, sarden kaleng, rendang kaleng, abon\r\n- Makanan pokok: beras, minyak goreng, gula, teh, kopi, susu UHT/bubuk\r\n- Air minum: galon/air kemasan\r\n- Makanan bayi &amp; lansia: susu formula, bubur bayi, biskuit bayi, makanan lunak\r\n\r\n2. Sandang / Pakaian\r\n- Baju layak pakai: kaos, celana, dalaman baru, sarung, mukena\r\n- Selimut &amp; sarung\r\n- Jaket/hujan: jas hujan, payung\r\n- Alas kaki: sandal jepit, sepatu\r\n\r\n3. Kesehatan &amp; Kebersihan\r\n- Obat-obatan umum: demam, diare, luka, vitamin, obat maag\r\n- P3K: perban, betadine, kapas, plester\r\n-\r\n- Bayi: popok, tisu basah\r\n- Masker &amp; hand sanitizer\r\n\r\n4. Peralatan Rumah Tangga Darurat*\r\n- Tenda terpal / flysheet\r\n- Matras / tikar\r\n- Peralatan masak: panci, kompor portable, gas, piring, gelas, sendok\r\n- Lampu darurat / senter", "reporter": "Euvemia Sustriani Darni", "contact": "87879020008", "photo": "7b84237b2f58a8347b36e833141ebdd5.jpg", "status": "Belum Ditangani", "notes": "" }, "geometry": { "type": "Point", "coordinates": [ 120.662161, -8.354618 ] } },
{ "type": "Feature", "properties": { "region": "Manggarai Barat", "location": "Bari /loger", "households": 1, "people": "5", "needs": "", "reporter": "Pius Agut", "contact": "81232356530", "photo": "abb98f1f6b3e458907874bd50d8de58d.jpg", "status": "Belum Ditangani", "notes": "" }, "geometry": { "type": "Point", "coordinates": [ 120.136356, -8.41771 ] } },
{ "type": "Feature", "properties": { "region": "Manggarai Timur,  NTT", "location": "Desa Satar Nawang, Kecamatan Congkar-Manggarai Timur", "households": 567, "people": "2720", "needs": "Butuh beras, Obat-obatan,  selimut", "reporter": "Agustinus Seran", "contact": "82121171584", "photo": "b2b6b34a177f5644eca4f2264d362dfe.jpg", "status": "Belum Ditangani", "notes": "" }, "geometry": { "type": "Point", "coordinates": [ 120.633659, -8.560481 ] } },
{ "type": "Feature", "properties": { "region": "Kabupaten Manggarai", "location": "Desa Golo Ncuang", "households": 4, "people": "", "needs": "Beras,listrik,dan makanan pokok lainnya", "reporter": "Adrianus Jehaman", "contact": "82189546827", "photo": "b8def3cc168fea32b542466bb490a067.jpg", "status": "Belum Ditangani", "notes": "" }, "geometry": { "type": "Point", "coordinates": [ 120.427152, -8.540341 ] } },
{ "type": "Feature", "properties": { "region": "Wolowea Timur", "location": "Denaano, Desa Wolowea Timur, Kec. Boawae, Kab. Nagekeo, Nusa Tenggara Timur", "households": 197, "people": "812", "needs": "Butuh Beras 350 kg, selimut, pakaian, obat-abatan ( luka dan batuk ) pakaian anak-anak terpal tenda darurat, air minum aqua, mie instan.", "reporter": "Serilus Lako", "contact": "81218530811", "photo": "4d7eeb2413593e019266b41fc0fcf7c1.jpeg", "status": "Belum Ditangani", "notes": "" }, "geometry": { "type": "Point", "coordinates": [ 121.242084, -8.769768 ] } },
{ "type": "Feature", "properties": { "region": "Manggarai", "location": "Redong Atas Kelurahan Tenda kecamatan langke rembong", "households": 1, "people": "6", "needs": "Butuh beras,  obat ikatan malaria, flu,  vitamin C, selimut dan tenda", "reporter": "Heribertus Abulan Tarang", "contact": "82342222548", "photo": "a2ce39690e3672faf54d6b45ca401dc3.jpg", "status": "Belum Ditangani", "notes": "" }, "geometry": { "type": "Point", "coordinates": [ 120.50354, -8.332289 ] } },
{ "type": "Feature", "properties": { "region": "Manggarai", "location": "Redong Atas, Kelurahan Tenda Kecamatan Langke Rembong", "households": 1, "people": "6", "needs": "Butuh Beras, obat-obatan Sakit Malaria,  flu., Selimut dan tenda", "reporter": "Heribertus Abulan Tarang", "contact": "82342222548", "photo": "b276d759cfa514f953be4223dcc7ee3b.jpg", "status": "Belum Ditangani", "notes": "" }, "geometry": { "type": "Point", "coordinates": [ 120.418396, -8.588045 ] } },
{ "type": "Feature", "properties": { "region": "Kab.manggarai", "location": "Jln Lingko cunga RT 013 RW 004 kelurahan Satar tacik", "households": 1, "people": "4", "needs": "Butuh beras dan selimut", "reporter": "Adrianus Cen", "contact": "O81338511936", "photo": "582f1f12a63bd6aec888fd17f0cbd4ba.jpg", "status": "Belum Ditangani", "notes": "" }, "geometry": { "type": "Point", "coordinates": [ 120.471809, -8.600036 ] } },
{ "type": "Feature", "properties": { "region": "Kab.manggarai", "location": "Jln Lingko cunga RT 013 RW 004 kelurahan Satar tacik", "households": 1, "people": "4", "needs": "Butuh beras dan selimut", "reporter": "Adrianus Cen", "contact": "O81338511936", "photo": "91d701c0b8ae2935adaffc6de145a44c.jpg", "status": "Belum Ditangani", "notes": "" }, "geometry": { "type": "Point", "coordinates": [ 120.471809, -8.600036 ] } },
{ "type": "Feature", "properties": { "region": "Manggarai barat", "location": "Pogol,dusun pateng,desa Rego,kec.macang pacar,kab Manggarai barat", "households": 1, "people": "4", "needs": "Contoh:beras,selimut dan obat obatan", "reporter": "Yelin jehanu", "contact": "85339162662", "photo": "89cee435bf017dff5665649c78117212.jpg", "status": "Belum Ditangani", "notes": "" }, "geometry": { "type": "Point", "coordinates": [ 120.261999, -8.396396 ] } },
{ "type": "Feature", "properties": { "region": "Manggarai", "location": "Munta, Desa Bangka Ara, Kec.Cibal Barat", "households": 180, "people": "600", "needs": "Beras 500 kg, Selimut besar 10 lembar, Terpal besar 10 lembar, Air Mineral 100 dos dan Sembako yang lainnya", "reporter": "Sebastianus Gaga", "contact": "85238890385", "photo": "d14c689886301d1e26f933b1d1ce445e.jpg", "status": "Belum Ditangani", "notes": "" }, "geometry": { "type": "Point", "coordinates": [ 120.441227, -8.491969 ] } },
{ "type": "Feature", "properties": { "region": "Desa Heawea, Kec.Aimere, Kab.Ngada", "location": "Desa Heawea, Kec. Aimere, Kab. Ngada Provinsi Nusa Tenggara Timur", "households": 144, "people": "472", "needs": "1.tenda untuk di tmpat pengungsian 2.selimut\r\n3.air minum karna pipa putus", "reporter": "Athy Sedu", "contact": "6281238363134", "photo": "7c9eb17332ec1c0718807ed10e461c6c.jpg", "status": "Belum Ditangani", "notes": "" }, "geometry": { "type": "Point", "coordinates": [ 120.841115, -8.822466 ] } },
{ "type": "Feature", "properties": { "region": "Compang Carep", "location": "Carep, RT 004/002 Ruteng, Kec. Langke Rembong, Kab. Manggarai,", "households": 1, "people": "6", "needs": "Beras 50kg, Obat-obatan, Sembako", "reporter": "Yosep Jeharam", "contact": "82147129320", "photo": "5719065f22933aed0156280ab694b67d.jpg", "status": "Belum Ditangani", "notes": "" }, "geometry": { "type": "Point", "coordinates": [ 120.490495, -8.618036 ] } },
{ "type": "Feature", "properties": { "region": "Manggarai", "location": "Mbongos, Desa Golo Watu, Kec wae Ri'i", "households": 2, "people": "5", "needs": "Sembako", "reporter": "Maria Yulianti Mandur", "contact": "81353667718", "photo": "1016010de12f1bd05efc9adfd0c35c50.jpg", "status": "Belum Ditangani", "notes": "" }, "geometry": { "type": "Point", "coordinates": [ 120.444945, -8.559064 ] } },
{ "type": "Feature", "properties": { "region": "Nagekeo", "location": "Wolokao, Rt 02,Dusun A, Desa Degalea,Kec.Nangaroro, Kab. Nagekeo, Prov. NTT", "households": 30, "people": "155", "needs": "Beras 1 ton, obat -obatan, selimut, pakaian orang dewasa, anak2, bumil, pempers, susu, sabun rinso,minyak goreng, telur 100 rak, Mi 100 dus.", "reporter": "Petronela Pasu", "contact": "81338571901", "photo": "dbe1bdfbbcfe75df647e0d3154299dae.jpg", "status": "Belum Ditangani", "notes": "" }, "geometry": { "type": "Point", "coordinates": [ 121.320568, -8.819532 ] } },
{ "type": "Feature", "properties": { "region": "Manggarai Barat", "location": "Dusun pateng desa Rego kecamatan macang pacar", "households": 2, "people": "4", "needs": "Sembako,tenda dan selimut", "reporter": "Simon Ono", "contact": "82322379026", "photo": "41f8eb4b708ec7bc835cb9e485c380d3.jpg", "status": "Belum Ditangani", "notes": "" }, "geometry": { "type": "Point", "coordinates": [ 120.269304, -8.403797 ] } },
{ "type": "Feature", "properties": { "region": "TEBING TINGGI", "location": "TEBING TINGGI KELURAHAN PAU KECAMATAN LANGKE REMBONG", "households": 3, "people": "30", "needs": "Beras", "reporter": "FEBRIYANTO VALENTINO DIAZ", "contact": "82145333138", "photo": "", "status": "Belum Ditangani", "notes": "" }, "geometry": { "type": "Point", "coordinates": [ 120.460482, -8.614341 ] } },
{ "type": "Feature", "properties": { "region": "Nagekeo", "location": "", "households": 1, "people": "4", "needs": "", "reporter": "Frederikus Jogo", "contact": "81236644117", "photo": "", "status": "Belum Ditangani", "notes": "" }, "geometry": { "type": "Point", "coordinates": [ 121.201537, -8.678318 ] } },
{ "type": "Feature", "properties": { "region": "Nagekeo", "location": "RT 05 Nunungongo Desa Tengatiba Kec.Aesesa Selatan Kab.Nagekeo Propinsi NTT", "households": 1, "people": "4", "needs": "Butuh beras 50 kg,Air, terpal tenda", "reporter": "Frederikus Jogo", "contact": "81236644117", "photo": "92922f5f70ff7dd055f5f0759e3e4a5d.jpg", "status": "Belum Ditangani", "notes": "" }, "geometry": { "type": "Point", "coordinates": [ 121.201517, -8.677955 ] } },
{ "type": "Feature", "properties": { "region": "Kabupaten Manggarai (Reo)", "location": "Kelurahan Reo, Kecamatan Reok samping Alfamart Reo", "households": 6, "people": "18", "needs": "Beras 50 kg, obat-obatan dan selimut, lauk pauk (jika ada)", "reporter": "Ignasia Novianti Paku", "contact": "81246549750", "photo": "35d53012cd35e12cfbbaef8e3f5395ca.jpg", "status": "Belum Ditangani", "notes": "" }, "geometry": { "type": "Point", "coordinates": [ 120.484958, -8.311215 ] } },
{ "type": "Feature", "properties": { "region": "Pengungsian SDI GOLO CIGIR", "location": "Tenda pengungsian ini merupakan tenda inisiatif warga yang berasal dari tambak des ananga labang, daerah ini tepat berada di lokasi pantai borong cepi watu.", "households": 64, "people": "267", "needs": "Beras 150kg\r\nAqua 20 dos\r\nMie 20 dos\r\nTelur 10 papan\r\nAutan 1 dos\r\nPempers 23 pcs\r\nTerpal 7 lembar", "reporter": "Thomas andri s andung", "contact": "81237986426", "photo": "abbf51e662cefb8ba3c8024ee3352cd3.jpg", "status": "Belum Ditangani", "notes": "" }, "geometry": { "type": "Point", "coordinates": [ 120.606501, -8.818222 ] } },
{ "type": "Feature", "properties": { "region": "Pengungsian SDI GOLO CIGIR", "location": "Tenda pengungsian ini merupakan tenda inisiatif warga yang berasal dari tambak des ananga labang, daerah ini tepat berada di lokasi pantai borong cepi watu.", "households": 64, "people": "267", "needs": "Beras 150kg\r\nAqua 20 dos\r\nMie 20 dos\r\nTelur 10 papan\r\nAutan 1 dos\r\nPempers 23 pcs\r\nTerpal 7 lembar", "reporter": "Thomas andri s andung", "contact": "81237986426", "photo": "2141eb840471153a5c370c482e25f6bc.jpg", "status": "Belum Ditangani", "notes": "" }, "geometry": { "type": "Point", "coordinates": [ 120.606501, -8.818222 ] } },
{ "type": "Feature", "properties": { "region": "Tando", "location": "Tando, Dusun Sae, Desa Rokap, Kec. macang Pacar, Kab. manggarai barat", "households": 1, "people": "6", "needs": "Sembako, selimut, terpal, pakaian, obat-obatan, spon, Susu", "reporter": "Rifaldus Handi", "contact": "82144829711", "photo": "1883c8f5ed531931f8b6e209d69d318b.jpg", "status": "Belum Ditangani", "notes": "" }, "geometry": { "type": "Point", "coordinates": [ 120.241531, -8.436048 ] } },
{ "type": "Feature", "properties": { "region": "RT. 6 Kel. Danga", "location": "Jalan John Bei (Familia Cafe)", "households": 1, "people": "5", "needs": "Tenda, telur dan mie", "reporter": "Nevi", "contact": "82247944944", "photo": "", "status": "Belum Ditangani", "notes": "" }, "geometry": { "type": "Point", "coordinates": [ 121.265999, -8.562427 ] } },
{ "type": "Feature", "properties": { "region": "Mbay LAPE Nagekeo", "location": "Belakang gardu PLN Mbay", "households": 32, "people": "128", "needs": "Sembako", "reporter": "Dionisius Coo", "contact": "82266387590", "photo": "caf79c6db45fa56c2c432be0ab2ebb1b.jpg", "status": "Belum Ditangani", "notes": "" }, "geometry": { "type": "Point", "coordinates": [ 121.297638, -8.580525 ] } },
{ "type": "Feature", "properties": { "region": "Mbay LAPE Nagekeo", "location": "Belakang gardu PLN Mbay", "households": 32, "people": "128", "needs": "Sembako", "reporter": "Dionisius Coo", "contact": "82266387590", "photo": "f018cac2746e33a9f24916cc546ab8a2.jpg", "status": "Belum Ditangani", "notes": "" }, "geometry": { "type": "Point", "coordinates": [ 121.297638, -8.580525 ] } },
{ "type": "Feature", "properties": { "region": "Manggarai", "location": "Kab Manggarai kec reok barat des torongkoe", "households": 4, "people": "80 jiwa", "needs": "Kami butuhkan uang sama makan", "reporter": "Yosefa Hales Windi Aldi", "contact": "82226954953", "photo": "dc76b81e5bb7ccdecb771f7acac64868.jpg", "status": "Belum Ditangani", "notes": "" }, "geometry": { "type": "Point", "coordinates": [ 120.410188, -8.385812 ] } },
{ "type": "Feature", "properties": { "region": "Manggarai", "location": "Kab Manggarai kec reok barat des torongkoe", "households": 4, "people": "80 jiwa", "needs": "Kami butuhkan uang sama makan", "reporter": "Yosefa Hales Windi Aldi", "contact": "82226954953", "photo": "a2881489fdc9f491ddd229ac78c2ec8b.jpg", "status": "Belum Ditangani", "notes": "" }, "geometry": { "type": "Point", "coordinates": [ 120.410188, -8.385812 ] } },
{ "type": "Feature", "properties": { "region": "Boawae-Nagekeo", "location": "RT.14 Kelurahan Natanage Kecamatan Boawae", "households": 2, "people": "9", "needs": "Sembako, tenda, selimut", "reporter": "Emanuel Reba", "contact": "81214562515", "photo": "1dde72930bebe532ea99ed3197a7332f.jpg", "status": "Belum Ditangani", "notes": "" }, "geometry": { "type": "Point", "coordinates": [ 121.159103, -8.756764 ] } },
{ "type": "Feature", "properties": { "region": "Boawae-Nagekeo", "location": "RT.14 Kelurahan Natanage Kecamatan Boawae", "households": 2, "people": "9", "needs": "Sembako, tenda, selimut", "reporter": "Emanuel Reba", "contact": "81214562515", "photo": "1dde72930bebe532ea99ed3197a7332f.jpg", "status": "Belum Ditangani", "notes": "" }, "geometry": { "type": "Point", "coordinates": [ 121.159103, -8.756764 ] } },
{ "type": "Feature", "properties": { "region": "Golo Ajo, Desa Kombo, Kecamatan Pacar, Kabupaten Manggarai Barat", "location": "Kampung Golo Ajo, Dusun Mata Pat, Desa Kombo, Kecamatan Pacar, Kabupaten Manggarai Barat, NTT", "households": 1, "people": "6", "needs": "Sembako, Beras, Selimut, Spon, Terpal, Pakaian dan obat-obatan", "reporter": "Elisabet Mamu", "contact": "82236547999", "photo": "9b5f55d8824a055c04798c8d658ed494.jpeg", "status": "Belum Ditangani", "notes": "" }, "geometry": { "type": "Point", "coordinates": [ 120.238892, -8.435675 ] } },
{ "type": "Feature", "properties": { "region": "NTT", "location": "Kab.Manggarai Kecamatan.Wae Rii Desa Golo Cador Dusun Ling", "households": 40, "people": "200 jiwa", "needs": "Besa,telur mi isntan,dan selimut serta obat2an", "reporter": "Marselinus Tedi Javan", "contact": "81381427444", "photo": "", "status": "Belum Ditangani", "notes": "" }, "geometry": { "type": "Point", "coordinates": [ 120.469272, -8.610566 ] } },
{ "type": "Feature", "properties": { "region": "Desa golo nimbung, kec lamba leda kab manggarai timur", "location": "", "households": 100, "people": "590", "needs": "Beras 1 ton, obat, makanan, listrik,pakayan", "reporter": "Beatrix Agustino", "contact": "85253821459", "photo": "d3230344ef9ebd25869b923270f68d01.jpg", "status": "Belum Ditangani", "notes": "" }, "geometry": { "type": "Point", "coordinates": [ 120.130005, -8.528479 ] } },
{ "type": "Feature", "properties": { "region": "Desa golo nimbung, kec lamba leda kab manggarai timur", "location": "Manggarai timur bagiaan utara", "households": 60, "people": "580", "needs": "Beras 500 kg, obat obatan, tenda, selimut, makanan siap saji, penerangan.", "reporter": "Beatrix Agustino", "contact": "85253821459", "photo": "e8609be615f76794f1c2c9f987db5ca2.jpg", "status": "Belum Ditangani", "notes": "" }, "geometry": { "type": "Point", "coordinates": [ 120.592345, -8.396571 ] } },
{ "type": "Feature", "properties": { "region": "Ngancar", "location": "Ngancar, Desa Watu Tango, Kec. Reok. Kab. Manggarai", "households": 40, "people": "200", "needs": "Terpal, sembako, bensin untuk penerangan, air minum, susu untuk bayi, bumildan lansia, miinstan, minyak goreng, dll", "reporter": "Frida Abadi", "contact": "85339999309", "photo": "2945e279bd464f90dc94bf267521a587.jpg", "status": "Belum Ditangani", "notes": "" }, "geometry": { "type": "Point", "coordinates": [ 120.438547, -8.378378 ] } },
{ "type": "Feature", "properties": { "region": "Manggarai barat", "location": "Desa rokap, kecamatan macang pacar, kabupaten manggarai barat.", "households": 1, "people": "3", "needs": "Beras 50kg, sembako, dan obat obatan.", "reporter": "Kristiandi Lenggok", "contact": "81239430172", "photo": "97b27fa8988ec5c95a02e9ace941fa10.jpg", "status": "Belum Ditangani", "notes": "" }, "geometry": { "type": "Point", "coordinates": [ 120.240635, -8.436344 ] } },
{ "type": "Feature", "properties": { "region": "Manggarai Barat", "location": "Desa Rokap, Kecamatan Macang Pacar Kabupaten Manggarai Barat", "households": 1, "people": "5", "needs": "Butuh Beras 200 Kg,terpal, spon, minyak goreng dan sembako lainnya", "reporter": "Pius Agut", "contact": "81232356530", "photo": "4ffefd43b4220f69cdfba0be1ebcb9c9.jpg", "status": "Belum Ditangani", "notes": "" }, "geometry": { "type": "Point", "coordinates": [ 120.216866, -8.471975 ] } },
{ "type": "Feature", "properties": { "region": "Watunggong, kelurahan tanah rata,kec.kota komba kab.Manggarai Timur", "location": "Watunggong,Kel.Tanah Rata Kec.Kota Komba Kab.Manggarai Timur", "households": 1, "people": "4 orang", "needs": "Beras 50 kg,susu SGM 6-12 bulan,Telur,Kelambu", "reporter": "Yohanes Bosko Mandur", "contact": "81337955730", "photo": "404ad8e6e3c55980caf58a54d508f8fb.jpg", "status": "Belum Ditangani", "notes": "" }, "geometry": { "type": "Point", "coordinates": [ 120.644202, -8.822183 ] } },
{ "type": "Feature", "properties": { "region": "Manggarai barat", "location": "Desa rokap, kecamatan macang pacar, kabupaten manggarai barat.", "households": 3, "people": "9", "needs": "Beras 100kg,sembako, obat obatan.", "reporter": "Kristiandi Lenggok", "contact": "81239430172", "photo": "8dab55a8c57c8039ac841a51e9dd6739.jpg", "status": "Belum Ditangani", "notes": "" }, "geometry": { "type": "Point", "coordinates": [ 120.240635, -8.436344 ] } },
{ "type": "Feature", "properties": { "region": "Golo Ajo", "location": "Golo Ajo, Dusun Sae, Desa Rokap, Kec. macang Pacar, Kab. manggarai Barat", "households": 1, "people": "3", "needs": "Selimut,sembako, Beras, spon, terpal, dll", "reporter": "Hendrika Jujut", "contact": "82147291779", "photo": "c60a1e84513602a869e2fa20ef4b3718.jpg", "status": "Belum Ditangani", "notes": "" }, "geometry": { "type": "Point", "coordinates": [ 120.235824, -8.438267 ] } },
{ "type": "Feature", "properties": { "region": "Manggarai Timur /Flores", "location": "Bea Muring,RT 01/Rw 01,Desa Leong\r\nKec.Lamba Leda Selatan\r\nManggarai Timur/NTT", "households": 2, "people": "11", "needs": "Butuh beras,\r\nMakanan siap makan/biskuit\r\nObat-obatan dasar dan kotak P3K\r\n\r\nSenter + baterai cadangan\r\nPakaian ganti\r\nSelimut/sarung\r\nJaket\r\nSandal/sepatu\r\nHanduk\r\nPerlengkapan mandi", "reporter": "Emanuel Surianto dan Fredi Nasur", "contact": "081236427509 /082153028597", "photo": "3f5ab3aeece62b69f2b8a82eb6bc6fbf.jpg", "status": "Belum Ditangani", "notes": "" }, "geometry": { "type": "Point", "coordinates": [ 120.556479, -8.511398 ] } },
{ "type": "Feature", "properties": { "region": "Manggarai Timur /Flores", "location": "Bea Muring,RT 01/Rw 01,Desa Leong\r\nKec.Lamba Leda Selatan\r\nManggarai Timur/NTT", "households": 2, "people": "11", "needs": "Butuh beras,\r\nMakanan siap makan/biskuit\r\nObat-obatan dasar dan kotak P3K\r\n\r\nSenter + baterai cadangan\r\nPakaian ganti\r\nSelimut/sarung\r\nJaket\r\nSandal/sepatu\r\nHanduk\r\nPerlengkapan mandi", "reporter": "Emanuel Surianto dan Fredi Nasur", "contact": "081236427509 /082153028597", "photo": "f73eed853c2e567b057d2d67fec6bfe4.jpg", "status": "Belum Ditangani", "notes": "" }, "geometry": { "type": "Point", "coordinates": [ 120.556479, -8.511398 ] } },
{ "type": "Feature", "properties": { "region": "Manggarai barat", "location": "Desa rokap, masang pacar, kabupaten manggarai barat.", "households": 3, "people": "9", "needs": "Butuh beras 100 kg,sembako,dan obat", "reporter": "Kristiandi Lenggok", "contact": "81239430172", "photo": "f35314167935eee46dcf0c89fb5b5284.jpg", "status": "Belum Ditangani", "notes": "" }, "geometry": { "type": "Point", "coordinates": [ 120.240635, -8.436344 ] } },
{ "type": "Feature", "properties": { "region": "Golo Ajo", "location": "Golo Ajo, Dusun Sae, Desa Rokap, Kec. Macang Pacar", "households": 1, "people": "2", "needs": "Sembako, selimut, pakaian, spon, obat-obatan, Susu lansia,", "reporter": "Rofina Pija", "contact": "8123795929", "photo": "043ae3f4f8d0e378b0b5dee22beb8443.jpg", "status": "Belum Ditangani", "notes": "" }, "geometry": { "type": "Point", "coordinates": [ 120.235824, -8.438267 ] } },
{ "type": "Feature", "properties": { "region": "Golo Ajo, Desa Kombo, Kecamatan Pacar, Kabupaten Manggarai Barat", "location": "", "households": 1, "people": "4", "needs": "Sembako, beras, selimut, terpal, obat-obatan, Pakaian dan alat penerangan", "reporter": "Oktafianus Dalang", "contact": "81283855403", "photo": "dbb125a6bd40d37ac628e56379c561bb.jpeg", "status": "Belum Ditangani", "notes": "" }, "geometry": { "type": "Point", "coordinates": [ 120.236762, -8.437617 ] } },
{ "type": "Feature", "properties": { "region": "Desa timbu", "location": "Pelas, Desa Timbu, Kec. Cibal Barat,Kab.Manggarai", "households": 4, "people": "4", "needs": "Beras 50kg", "reporter": "Maria Flaviana Ndeku", "contact": "81352396447", "photo": "", "status": "Belum Ditangani", "notes": "" }, "geometry": { "type": "Point", "coordinates": [ 120.470409, -8.54113 ] } },
{ "type": "Feature", "properties": { "region": "Desa timbu", "location": "Pelas, desa timbu, kec. Cibal Barat, kab. Manggarai", "households": 4, "people": "4", "needs": "Beras 50 kg", "reporter": "Maria Flaviana Ndeku", "contact": "81352396447", "photo": "213ff9ffd2fb95bbc7ec3ba2ec449a8b.jpg", "status": "Belum Ditangani", "notes": "" }, "geometry": { "type": "Point", "coordinates": [ 120.470409, -8.54113 ] } },
{ "type": "Feature", "properties": { "region": "Golo Ajo", "location": "Golo Ajo, Desa Kombo, Kec. pacar", "households": 1, "people": "4", "needs": "Sembako, selimut, spon, Pakaian anak-Anak dan Dewasa", "reporter": "Adrianus Jeharut", "contact": "82139897093", "photo": "eaa8582e7c05cc600ca58e11213fb32d.jpg", "status": "Belum Ditangani", "notes": "" }, "geometry": { "type": "Point", "coordinates": [ 120.238173, -8.435878 ] } },
{ "type": "Feature", "properties": { "region": "Golo Ajo, Desa Kombo, Kecamatan Pacar, Kabupaten Manggarai Barat", "location": "Kampung Golo Ajo, Dusun Matapat, Desa Kombo, Kecamatan Pacar, kabupaten Manggarai Barat", "households": 3, "people": "10", "needs": "Sembako, Beras, selimut,terpal, matras,obat obatan, pakaian", "reporter": "Elisabet Mamu", "contact": "82236547999", "photo": "931ae4304481aebe51ed2807105504c9.jpeg", "status": "Belum Ditangani", "notes": "" }, "geometry": { "type": "Point", "coordinates": [ 120.27125, -8.395387 ] } },
{ "type": "Feature", "properties": { "region": "Pulau Palue Kab Sikka", "location": "Desa Tuang Geo Dusun Tomu RT 08 dan RT 09", "households": 27, "people": "150 orang", "needs": "Kebutuhan Beras 20kg/kk (27),Minyak Goreng,indomie sedap, Telur 27 papan, Susu dengko 27 renteng, ikan Kering 27 plastik , Perlengkapan mandi Sabun, Sikat gigi, Air minum kemasan 27 ,", "reporter": "Firmus Raf Martin", "contact": "085138811933/ 081342843854", "photo": "663e3e3337eaa501798cf6416a26e6e8.jpg", "status": "Belum Ditangani", "notes": "" }, "geometry": { "type": "Point", "coordinates": [ 121.724438, -8.318999 ] } },
{ "type": "Feature", "properties": { "region": "Manggarai Timur-Flores -NTT", "location": "Watunggong-Kelurahan Tanah Rata-Kecamatan Kota Komba-Kabupaten Manggarai Timur", "households": 1, "people": "4", "needs": "Beras 50 kg-Selimut-mie instan-Pempers Bayi-obat insulin penderita Diabetes-air mineral", "reporter": "Alosius Pelak", "contact": "81357029037", "photo": "8901f569c307157693b7f01f5f7b7fc7.jpg", "status": "Belum Ditangani", "notes": "" }, "geometry": { "type": "Point", "coordinates": [ 120.648336, -8.813222 ] } },
{ "type": "Feature", "properties": { "region": "Manggarai Timur-Flores -NTT", "location": "Watunggong-Kelurahan Tanah Rata-Kecamatan Kota Komba-Kabupaten Manggarai Timur", "households": 1, "people": "4", "needs": "Beras 50 kg-Selimut-mie instan-Pempers Bayi-obat insulin penderita Diabetes-air mineral", "reporter": "Alosius Pelak", "contact": "81357029037", "photo": "eda389c5a933a1a90122132603f91296.jpg", "status": "Belum Ditangani", "notes": "" }, "geometry": { "type": "Point", "coordinates": [ 120.648336, -8.813222 ] } },
{ "type": "Feature", "properties": { "region": "Lajar", "location": "Desa Papang \r\nKecamatan Satarmese \r\nKabupaten Manggarai \r\nProvinsi Nusa Tenggarang Timur", "households": 2, "people": "5", "needs": "Beras 100 kg, Minyak Goreng 10 liter, Minyak Tanah 10 Liter, Sabun Mandi 3 Lusin, Sabun Cuci/Rinso 5 Pack, Perlengkapan P3K, Pulsa Listrik 100.000, Pulsa HP 100.000, dan Sembako Lainnya.", "reporter": "Samuel Gioardus Mandu", "contact": "81239199581", "photo": "dc460983d8b15aac0614856d905435d2.jpg", "status": "Belum Ditangani", "notes": "" }, "geometry": { "type": "Point", "coordinates": [ 120.400114, -8.713941 ] } },
{ "type": "Feature", "properties": { "region": "Kab. Nagekeo", "location": "Desa Woewutu", "households": 12, "people": "60", "needs": "Beras 600 kg telur ayam 24 rak mie 24 dos dan minyak goreng 12 jerigen", "reporter": "Fabi Mana", "contact": "82298778505", "photo": "8fa2387df92c9e0472f0123822dd242e.jpg", "status": "Belum Ditangani", "notes": "" }, "geometry": { "type": "Point", "coordinates": [ 121.356245, -8.803918 ] } },
{ "type": "Feature", "properties": { "region": "Kab. Ngada", "location": "Dusun tangi seso 2,desa seso kec. Soa", "households": 1, "people": "6", "needs": "Beras, telur, minyak goreng, mie", "reporter": "L. Rofina Dhone", "contact": "81238734653", "photo": "c8dc5e96cfd96692c058b8e1eb8626bc.jpg", "status": "Belum Ditangani", "notes": "" }, "geometry": { "type": "Point", "coordinates": [ 121.035948, -8.695373 ] } },
{ "type": "Feature", "properties": { "region": "manggarai barat", "location": "dusun pateng desa rego", "households": 1, "people": "7", "needs": "sembako,selimut, dan tenda", "reporter": "Siuslaus Jehamin", "contact": "81338464862", "photo": "0aaba19403d6e94859c474478c2cc5ae.jpeg", "status": "Belum Ditangani", "notes": "" }, "geometry": { "type": "Point", "coordinates": [ 120.273338, -8.395157 ] } },
{ "type": "Feature", "properties": { "region": "Pawu", "location": "Desa.  Papang \r\nKecamatan. Satarmese \r\nKabupaten. Manggarai \r\nProvinsi.  Nusa Tenggarang Timur", "households": 1, "people": "4", "needs": "Beras 100 kg, Minyak Goreng 10 liter, Minyak Tanah 10 Liter, Sabun Mandi 3 Lusin, Sabun Cuci/Rinso 5 Pack, Perlengkapan P3K, Pulsa Listrik 100.000, Pulsa HP 100.000, dan Sembako Lainnya.", "reporter": "Samuel Gioardus Mandu", "contact": "8139199581", "photo": "ecdbee3fb2a7f3042cc5a5e106ec4d8a.jpg", "status": "Belum Ditangani", "notes": "" }, "geometry": { "type": "Point", "coordinates": [ 120.403376, -8.713178 ] } },
{ "type": "Feature", "properties": { "region": "Pawu", "location": "Desa.  Papang \r\nKecamatan. Satarmese \r\nKabupaten. Manggarai \r\nProvinsi.  Nusa Tenggarang Timur", "households": 1, "people": "4", "needs": "Beras 100 kg, Minyak Goreng 10 liter, Minyak Tanah 10 Liter, Sabun Mandi 3 Lusin, Sabun Cuci/Rinso 5 Pack, Perlengkapan P3K, Pulsa Listrik 100.000, Pulsa HP 100.000, dan Sembako Lainnya.", "reporter": "Samuel Gioardus Mandu", "contact": "8139199581", "photo": "1626057f5906fa50de36094161cc6a4e.jpg", "status": "Belum Ditangani", "notes": "" }, "geometry": { "type": "Point", "coordinates": [ 120.403376, -8.713178 ] } },
{ "type": "Feature", "properties": { "region": "Lamba leda utara", "location": "MHX9+VMM, Satar Kampas, Kec. Lamba Leda, Kabupaten Manggarai Timur, Nusa Tenggara Tim.", "households": 1006, "people": "4024", "needs": "Beras dan makanan pokok,obat-obatan,tenda darurat,selimut.", "reporter": "GERALD PRATAMA OKTOLEANO ANDO", "contact": "81237100102", "photo": "78c5216b0b0db2f185653380e4034e71.jpg", "status": "Belum Ditangani", "notes": "" }, "geometry": { "type": "Point", "coordinates": [ 120.569122, -8.300149 ] } },
{ "type": "Feature", "properties": { "region": "Kelurahan Mbay 1", "location": "Masjid Agung Baiturrahman Alorongga, Mbay 1, Kecamatan Aesessa", "households": 150, "people": "300", "needs": "Beras, air minum, obat obatan, mie, telur, selimut, popok, kelambu", "reporter": "Novia Aziza", "contact": "81236626538", "photo": "689cb908ef1f7b8a6b7aa35dd37382f1.jpg", "status": "Belum Ditangani", "notes": "" }, "geometry": { "type": "Point", "coordinates": [ 121.268493, -8.554841 ] } },
{ "type": "Feature", "properties": { "region": "Pawu", "location": "Desa Papang\r\nKecamatan Satarmese\r\nKabupaten Manggarai \r\nProvinsi Nusa Tenggarang Timur", "households": 1, "people": "4 Orang", "needs": "Beras 100 kg, Minyak Goreng 10 liter, Minyak Tanah 10 Liter, Sabun Mandi 3 Lusin, Sabun Cuci/Rinso 5 Pack, Perlengkapan P3K, Pulsa Listrik 100.000, Pulsa HP 100.000, dan Sembako Lainnya.", "reporter": "Samuel Gioardus Mandu", "contact": "81239199581", "photo": "a3846834798082248aa3142f274446a2.jpg", "status": "Belum Ditangani", "notes": "" }, "geometry": { "type": "Point", "coordinates": [ 120.402045, -8.712647 ] } },
{ "type": "Feature", "properties": { "region": "Kecamatan Soa Kabupaten Ngada, prov NTT", "location": "Tangi Seso II Desa Seso kecamatan Soa", "households": 1, "people": "6", "needs": "Beras, minyak goreng, mie, telur", "reporter": "L. RufinaFhone", "contact": "81248734653", "photo": "8d41642598e4379f31715f3b01b294ea.jpg", "status": "Belum Ditangani", "notes": "" }, "geometry": { "type": "Point", "coordinates": [ 121.022644, -8.660198 ] } },
{ "type": "Feature", "properties": { "region": "Cancar, popor", "location": "Kabupaten Manggarai. Kecamatan Ruteng. Kelurahan Wae Belang. Cancar, Popor 1 KBG 1 RT 10 / RW 005", "households": 1, "people": "1", "needs": "Sembako", "reporter": "Alsyam Asmoro Wijaya Kusuma", "contact": "85237534183", "photo": "aca2be022778b0c6e1a01fd3f82a03de.jpg", "status": "Belum Ditangani", "notes": "" }, "geometry": { "type": "Point", "coordinates": [ 120.380911, -8.585238 ] } },
{ "type": "Feature", "properties": { "region": "Cancar, popor", "location": "Kabupaten Manggarai. Kecamatan Ruteng. Kelurahan Wae Belang. Cancar, Popor 1 KBG 1, RT 10 / RW 005", "households": 1, "people": "2", "needs": "Sembako", "reporter": "alsyam Wijaya", "contact": "81249743054", "photo": "d150f38ebff37120268017b7985aa5d6.jpg", "status": "Belum Ditangani", "notes": "" }, "geometry": { "type": "Point", "coordinates": [ 120.380808, -8.585377 ] } },
{ "type": "Feature", "properties": { "region": "Kec. Soa", "location": "Desa seso kec. Soa dusun tangi seso 2", "households": 1, "people": "3", "needs": "Beras, telur, mie ,", "reporter": "Rosada lima  Edo Mbete", "contact": "81296621565", "photo": "a3d739407c1b11969bf1dc9a19535443.jpg", "status": "Belum Ditangani", "notes": "" }, "geometry": { "type": "Point", "coordinates": [ 121.035948, -8.695373 ] } },
{ "type": "Feature", "properties": { "region": "Nagekeo", "location": "Rt 37 kelurahan Danga Kecamatan Aesesa kabupaten Nagekeo", "households": 1, "people": "5 orang", "needs": "Butuh beras, air mineral dan obat-obatan, tenda darurat kecil, terpal", "reporter": "Albianus Fridolinus Ama Bao", "contact": "82287690916", "photo": "b8eaa95340dc386f9da4106af5536477.jpg", "status": "Belum Ditangani", "notes": "" }, "geometry": { "type": "Point", "coordinates": [ 121.274772, -8.561345 ] } },
{ "type": "Feature", "properties": { "region": "Hawe .wajur kec kuwus barat", "location": "Hawe desa wajur kec kuwus barat", "households": 100, "people": "440", "needs": "Beras 50.kg.tenda darurat.air minum.listrik.", "reporter": "Tarsisius Aron", "contact": "81239629640", "photo": "eb7816160a768d35b1cd1a8a614fd3e8.jpg", "status": "Belum Ditangani", "notes": "" }, "geometry": { "type": "Point", "coordinates": [ 120.29701, -8.54552 ] } },
{ "type": "Feature", "properties": { "region": "Manggarai Nusa tenggara timur", "location": "Tenda, ruteng Nusa tenggara timur", "households": 3, "people": "10 orang", "needs": "Beras, telur, indomie, susu dan gula", "reporter": "Ignasius Natal", "contact": "85239216761", "photo": "850104573c39617182b40a660277c31f.jpg", "status": "Belum Ditangani", "notes": "" }, "geometry": { "type": "Point", "coordinates": [ 120.48363, -8.644539 ] } },
{ "type": "Feature", "properties": { "region": "Kabupaten Manggarai Timur", "location": "Kabupaten Manggarai Timur Kecamatan Elar Desa Kaju Wangi", "households": 40, "people": "200", "needs": "Yang dibutuhkan oleh masyarakat Desa kaju wangi Sembako.", "reporter": "Yohanes Wengki Karman", "contact": "82119528460", "photo": "d1e3e253d8ad82f93a8346ca3e514663.jpg", "status": "Belum Ditangani", "notes": "" }, "geometry": { "type": "Point", "coordinates": [ 120.776946, -8.477319 ] } },
{ "type": "Feature", "properties": { "region": "Gancaran, popor", "location": "Kec. Ruteng. Kel. Wae Belang.Cancar, Popor 1 KBG 1, RT 10 / RW 005", "households": 1, "people": "8", "needs": "Butuh bahan bangunan", "reporter": "Alsyam Asmoro Wijaya Kusuma", "contact": "81249743054", "photo": "5225457231cc86f93fa3c34a28d0e50c.jpg", "status": "Belum Ditangani", "notes": "" }, "geometry": { "type": "Point", "coordinates": [ 120.380973, -8.585049 ] } },
{ "type": "Feature", "properties": { "region": "Kabupaten Nagekeo", "location": "Kecamatan aesesa kelurahanan Mbay 2 rt 3  kampung perepoje", "households": 50, "people": "169", "needs": "Beras 200 kg, telur, air minum, mie, gula, kopi, teh, susu, pempers, minyak telon,", "reporter": "ISDAWATI RESO", "contact": "81237263720", "photo": "32e8304bb1695ce94fc48a7f252a1a31.jpg", "status": "Belum Ditangani", "notes": "" }, "geometry": { "type": "Point", "coordinates": [ 120.766693, -8.514917 ] } },
{ "type": "Feature", "properties": { "region": "Desa Papang", "location": "Nontol RT 012 RW 006 Dusun Nontol Desa Papang Kecamatan Satar Mese Kabupaten Manggarai Provinsi Nusa Tenggara Timur", "households": 1, "people": "4", "needs": "Beras 100 kg, Minyak Goreng 10 liter, Minyak Tanah 10 Liter, Sabun Mandi 3 Lusin, Sabun Cuci/Rinso 5 Pack, Perlengkapan P3K, Pulsa Listrik 100.000, Pulsa HP 100.000, dan Sembako Lainnya.", "reporter": "Benediktus Gadur", "contact": "895393877438", "photo": "bf2a2d8e273f29ac89398048dbb0e9f3.jpg", "status": "Belum Ditangani", "notes": "" }, "geometry": { "type": "Point", "coordinates": [ 120.40095, -8.720721 ] } },
{ "type": "Feature", "properties": { "region": "Manggarai", "location": "Dusun nenu, kecamatan cibal, kab. Manggarai1", "households": 1, "people": "5", "needs": "Retak", "reporter": "Nikolaus nardus", "contact": "81282666989", "photo": "6b5f3a8255e30167dfb60c51f50c870e.jpg", "status": "Belum Ditangani", "notes": "" }, "geometry": { "type": "Point", "coordinates": [ 120.457924, -8.543789 ] } },
{ "type": "Feature", "properties": { "region": "Ruteng", "location": "Dusun Nangka, Desa Bulan, Kecamatan Ruteng, Kabupaten Manggarai, propinsi Nusa Tenggara Timur", "households": 1, "people": "5", "needs": "Beras, minyak goreng, telur, selimut, karpet, semen, batu bata, dan seng", "reporter": "Wilhelmina Indah Saiman", "contact": "81239958487", "photo": "e688a675d8085a5417d1baba6b6fd0a2.jpg", "status": "Belum Ditangani", "notes": "" }, "geometry": { "type": "Point", "coordinates": [ 120.471954, -8.615474 ] } },
{ "type": "Feature", "properties": { "region": "Manggarai Barat", "location": "Dusun Pateng, desa Rego kecamatan macang pacar", "households": 1, "people": "3", "needs": "Sembako dan bahan bangunan", "reporter": "Susana Elti", "contact": "81216136745", "photo": "dedc3490a0aaed806881b792f8d661b4.jpg", "status": "Belum Ditangani", "notes": "" }, "geometry": { "type": "Point", "coordinates": [ 120.272086, -8.39532 ] } },
{ "type": "Feature", "properties": { "region": "Translok", "location": "Translok", "households": 2, "people": "5", "needs": "20 kg,,makanan instan,,selimut ,,Air", "reporter": "ENGELBERTIN LOKO", "contact": "82144762371", "photo": "dffaa97adb26865b79b194437566ee44.jpg", "status": "Belum Ditangani", "notes": "" }, "geometry": { "type": "Point", "coordinates": [ 121.278934, -8.512053 ] } },
{ "type": "Feature", "properties": { "region": "Translok", "location": "Translok", "households": 2, "people": "5", "needs": "20 kg,,makanan instan,,selimut ,,Air", "reporter": "ENGELBERTIN LOKO", "contact": "82144762371", "photo": "74a641bcb93b52cb145176085f279928.jpg", "status": "Belum Ditangani", "notes": "" }, "geometry": { "type": "Point", "coordinates": [ 121.278934, -8.512053 ] } },
{ "type": "Feature", "properties": { "region": "Manggarai Barat", "location": "Dusun Pateng, desa Rego kecamatan macang pacar", "households": 1, "people": "3", "needs": "Sembako dan bahan bangunan", "reporter": "Susana Elti", "contact": "81216136745", "photo": "91a6692970134622f5359290703bafd9.jpg", "status": "Belum Ditangani", "notes": "" }, "geometry": { "type": "Point", "coordinates": [ 120.272086, -8.39532 ] } },
{ "type": "Feature", "properties": { "region": "Manggarai", "location": "Desa Wudi,Kec.Cibal kompleks Wejang. Rumah Bapak Hieronimus Sehadun", "households": 20, "people": "59", "needs": "Beras 100 kg, sayur-sayuran, Bubur Balita untuk -10 anak, serta tambahan protein, serta peralatan mandi.", "reporter": "Maria Oktaviani", "contact": "0898-1885-774, 082247997957", "photo": "00995da457d671c3f1bdd492db28deeb.jpg", "status": "Belum Ditangani", "notes": "" }, "geometry": { "type": "Point", "coordinates": [ 120.474937, -8.555468 ] } },
{ "type": "Feature", "properties": { "region": "Manggarai Barat", "location": "Dusun Pateng, desa Rego kecamatan macang pacar", "households": 1, "people": "2", "needs": "Sembako", "reporter": "Eustakia Pina", "contact": "85184589730", "photo": "267866b517e8c4c52a12ea9df0883728.jpg", "status": "Belum Ditangani", "notes": "" }, "geometry": { "type": "Point", "coordinates": [ 120.271813, -8.395674 ] } },
{ "type": "Feature", "properties": { "region": "Manggarai Barat", "location": "Dusun pateng, desa Rego kecamatan macang pacar", "households": 2, "people": "5", "needs": "Sembako", "reporter": "Rovinus ral", "contact": "82116085021", "photo": "198997dbed3e6473a2540b284afe5dc2.jpg", "status": "Belum Ditangani", "notes": "" }, "geometry": { "type": "Point", "coordinates": [ 120.272658, -8.395308 ] } },
{ "type": "Feature", "properties": { "region": "Manggarai Barat", "location": "Dusun pateng, desa Rego kecamatan macang pacar", "households": 2, "people": "5", "needs": "Sembako", "reporter": "Rovinus ral", "contact": "82116085021", "photo": "8baefe678219be9832e4a9ba496ee509.jpg", "status": "Belum Ditangani", "notes": "" }, "geometry": { "type": "Point", "coordinates": [ 120.272658, -8.395308 ] } },
{ "type": "Feature", "properties": { "region": "Alorongga", "location": "Biatiba, Kompleks Masjid Baiturahman Alorongga, Kel. Mbay 1", "households": 5, "people": "24", "needs": "Beras 50 Kg, Telur 5 Papan, Mie Instan 5 Dus, Air Mineral 10 Dus, Tenda Atau Terpal, Selimut, Lampu Emergency", "reporter": "Ratih", "contact": "085266711193 / 082266461984", "photo": "bb467f89e68c4e95bfd1dfbd3c43ee7d.jpg", "status": "Belum Ditangani", "notes": "" }, "geometry": { "type": "Point", "coordinates": [ 121.269375, -8.555405 ] } },
{ "type": "Feature", "properties": { "region": "Manggarai Barat", "location": "Dusun Pateng, desa Rego kecamatan macang pacar", "households": 2, "people": "9", "needs": "Bahan bangunan dan sembako", "reporter": "Ferdinandus De Carsten Columbus", "contact": "82322379026", "photo": "ab20ea454d7d217bd3d8b8e2ee3ced75.jpg", "status": "Belum Ditangani", "notes": "" }, "geometry": { "type": "Point", "coordinates": [ 120.272482, -8.3953 ] } },
{ "type": "Feature", "properties": { "region": "MANGGARAI", "location": "KABUPATEN MANGGARAI KECAMATAN WAE RI'I DESA RANAKA", "households": 122, "people": "784", "needs": "Tenda Terpal, Beras.Obat- obatan.listrik/jenset.Air.Sembako", "reporter": "KERISTIAN YOHANES VISKER", "contact": "85328101812", "photo": "aa129079e8a240e151c815bc0c7c30f1.jpg", "status": "Belum Ditangani", "notes": "" }, "geometry": { "type": "Point", "coordinates": [ 120.519097, -8.613582 ] } },
{ "type": "Feature", "properties": { "region": "MANGGARAI", "location": "KABUPATEN MANGGARAI KECAMATAN WAE RI'I DESA RANAKA", "households": 122, "people": "784", "needs": "Tenda Terpal, Beras.Obat- obatan.listrik/jenset.Air.Sembako", "reporter": "KERISTIAN YOHANES VISKER", "contact": "85328101812", "photo": "beb4bef83ec0a1a528cb24654abdd254.jpg", "status": "Belum Ditangani", "notes": "" }, "geometry": { "type": "Point", "coordinates": [ 120.519097, -8.613582 ] } },
{ "type": "Feature", "properties": { "region": "MANGGARAI", "location": "KABUPATEN MANGGARAI KECAMATAN WAE RI'I DESA RANAKA", "households": 122, "people": "784", "needs": "Tenda Terpal, Beras.Obat- obatan.listrik/jenset.Air.Sembako", "reporter": "KERISTIAN YOHANES VISKER", "contact": "85328101812", "photo": "ad9fe3e2922f131f17e5e75876185e2c.jpg", "status": "Belum Ditangani", "notes": "" }, "geometry": { "type": "Point", "coordinates": [ 120.519097, -8.613582 ] } },
{ "type": "Feature", "properties": { "region": "MANGGARAI", "location": "KABUPATEN MANGGARAI KECAMATAN WAE RI'I DESA RANAKA", "households": 122, "people": "784", "needs": "Tenda Terpal, Beras.Obat- obatan.listrik/jenset.Air.Sembako", "reporter": "KERISTIAN YOHANES VISKER", "contact": "85328101812", "photo": "5372e6ba2cb7d902a3f12d5d03d142d4.jpg", "status": "Belum Ditangani", "notes": "" }, "geometry": { "type": "Point", "coordinates": [ 120.519097, -8.613582 ] } },
{ "type": "Feature", "properties": { "region": "MANGGARAI", "location": "KABUPATEN MANGGARAI KECAMATAN WAE RI'I DESA RANAKA", "households": 122, "people": "784", "needs": "Tenda Terpal, Beras.Obat- obatan.listrik/jenset.Air.Sembako", "reporter": "KERISTIAN YOHANES VISKER", "contact": "85328101812", "photo": "f19cf6f91f94132676093d8076949afd.jpg", "status": "Belum Ditangani", "notes": "" }, "geometry": { "type": "Point", "coordinates": [ 120.519097, -8.613582 ] } },
{ "type": "Feature", "properties": { "region": "Desa Bangka Kuleng", "location": "DESA BANGKA KULENG KEC LAMBA LEDA SELATAN.", "households": 376, "people": "1500", "needs": "Beras, Obat&quot; dan kebutuhan Bayi ( Susu) usia 0-1 tahun dan 1-2 tahun dan Ibu hamil.\r\n\r\nDan Air minum", "reporter": "Emanuel odo", "contact": "082147213170.( Emanuel Odo) Mahasiswa", "photo": "3c8d419bfc56f9e8a00a55a323ef71e4.jpg", "status": "Belum Ditangani", "notes": "" }, "geometry": { "type": "Point", "coordinates": [ 120.542345, -8.565751 ] } },
{ "type": "Feature", "properties": { "region": "Ende. Kel potulando. Kec Ende tenggah", "location": "Jln. Garuda. RT 002.RW 004", "households": 5, "people": "5", "needs": ".beras.tarpal ato tenda. Obat-obatan", "reporter": "Yohanes Hadrianus ngouth", "contact": "81239275752", "photo": "b358ae31734c8575ce2376837f32719b.jpg", "status": "Belum Ditangani", "notes": "" }, "geometry": { "type": "Point", "coordinates": [ 121.64839, -8.845414 ] } },
{ "type": "Feature", "properties": { "region": "Bajawa-Mataloko", "location": "Were-Bokeka", "households": 1, "people": "3", "needs": "Butuh beras 50 kg", "reporter": "Alwisinda Anu", "contact": "81236143912", "photo": "", "status": "Belum Ditangani", "notes": "" }, "geometry": { "type": "Point", "coordinates": [ 121.033482, -8.869956 ] } },
{ "type": "Feature", "properties": { "region": "Bajawa", "location": "Were-Bokeka", "households": 1, "people": "3", "needs": "Bantuan beras 50 kg", "reporter": "Maria Bernadetha Inu", "contact": "81236143912", "photo": "73607fb9cee7334f8c011cd0c28bce67.jpg", "status": "Belum Ditangani", "notes": "" }, "geometry": { "type": "Point", "coordinates": [ 120.975952, -8.784694 ] } },
{ "type": "Feature", "properties": { "region": "Manggarai Timur", "location": "Kecamatan Borong., Kab. Manggarai Timur, Prov. Nusa Tenggara Timir", "households": 180, "people": "306.83800000000002", "needs": "Kami butuh tenaga medis, bahan pangan pokok, dan obat-obatan", "reporter": "Muhammad Daeng Marewa", "contact": "0853-5390-4575", "photo": "8d27bd89d21d3b048afa8e01ae9c4b78.jpg", "status": "Belum Ditangani", "notes": "" }, "geometry": { "type": "Point", "coordinates": [ 120.613747, -8.805409 ] } },
{ "type": "Feature", "properties": { "region": "Compang Cibal", "location": "Lalang, Desa Compang Cibal, Kecamatan Cibal Barat, Kabupaten Manggarai, Nusa Tenggara Timur.", "households": 3, "people": "20", "needs": "1. Sembako\r\n2.Obat -obatan /P3K\r\n3.Bahan bangunan (semen,besi,bata,pasir)", "reporter": "Kornelis Abon", "contact": "82144495232", "photo": "bb89047dc36c85b1ef20a9decb03553b.jpeg", "status": "Belum Ditangani", "notes": "" }, "geometry": { "type": "Point", "coordinates": [ 120.448297, -8.51244 ] } },
{ "type": "Feature", "properties": { "region": "Hawe", "location": "Hawe.desa wajur.kec kuwus barat", "households": 100, "people": "150", "needs": "", "reporter": "Tarsisius Aron", "contact": "81239629640", "photo": "05e980e2a4add485476a17006441e094.jpg", "status": "Belum Ditangani", "notes": "" }, "geometry": { "type": "Point", "coordinates": [ 120.256498, -8.541116 ] } },
{ "type": "Feature", "properties": { "region": "Manggarai barat", "location": "Desa wontong,kec.macang pacar,kab.manggarai barat,prof.nusa tenggara timur", "households": 1, "people": "2", "needs": "Butuh beras 50kg", "reporter": "Yanuarius nosa", "contact": "81239532692", "photo": "d73903c188f0ce6e5d99c6f4e7a53711.jpg", "status": "Belum Ditangani", "notes": "" }, "geometry": { "type": "Point", "coordinates": [ 120.268426, -8.441516 ] } },
{ "type": "Feature", "properties": { "region": "Ruteng", "location": "Rahong, desa beo rahong, kec. Ruteng, kab. Manggarai", "households": 790, "people": "2.7229999999999999", "needs": "Beras, selimut, bahan makan (mie, telur)", "reporter": "Saverinus Ratu", "contact": "81246137993", "photo": "900d1f1faa9d160e1f28593a68516d4b.jpg", "status": "Belum Ditangani", "notes": "" }, "geometry": { "type": "Point", "coordinates": [ 120.384931, -8.573452 ] } },
{ "type": "Feature", "properties": { "region": "Manggarai Timur", "location": "KOMPLEKS PUSKESMAS BEA MURING,DESA LEONG, KECAMATAN ALAMBA LEDA SELATAN.", "households": 5, "people": "50", "needs": "beras, selimut, makanan cepa saji, obat-obatan dll.", "reporter": "Mateus Kawe", "contact": "82191207926", "photo": "", "status": "Belum Ditangani", "notes": "" }, "geometry": { "type": "Point", "coordinates": [ 120.662413, -8.570158 ] } },
{ "type": "Feature", "properties": { "region": "Kabupaten Manggarai Barat", "location": "Dusun Pateng Selatan Desa Lewat Kecamatan Macang Pacar", "households": 1, "people": "6", "needs": "Bahan Bangunan", "reporter": "Silvester Disman", "contact": "85338277583", "photo": "5270d73549a72046142207eecb0bd3d6.jpg", "status": "Belum Ditangani", "notes": "" }, "geometry": { "type": "Point", "coordinates": [ 120.270709, -8.395391 ] } },
{ "type": "Feature", "properties": { "region": "Manggarai Timur", "location": "Kompleks Puskesmas Bea Muring, Desa Leong, Kecamatan Lamba Leda Selatan.", "households": 5, "people": "50", "needs": "Beras 50 KG, Selimut, Makanan cepat saji, Obat obatan.", "reporter": "Mateus Kawe", "contact": "82191207926", "photo": "55727c1a92bc5ff8bd8abe833897bd1c.png", "status": "Belum Ditangani", "notes": "" }, "geometry": { "type": "Point", "coordinates": [ 120.662413, -8.570158 ] } },
{ "type": "Feature", "properties": { "region": "DESA DETUKELI", "location": "RT 003 RW 002 DUSUN MAGEKOBA DESA DETUKELI KECAMATAN DETUKELI KABUPATEN ENDE NTT", "households": 50, "people": "300", "needs": "Butuh Beras ,Tenda darurat", "reporter": "MAXIMUS BRIAN GAPO", "contact": "81336368298", "photo": "", "status": "Belum Ditangani", "notes": "" }, "geometry": { "type": "Point", "coordinates": [ 121.937256, -8.742634 ] } },
{ "type": "Feature", "properties": { "region": "Manggarai", "location": "Lale, Dusun. Weli, Desa. Beamese, Kec. Cibal, Kab. Manggarai", "households": 11, "people": "32+ 1 ibu Hamil", "needs": "Terpal, Sembako (beras 500kg, telur/lauk pauk, minyak goreng, susu ibu hamil, susu dan biskuit untuk anak-anak, perlengkapan mandi) tempat penampungan air, tikar, baju untuk SD-SMA, perlengkapan sekolah (SD-SMA), Obat-obatan (P3K), senter (penerangan)", "reporter": "Dominikus Maru", "contact": "81239624232", "photo": "753645cc55fd9523e8e1df7978f4baa7.jpeg", "status": "Belum Ditangani", "notes": "" }, "geometry": { "type": "Point", "coordinates": [ 120.492496, -8.491067 ] } },
{ "type": "Feature", "properties": { "region": "Kenda kec wae Ri'i", "location": "Banka kenda kecamatan wae rii kabupaten mangarai", "households": 13, "people": "32", "needs": "Kami sangat membutuhkan bantuan seperti beras .makan siap saji dan juga tenda serta selimut", "reporter": "Yohan ali Achen", "contact": "81246635917", "photo": "", "status": "Belum Ditangani", "notes": "" }, "geometry": { "type": "Point", "coordinates": [ 120.457098, -8.567228 ] } },
{ "type": "Feature", "properties": { "region": "Lingkungan bari  kelurahan reo jalan inpras reo", "location": "Kelurahan reo, kecamatan reok, kabupaten manggarai, nusa tenggara timur RT 05 RW 03, lingkungan bari gang per3an samping gereja efata protestan", "households": 6, "people": "20", "needs": "Beras, bahan bakar (bensin), minyak tanah, makanan cpt saji, tenda/terpal, air minum, obat”an (kotak P3K), selimut.", "reporter": "Neza,intan baharun", "contact": "081353102031 / 085606413662", "photo": "cafd68396b0f1d69b38eb8c32a5e10b8.jpeg", "status": "Belum Ditangani", "notes": "" }, "geometry": { "type": "Point", "coordinates": [ 120.492371, -8.310695 ] } },
{ "type": "Feature", "properties": { "region": "Lingkungan bari  kelurahan reo jalan inpras reo", "location": "Kelurahan reo, kecamatan reok, kabupaten manggarai, nusa tenggara timur RT 05 RW 03, lingkungan bari gang per3an samping gereja efata protestan", "households": 6, "people": "20", "needs": "Beras, bahan bakar (bensin), minyak tanah, makanan cpt saji, tenda/terpal, air minum, obat”an (kotak P3K), selimut.", "reporter": "Neza,intan baharun", "contact": "081353102031 / 085606413662", "photo": "083683301e754a76d12b13832913bc8d.jpeg", "status": "Belum Ditangani", "notes": "" }, "geometry": { "type": "Point", "coordinates": [ 120.492371, -8.310695 ] } },
{ "type": "Feature", "properties": { "region": "Manggarai Timur", "location": "Kec. Lamba Leda, Desa Tengku Lawar, Dusun Wereng, RT.001 Rw.001", "households": 9, "people": "28", "needs": "Beras 280 kg,Myk tanah, susu,slimut, Pemper, air minum, myk Goreng, mie, telur, obat-obatan", "reporter": "Bertolomeus Dahat", "contact": "O81237975795", "photo": "b3aebdb4abcb1257e86a449b73e01be3.jpg", "status": "Belum Ditangani", "notes": "" }, "geometry": { "type": "Point", "coordinates": [ 120.739746, -8.492987 ] } },
{ "type": "Feature", "properties": { "region": "Manggarai Timur", "location": "Kec. Lamba Leda, Desa Tengku Lawar, Dusun Wereng, RT.001 Rw.001", "households": 9, "people": "28", "needs": "Beras 280 kg,Myk tanah, susu,slimut, Pemper, air minum, myk Goreng, mie, telur, obat-obatan", "reporter": "Bertolomeus Dahat", "contact": "O81237975795", "photo": "46dbc50d7176a09bf13a13a2d3c33874.jpg", "status": "Belum Ditangani", "notes": "" }, "geometry": { "type": "Point", "coordinates": [ 120.739746, -8.492987 ] } },
{ "type": "Feature", "properties": { "region": "Kenda kec wae Ri'i", "location": "Kabupaten mangarai nusa tengara timur. Desa banka kenda kecamatan wae ri'i", "households": 13, "people": "30", "needs": "Disini kami membutuhkan beras dan makanan sia paji,serta pakayan layak pakai dan tenda dan selimut", "reporter": "Yohan ali Achen", "contact": "81246635917", "photo": "5854d853a8a9d05358d6a7755f3f5094.jpg", "status": "Belum Ditangani", "notes": "" }, "geometry": { "type": "Point", "coordinates": [ 120.457099, -8.567227 ] } },
{ "type": "Feature", "properties": { "region": "Manggarai Timur", "location": "Kec. Lamba Leda", "households": 3, "people": "12 Jiwa", "needs": "Beras 120 kg, miyak tana, Mie, telur, M. Goreng, susu, selimut, Aqua, Lampu, Handuk, sabun, pempers.", "reporter": "Fransiskus Fensi", "contact": "082348004770Butuh Bantuan", "photo": "", "status": "Belum Ditangani", "notes": "" }, "geometry": { "type": "Point", "coordinates": [ 120.355225, -8.425036 ] } },
{ "type": "Feature", "properties": { "region": "Manggarai barat", "location": "Kabupaten: manggarai barat,Kecamatan Welak, Desa Semang, Dusun Wora, Provinsi NTT", "households": 2, "people": "6", "needs": "Dana", "reporter": "Ludovikus senaja", "contact": "82145493380", "photo": "90ecacdbe6e65f9fd5d24ff651123718.jpg", "status": "Belum Ditangani", "notes": "" }, "geometry": { "type": "Point", "coordinates": [ 120.226931, -8.577556 ] } },
{ "type": "Feature", "properties": { "region": "Manggarai, Flores, NTT", "location": "Lengo Rt 006 Rw 003, Desa Toe,Kec.Reok Barat, Kab. Manggarai NTT", "households": 55, "people": "500", "needs": "Butuh Beras, mie instan, obat-obatan, sabun mandi, rinso dan kebutuhan makanan ringan", "reporter": "Paskalis Arci Moncai", "contact": "81237752445", "photo": "6a7fe2dcb1db2c4d227ad824f8e458b4.jpg", "status": "Belum Ditangani", "notes": "" }, "geometry": { "type": "Point", "coordinates": [ 120.372798, -8.332124 ] } },
{ "type": "Feature", "properties": { "region": "Kab, manggarai", "location": "Rt,003, rw,002\r\nDesa latung kec. Cibal Barat", "households": 1, "people": "2", "needs": "Butuh beras 50kg dengan selimut serta obat_obatan", "reporter": "Maria Goreti Ndirut", "contact": "81311632842", "photo": "8758ff4a10c6a64bab2efe2f198ae2a0.jpg", "status": "Belum Ditangani", "notes": "" }, "geometry": { "type": "Point", "coordinates": [ 120.420159, -8.453531 ] } },
{ "type": "Feature", "properties": { "region": "Manggarai", "location": "Watu Ali, Desa Ndehes, Kecamatan Wae Ri'i Kabupaten Manggarai", "households": 10, "people": "50", "needs": "Butuh beras 150 kg telur 20 papan mie instan 20 dos", "reporter": "Mus Paru", "contact": "81238989637", "photo": "f6318715735f085def5e6b8f3de665b0.jpg", "status": "Belum Ditangani", "notes": "" }, "geometry": { "type": "Point", "coordinates": [ 120.479128, -8.575547 ] } },
{ "type": "Feature", "properties": { "region": "Manggarai", "location": "NTT, kab. Manggarai, kec.Cibal Barat, Desa Latung Rt/Rw 04/03", "households": 2, "people": "8", "needs": "Beras,selimut,terpal,sembako", "reporter": "Lanita Suryanti", "contact": "82146596114", "photo": "d793f05de94cbf65ca45bd2093635684.jpg", "status": "Belum Ditangani", "notes": "" }, "geometry": { "type": "Point", "coordinates": [ 120.437023, -8.442483 ] } },
{ "type": "Feature", "properties": { "region": "KABUPATEN MANGGARAI", "location": "DUSUN LENGO DESA TOE KECAMATAN REOK BARAT KABUPATEN MANGGARAI PROVINSI NUSA TENGGARA TIMUR", "households": 55, "people": "555", "needs": "Saya selaku salah satu korban bencana sangat membutuhkan bantuan dari pemerintah, kami sangat membutuhkan logistik atau sembako.\r\nKami sangat membutuhkan beras, obat-obatan dan selimut dan lain-lain.", "reporter": "PATRISNO HENDRA LOJA", "contact": "81238122117", "photo": "ce28f56e3cfeee065040c8d5f8714a46.png", "status": "Belum Ditangani", "notes": "" }, "geometry": { "type": "Point", "coordinates": [ 120.375199, -8.321723 ] } },
{ "type": "Feature", "properties": { "region": "Manggarai", "location": "NTT,kab. Manggarai kec.Cibal Barat,Desa Latung", "households": 2, "people": "8", "needs": "Beras,selimut,sembako", "reporter": "Gonsadi Tarsan Padu", "contact": "81383720795", "photo": "025c8dd4184c87b60e738ab26ee065ee.jpg", "status": "Belum Ditangani", "notes": "" }, "geometry": { "type": "Point", "coordinates": [ 120.436488, -8.441975 ] } },
{ "type": "Feature", "properties": { "region": "Manggarai", "location": "Ruteng manggarai Langke Rembong Nusa tenggara Timur (Cuncalawar/berhadapan dengan kantor Dinas Lingkungan Hidup)", "households": 1, "people": "4", "needs": "Butuh beras", "reporter": "Maria reineldis hanto", "contact": "81338601779", "photo": "58d78ff94a22dd51884738bf7f72b7d1.jpg", "status": "Belum Ditangani", "notes": "" }, "geometry": { "type": "Point", "coordinates": [ 120.47457, -8.605308 ] } },
{ "type": "Feature", "properties": { "region": "Manggarai", "location": "Ruteng manggarai Langke Rembong Nusa tenggara Timur (Cuncalawar/berhadapan dengan kantor Dinas Lingkungan Hidup)", "households": 1, "people": "4", "needs": "Butuh beras", "reporter": "Maria reineldis hanto", "contact": "81338601779", "photo": "5142d317f51cabaad92860df61c232f4.jpg", "status": "Belum Ditangani", "notes": "" }, "geometry": { "type": "Point", "coordinates": [ 120.47457, -8.605308 ] } },
{ "type": "Feature", "properties": { "region": "Lengo, RT/RW 003/005 DESA TOE, KEC. REOK BARAT, KAB MANGGARAI", "location": "Lengo, RT/RW 003/005 DESA TOE, KEC. REOK BARAT, KAB MANGGARAI", "households": 55, "people": "500an", "needs": "2.750 kg beras, 110 selimut, sembako disesuaikan dengan jumlah kk dan penduduk,,,", "reporter": "albinus kari", "contact": "85238423189", "photo": "a1d55dfebef716f898111c624b89c026.jpg", "status": "Belum Ditangani", "notes": "" }, "geometry": { "type": "Point", "coordinates": [ 120.375836, -8.321943 ] } },
{ "type": "Feature", "properties": { "region": "Desa Lengko Namut", "location": "Desa Lengko Namut, kecamatan Elar, kabupaten Manggarai Timur", "households": 70, "people": "120", "needs": "Beras,sembako dan kebutuhan obat obatan", "reporter": "Albertus filemon", "contact": "81337318749", "photo": "45cfd6a913ce000bc4f13de4932bd46a.jpg", "status": "Belum Ditangani", "notes": "" }, "geometry": { "type": "Point", "coordinates": [ 120.729786, -8.527062 ] } },
{ "type": "Feature", "properties": { "region": "Desa Lengko Namut", "location": "Desa Lengko Namut, kecamatan Elar, kabupaten Manggarai Timur", "households": 70, "people": "120", "needs": "Beras,sembako dan kebutuhan obat obatan", "reporter": "Albertus filemon", "contact": "81337318749", "photo": "27baab7b18b6facefbd3e89b81289869.jpg", "status": "Belum Ditangani", "notes": "" }, "geometry": { "type": "Point", "coordinates": [ 120.729786, -8.527062 ] } },
{ "type": "Feature", "properties": { "region": "Desa Lengko Namut", "location": "Desa Lengko Namut, kecamatan Elar, kabupaten Manggarai Timur", "households": 70, "people": "120", "needs": "Beras,sembako dan kebutuhan obat obatan", "reporter": "Albertus filemon", "contact": "81337318749", "photo": "73bfddd407c1bf7e129b82ef2e4b9c86.jpg", "status": "Belum Ditangani", "notes": "" }, "geometry": { "type": "Point", "coordinates": [ 120.729786, -8.527062 ] } },
{ "type": "Feature", "properties": { "region": "Kab manggarai", "location": "Rt,003 Rw, 002 \r\nDesa Latung, kec. Cibal barat", "households": 1, "people": "3", "needs": "Butuh beras, 50 kg dengan selinut", "reporter": "Natalia Nurti", "contact": "81311632842", "photo": "92e4bbcdfdf880987fa3455ae3ac37ae.jpg", "status": "Belum Ditangani", "notes": "" }, "geometry": { "type": "Point", "coordinates": [ 120.419881, -8.452384 ] } },
{ "type": "Feature", "properties": { "region": "MANGGARAI", "location": "Jepang rt. 010 rw. 003 kel. Satar tacik kec. Langke rembong kab. Manggarai", "households": 1, "people": "5", "needs": "Beras 50kg", "reporter": "AFRIT ANUS GIUS", "contact": "85238672735", "photo": "f0cfd732b4ff4989e3a85e3aa7d64cd2.jpg", "status": "Belum Ditangani", "notes": "" }, "geometry": { "type": "Point", "coordinates": [ 120.467273, -8.616223 ] } },
{ "type": "Feature", "properties": { "region": "MANGGARAI", "location": "Jepang rt. 010 rw. 003 kel. Satar tacik kec. Langke rembong kab. Manggarai", "households": 1, "people": "5", "needs": "Beras 50kg", "reporter": "AFRIT ANUS GIUS", "contact": "85238672735", "photo": "d05b09147025b0b3a86de23b6ebbf652.jpg", "status": "Belum Ditangani", "notes": "" }, "geometry": { "type": "Point", "coordinates": [ 120.467273, -8.616223 ] } },
{ "type": "Feature", "properties": { "region": "Lengo, RT/RW 006/003, Desa Toe, Kec. Reok Barat, Kab. Manggarai, Prof. Nusa Tenggara Timur ( Pulau Flores)", "location": "Lengo, Jln. Reok-Rego menuju Manggarai Barat RT/RW 006/003, Desa Toe, Kec. Reok Barat, Kab. Manggarai, Prof. Nusa Tenggara Timur ( Pulau Flores)", "households": 55, "people": "500san", "needs": "Beras 2.750 kg, Obat-obatan, Selimut 110 lembar, sembako disesuaikan dengan jumlah KK dan jiwa,untuk kebutuhan karena rumah dengan kerusakan berfariasi disesuaikan dengan jumlah KK, Rata2 semua Rumah Rusak 25 persen sampai 75 persen dengan fariasi kerusakan berbeda, 100% Rumah di dusun kami mengalami kerusakan berfariasi, dan harus renovasi keseluruhan karena retakan yg merata.sampai saat ini di dusun kami listrik belum menyalah sejak kejadian di tgl 15 kemarin, sekarang kami menggunakan generator untuk menyalahkan listrik dengan signal starling, kami harus bayar listrik dan Starlink..", "reporter": "YOHANES LANOR", "contact": "85238423189", "photo": "0f304e237a319cb9df9fb8bc6e150477.jpg", "status": "Belum Ditangani", "notes": "" }, "geometry": { "type": "Point", "coordinates": [ 120.375836, -8.321944 ] } },
{ "type": "Feature", "properties": { "region": "Manggarai Timur", "location": "Desa Melo, kec. Lamba Leda Selatan. Kab .Manggarai Timur, NTT", "households": 2, "people": "5", "needs": "Beras 50 kg, obat, susu anak usia 3 Tahun( susu dancow 3+) karena anak butuh susu juga anaknya tidak asi.", "reporter": "Matias Boy", "contact": "81246201995", "photo": "", "status": "Belum Ditangani", "notes": "" }, "geometry": { "type": "Point", "coordinates": [ 120.534648, -8.511866 ] } },
{ "type": "Feature", "properties": { "region": "Danga Au Nagekeo", "location": "Danga Au, RT 04, Kelurahan Danga, Kecamatan Aesesa, Kabupaten Nagekeo", "households": 15, "people": "59", "needs": "Beras, Telur, minyak goreng, selimut, mie instan, bawang", "reporter": "ANGELUS SIGA", "contact": "87823260778", "photo": "1337a962322eb3982eaa3f63f031442d.jpg", "status": "Belum Ditangani", "notes": "" }, "geometry": { "type": "Point", "coordinates": [ 121.260003, -8.566123 ] } },
{ "type": "Feature", "properties": { "region": "Danga Au Nagekeo", "location": "Danga Au, RT 04, Kelurahan Danga, Kecamatan Aesesa, Kabupaten Nagekeo", "households": 15, "people": "59", "needs": "Beras, Telur, minyak goreng, selimut, mie instan, bawang", "reporter": "ANGELUS SIGA", "contact": "87823260778", "photo": "2ed475b072e2d8d04635f87f3fe0d7d2.jpg", "status": "Belum Ditangani", "notes": "" }, "geometry": { "type": "Point", "coordinates": [ 121.260003, -8.566123 ] } },
{ "type": "Feature", "properties": { "region": "MANGGARAI", "location": "Jepang RT.010 RW 003 kel.satar Tacik kec.langke rembong", "households": 1, "people": "4", "needs": "Butuh beras 50kg", "reporter": "MARIA YASINTA ROSLINDA", "contact": "85237877577", "photo": "2d3538f06cd087d6782331cbc383cc65.jpg", "status": "Belum Ditangani", "notes": "" }, "geometry": { "type": "Point", "coordinates": [ 120.471808, -8.600038 ] } },
{ "type": "Feature", "properties": { "region": "Manggarai Timur", "location": "Desa Melo, kec. Lamba leda selatan", "households": 2, "people": "5", "needs": "Beras 50 kg, Obat-obatan, selimut, susu anak usia 3 Tahun. Dancow 3 +. Untuk anak krna anak saya butuh susu.", "reporter": "Matias Boy", "contact": "81246201995", "photo": "fc0b7a2250b588a6e74dad57a4261854.jpg", "status": "Belum Ditangani", "notes": "" }, "geometry": { "type": "Point", "coordinates": [ 120.534648, -8.511866 ] } },
{ "type": "Feature", "properties": { "region": "Manggarai Timur", "location": "Desa Melo, kec. Lamba leda selatan", "households": 2, "people": "5", "needs": "Beras 50 kg, Obat-obatan, selimut, susu anak usia 3 Tahun. Dancow 3 +. Untuk anak krna anak saya butuh susu.", "reporter": "blaangemilia@gmail.com", "contact": "81246201995", "photo": "80edf2a0b532c1d1deda89ce7912a6fc.jpg", "status": "Belum Ditangani", "notes": "" }, "geometry": { "type": "Point", "coordinates": [ 120.534648, -8.511866 ] } },
{ "type": "Feature", "properties": { "region": "Manggarai Timur", "location": "Desa Melo, kec. Lamba leda selatan", "households": 2, "people": "5", "needs": "Beras 50 kg, Obat-obatan, selimut, susu anak usia 3 Tahun. Dancow 3 +. Untuk anak krna anak saya butuh susu.", "reporter": "blaangemilia@gmail.com", "contact": "81246201995", "photo": "542025cd8313411a90bdf9d617956fda.jpg", "status": "Belum Ditangani", "notes": "" }, "geometry": { "type": "Point", "coordinates": [ 120.534648, -8.511866 ] } },
{ "type": "Feature", "properties": { "region": "Golo Lujang, Manggarai Barat", "location": "Kaung, RT/RW: 007/003, Desa Golo Lujang, Kec. Boleng, Kab. Manggarai Barat.", "households": 9, "people": "21", "needs": "Butuh Beras, 100 kg, Kebutuhan Pokok (Sembako), Obat-Obatan", "reporter": "Ferdinandus Pantas", "contact": "82237457574", "photo": "fe88bb3e4b27491aa431b5bda687476a.jpg", "status": "Belum Ditangani", "notes": "" }, "geometry": { "type": "Point", "coordinates": [ 120.118353, -8.547056 ] } },
{ "type": "Feature", "properties": { "region": "Golo Lujang, Manggarai Barat", "location": "Kaung, RT/RW: 007/003, Desa Golo Lujang, Kec. Boleng, Kab. Manggarai Barat.", "households": 9, "people": "21", "needs": "Butuh Beras, 100 kg, Kebutuhan Pokok (Sembako), Obat-Obatan", "reporter": "Ferdinandus Pantas", "contact": "82237457574", "photo": "e90502d9076fcc5b9b10fcf5b7b6c37b.jpg", "status": "Belum Ditangani", "notes": "" }, "geometry": { "type": "Point", "coordinates": [ 120.118353, -8.547056 ] } },
{ "type": "Feature", "properties": { "region": "Nagekeo", "location": "Desa Waekokak, Kecamatan Aesesa,Kab. Negekeo.", "households": 58, "people": "326", "needs": "Beras, Gula,Kopi,susu,terpal tenda pengungsian,selimut, obat-obatan,sayur, lauk, selimut,air minum, alas tidur.", "reporter": "Yohanes wawo", "contact": "81338698935", "photo": "a8bb9a30ce88720c6346c66328881bfe.jpg", "status": "Belum Ditangani", "notes": "" }, "geometry": { "type": "Point", "coordinates": [ 121.235937, -8.505743 ] } },
{ "type": "Feature", "properties": { "region": "Manggarai Barat", "location": "Paurundang Desa Watu Manggar kecamatan macang pacar", "households": 2, "people": "4", "needs": "Butuh beras 100 kg selimut dan pakaian", "reporter": "Siprianus Jehardianto", "contact": "81236584962", "photo": "2e1b0dbb2184240aeb6e1f26a84219fd.jpg", "status": "Belum Ditangani", "notes": "" }, "geometry": { "type": "Point", "coordinates": [ 120.190298, -8.415845 ] } },
{ "type": "Feature", "properties": { "region": "Manggarai Timur", "location": "Melo, Desa Melo, Kec. Lamba Leda Selatan", "households": 2, "people": "7", "needs": "Beras, obat-obatan, dan sembako lainnya", "reporter": "Benyamin Hamin", "contact": "81239446803", "photo": "c2aaea7700b28375a17b3aa353a47db6.jpg", "status": "Belum Ditangani", "notes": "" }, "geometry": { "type": "Point", "coordinates": [ 120.537701, -8.505257 ] } },
{ "type": "Feature", "properties": { "region": "Tanah Rata", "location": "Padang,Rt 003/ RW 001, Kel.Tanah Rata, Kec Kota Komba, Kab Manggarai Timur", "households": 1, "people": "4", "needs": "Beras,Minyak Goreng,Air Minum.", "reporter": "Fidelis Sarong", "contact": "81288455711", "photo": "dde03e73869e5d9118de725a428a7c61.jpeg", "status": "Belum Ditangani", "notes": "" }, "geometry": { "type": "Point", "coordinates": [ 120.670814, -8.815221 ] } },
{ "type": "Feature", "properties": { "region": "Tanah Rata", "location": "Padang,Rt 003/ RW 001, Kel.Tanah Rata, Kec Kota Komba, Kab Manggarai Timur", "households": 1, "people": "4", "needs": "Beras,Minyak Goreng,Air Minum.", "reporter": "Fidelis Sarong", "contact": "81288455711", "photo": "42bf83be5891a74cdab94de762254c88.jpeg", "status": "Belum Ditangani", "notes": "" }, "geometry": { "type": "Point", "coordinates": [ 120.670814, -8.815221 ] } },
{ "type": "Feature", "properties": { "region": "Kab Nagekeo", "location": "Desa Waekokak, Posko Wewo Korojawa", "households": 18, "people": "84", "needs": "Beras, lauk, air minum, tikar, selimut, obat-obatan, susu anak balita, masker, hand sanitaser", "reporter": "Darius Ture", "contact": "81317421769", "photo": "1076fb9d43ed4ec6b529079e0926729c.jpg", "status": "Belum Ditangani", "notes": "" }, "geometry": { "type": "Point", "coordinates": [ 122.016808, -8.586583 ] } },
{ "type": "Feature", "properties": { "region": "Desa waekokak, kec. Aesesa, kab. Nagekeo, prop. NTT", "location": "Waekokak", "households": 25, "people": "96 jiwa", "needs": "150kg\r\nSelimut \r\nTelur ayam\r\nObat obatan\r\nAir minum", "reporter": "Yohanis Kleruk", "contact": "82268016933", "photo": "dc941df6f9b3d0181df8e90ec2ee3f87.jpg", "status": "Belum Ditangani", "notes": "" }, "geometry": { "type": "Point", "coordinates": [ 121.252934, -8.505832 ] } },
{ "type": "Feature", "properties": { "region": "POTA", "location": "KELURAHAN POTA, KECAMATAN SAMBI RAMPAS, KABUPATEN MANGGARAI TIMUR, PROVINSI NTT", "households": 10, "people": "70", "needs": "BERAS 700 KG, MAKANAN SIAP SAJI, AIR MINUM BERSIH, PEMPERS, SUSU ANAK-ANAK, DAN TENDA DARURAT PERMANEN", "reporter": "RANDI IS WANDI", "contact": "81338307426", "photo": "a363fd66b4e70e8a5543d7c5e1783df7.jpeg", "status": "Belum Ditangani", "notes": "" }, "geometry": { "type": "Point", "coordinates": [ 120.764937, -8.35432 ] } },
{ "type": "Feature", "properties": { "region": "Manggarai Timur", "location": "Desa Satar tesem, kecamatan lamba Leda selatan,Kabupaten Manggarai Timur", "households": 1, "people": "3", "needs": "Beras 50 kg, selimut,tenda", "reporter": "WILHELMUS JEBARUS", "contact": "81939650431", "photo": "7e4af01b0889cb96e0ee253f00d8a9d1.jpg", "status": "Belum Ditangani", "notes": "" }, "geometry": { "type": "Point", "coordinates": [ 120.494099, -8.569101 ] } },
{ "type": "Feature", "properties": { "region": "Belakang kantor agama", "location": "Rt 01 rw 01", "households": 8, "people": "52", "needs": "Selimut.  Bantal, Terpal.kasur, beras, semabako.", "reporter": "Rosita lewar", "contact": "82144411688", "photo": "ba5256a675315cfacb00dbb91860a3ed.jpg", "status": "Belum Ditangani", "notes": "" }, "geometry": { "type": "Point", "coordinates": [ 120.474526, -8.607392 ] } },
{ "type": "Feature", "properties": { "region": "Sangi boaguru, desa piga, kecamatan so,a", "location": "Sangi boaguru, desa piga, kecamatan so,a", "households": 1, "people": "5", "needs": "Bantuan renofasi rumah", "reporter": "Elysabeth Mao Leo", "contact": "82283820209", "photo": "8a9d488856edda329c6d3d602834f913.jpg", "status": "Belum Ditangani", "notes": "" }, "geometry": { "type": "Point", "coordinates": [ 121.095428, -8.447971 ] } },
{ "type": "Feature", "properties": { "region": "KISOL", "location": "JL LINTAS RUTENG ENDE, WATUNGGONG, KISOL, KELURAHAN TANAH RATA, KECAMATAN KOTA KOMBA", "households": 2, "people": "10", "needs": "Beras, minyak goreng, minyak tanah, mie instan, telur", "reporter": "LIUS JADE", "contact": "82339809990", "photo": "c0cd49282b536c02d45dbd564dac9ee3.jpg", "status": "Belum Ditangani", "notes": "" }, "geometry": { "type": "Point", "coordinates": [ 120.66698, -8.809707 ] } },
{ "type": "Feature", "properties": { "region": "Ronting Des. Satar Kampas Kec. Lamba Leda Utara Kab. Manggarai Timur", "location": "Ronting Desa Satar Kampas kecamatan lamba leda utara kabupaten manggarai timur", "households": 440, "people": "2761", "needs": "1. Logistik, air minum bersih dan obat obatan.\r\n2. Tenda, selimut, popok bayi dan lansia", "reporter": "Kusufi", "contact": "82298671748", "photo": "ce51c01296ca7a795ea87b2b5cd69eca.jpg", "status": "Belum Ditangani", "notes": "" }, "geometry": { "type": "Point", "coordinates": [ 120.581522, -8.298286 ] } },
{ "type": "Feature", "properties": { "region": "Welong, Desa Wae Mulu. Kec.Wae Ri'i, Kab. Manggarai", "location": "Dusun Welong, Desa Wae Mulu. Kec.Wae Ri'i, Kab. Manggarai", "households": 300, "people": "2000", "needs": "Butuh selimut, obat-obatan, beras 50 kg, senter, dan pakaian seadanya.", "reporter": "Yohanes Pepo", "contact": "+62 813-3879-5229", "photo": "05d00514ea6876e392a80402945479a9.jpg", "status": "Belum Ditangani", "notes": "" }, "geometry": { "type": "Point", "coordinates": [ 120.426932, -8.54791 ] } },
{ "type": "Feature", "properties": { "region": "Bekek, Desa Tadho Tengah, kec. Riung, kab Ngada, Flores NTT.", "location": "Kampung Bekek, Desa Tadho Tengah kecamatan Riung, kabupaten Ngada, Flores, NTT", "households": 192, "people": "650", "needs": "Beras, air mineral, air bersih, lauk pauk, tenda, selimut, obat-obatan, penerangan.", "reporter": "Fransiskus Xaverius Jiling", "contact": "81338378371", "photo": "b7f2753a4a5753a15ceb6d3e7cb2ee3c.jpg", "status": "Belum Ditangani", "notes": "" }, "geometry": { "type": "Point", "coordinates": [ 121.101996, -8.425545 ] } },
{ "type": "Feature", "properties": { "region": "Bekek, Desa Tadho Tengah, kec. Riung, kab Ngada, Flores NTT.", "location": "Kampung Bekek, Desa Tadho Tengah kecamatan Riung, kabupaten Ngada, Flores, NTT", "households": 192, "people": "650", "needs": "Beras, air mineral, air bersih, lauk pauk, tenda, selimut, obat-obatan, penerangan.", "reporter": "Fransiskus Xaverius Jiling", "contact": "81338378371", "photo": "f43c9e0edb4f6f49bf1af772615e5cb8.jpg", "status": "Belum Ditangani", "notes": "" }, "geometry": { "type": "Point", "coordinates": [ 121.101996, -8.425545 ] } },
{ "type": "Feature", "properties": { "region": "Welong, Desa Wae Mulu. Kec.Wae Ri'i, Kab. Manggarai", "location": "Dusun Welong, Desa Wae Mulu. Kec. Wae Ri'i, Kab. Manggarai", "households": 300, "people": "5000 jiwa", "needs": "Butuh beras beras 50 kg, selimut, obat-obatan dan makanan", "reporter": "Eva Ayu lestari", "contact": "+62 813-2538-9268", "photo": "23b451c6da134e80713cc687ac8688d0.jpg", "status": "Belum Ditangani", "notes": "" }, "geometry": { "type": "Point", "coordinates": [ 120.42754, -8.547385 ] } },
{ "type": "Feature", "properties": { "region": "Manggarai Timur", "location": "Dusun Rawang,Desa Tengku Lawar, Kecamatan Lamba Leda, kabupaten Manggarai Timur.", "households": 476, "people": "1707", "needs": "Kebutuhan Logistik dan Pangan Makanan siap saji: Beras, mi instan, biskuit, sarden, abon, dan makanan bayi yang tidak memerlukan proses memasak yang rumit.Air minum dan air bersih: Pasokan air kemasan untuk minum serta tangki air bersih untuk keperluan mandi dan cuci.\r\nDapur umum: Peralatan memasak skala besar untuk menyediakan konsumsi massal di posko pengungsian.\r\nTempat Berlindung Darurat (Shelter)Tenda pengungsian dan terpal: Tempat beralih sementara karena rumah warga hancur atau rawan roboh akibat gempa susulan.\r\nAlas tidur: Kasur lipat, tikar, atau matras agar pengungsi tidak langsung menyentuh tanah dingin.\r\nSelimut dan pakaian ganti: Menjaga kehangatan tubuh, terutama saat malam hari di lokasi terbuka.\r\nKesehatan dan Perlengkapan MedisObat-obatan dan alat P3K: Penanganan luka luar akibat reruntuhan, obat flu, diare, serta vitamin.\r\nTenaga medis: Dokter, perawat.\r\nPerlengkapan Sanitasi dan Kelompok RentanHygiene kit: Sabun, sampo, sikat gigi, pasta gigi, dan detergen untuk menjaga kebersihan di pengungsian.\r\nKebutuhan khusus wanita: Pembalut dan paket kebutuhan kebersihan menstruasi.\r\nKebutuhan bayi: Popok sekali pakai, susu formula, dan minyak telon.\r\nSarana Pendukung dan Infrastruktur Darurat Alat penerangan: Genset listrik, senter, baterai cadangan, dan lampu darurat karena jaringan listrik biasanya padam.\r\nBahan Bakar Minyak (BBM): Solar dan bensin untuk operasional genset.\r\nAlat komunikasi: Starlink", "reporter": "Ignasius S Januar", "contact": "81218590587", "photo": "d0e3e7f383587588d27e5463a12bb3a1.jpg", "status": "Belum Ditangani", "notes": "" }, "geometry": { "type": "Point", "coordinates": [ 120.702122, -8.704175 ] } },
{ "type": "Feature", "properties": { "region": "Manggarai Timur", "location": "Dusun Rawang,Desa Tengku Lawar, Kecamatan Lamba Leda, kabupaten Manggarai Timur.", "households": 476, "people": "1707", "needs": "Kebutuhan Logistik dan Pangan Makanan siap saji: Beras, mi instan, biskuit, sarden, abon, dan makanan bayi yang tidak memerlukan proses memasak yang rumit.Air minum dan air bersih: Pasokan air kemasan untuk minum serta tangki air bersih untuk keperluan mandi dan cuci.\r\nDapur umum: Peralatan memasak skala besar untuk menyediakan konsumsi massal di posko pengungsian.\r\nTempat Berlindung Darurat (Shelter)Tenda pengungsian dan terpal: Tempat beralih sementara karena rumah warga hancur atau rawan roboh akibat gempa susulan.\r\nAlas tidur: Kasur lipat, tikar, atau matras agar pengungsi tidak langsung menyentuh tanah dingin.\r\nSelimut dan pakaian ganti: Menjaga kehangatan tubuh, terutama saat malam hari di lokasi terbuka.\r\nKesehatan dan Perlengkapan MedisObat-obatan dan alat P3K: Penanganan luka luar akibat reruntuhan, obat flu, diare, serta vitamin.\r\nTenaga medis: Dokter, perawat.\r\nPerlengkapan Sanitasi dan Kelompok RentanHygiene kit: Sabun, sampo, sikat gigi, pasta gigi, dan detergen untuk menjaga kebersihan di pengungsian.\r\nKebutuhan khusus wanita: Pembalut dan paket kebutuhan kebersihan menstruasi.\r\nKebutuhan bayi: Popok sekali pakai, susu formula, dan minyak telon.\r\nSarana Pendukung dan Infrastruktur Darurat Alat penerangan: Genset listrik, senter, baterai cadangan, dan lampu darurat karena jaringan listrik biasanya padam.\r\nBahan Bakar Minyak (BBM): Solar dan bensin untuk operasional genset.\r\nAlat komunikasi: Starlink", "reporter": "Ignasius S Januar", "contact": "81218590587", "photo": "b5e58c956ca766d94851f31d29a6bbbe.jpg", "status": "Belum Ditangani", "notes": "" }, "geometry": { "type": "Point", "coordinates": [ 120.702122, -8.704175 ] } },
{ "type": "Feature", "properties": { "region": "Manggarai Barat", "location": "Dusun Todo Desa Golo Bore Kecamatan Ndoso Kabupaten Manggarai Barat", "households": 2, "people": "6", "needs": "Selimut, Semen dan pasir", "reporter": "Venansius Suhardi", "contact": "82196037130", "photo": "210ff3d7b27b9af5b9c5cce5f68d7c8c.jpg", "status": "Belum Ditangani", "notes": "" }, "geometry": { "type": "Point", "coordinates": [ 120.351321, -8.502911 ] } },
{ "type": "Feature", "properties": { "region": "Manggarai", "location": "Desa Watu baur,Kec Reok,Manggarai,NTT", "households": 5, "people": "5", "needs": "Butuh beras,obat-obatan,bantuan makanan lainnya.", "reporter": "Maria krisna jesi", "contact": "81337496401", "photo": "3c25069b5c60273938aa899cc259ede5.jpg", "status": "Belum Ditangani", "notes": "" }, "geometry": { "type": "Point", "coordinates": [ 120.543008, -8.669289 ] } },
{ "type": "Feature", "properties": { "region": "Manggarai Timur", "location": "Kabupaten Manggarai timur kecamatan elar kelurahan tiwu Kondo", "households": 6, "people": "6", "needs": "Beras, Pakayan anak sekolah SMP dan SMA", "reporter": "Maria Magdalena Netriani Gaum", "contact": "81285886467", "photo": "99a37967c48b1435b7a271e1762e9dbb.jpg", "status": "Belum Ditangani", "notes": "" }, "geometry": { "type": "Point", "coordinates": [ 120.738142, -8.529391 ] } },
{ "type": "Feature", "properties": { "region": "Nusa Tenggara timur, Kabupaten Manggarai", "location": "provinsi Nusa tenggara timur, kabupaten manggarai, kelurahan Mata air, reo, Desa salama", "households": 5, "people": "4", "needs": "beras, selimut, kasur, tempat berlindung (tenda) obat obatan luka luka, makanan siap saji", "reporter": "Nur Alamsyah", "contact": "81246421952", "photo": "622ffa00f0a24435867ca56314376853.jpg", "status": "Belum Ditangani", "notes": "" }, "geometry": { "type": "Point", "coordinates": [ 120.486417, -8.312485 ] } },
{ "type": "Feature", "properties": { "region": "Nagekeo", "location": "RT.017,Kolibali,Kelurahan Danga,Kecamatan Aesesa,Kabupaten Nagekeo,Provinsi NTT", "households": 50, "people": "181", "needs": "Beras100kg,mi instan 10 dos, ikan sarden  10 dos, air mineral, selimut, tenda darurat 3 kotak, alat masak, sabun mandi dan cuci, pempers bayi dan lansia, pembalut.", "reporter": "Agustinus Yosef Nurak", "contact": "81339059100", "photo": "03c3f2a57f396eff3839e7fe808df26f.jpg", "status": "Belum Ditangani", "notes": "" }, "geometry": { "type": "Point", "coordinates": [ 121.271095, -8.566159 ] } },
{ "type": "Feature", "properties": { "region": "Lumpang, Desa Golo Lijun, Kec. Elar, Manggarai Timur, NTT", "location": "Lumpang, RT 001, RW 003,Dusun Nangalok, Desa Golo Lijun, Kec.Elar, Kab.Manggarai Timur, NTT.", "households": 70, "people": "300", "needs": "Beras,Minyak, mie instan,Obat-obatan", "reporter": "Vinensius Darmin", "contact": "81393739918", "photo": "d8b32b491ab6cc977d5213496a3e17de.jpg", "status": "Belum Ditangani", "notes": "" }, "geometry": { "type": "Point", "coordinates": [ 120.896325, -8.385814 ] } },
{ "type": "Feature", "properties": { "region": "desa Gorontalo, kecamatan komodo, Manggarai Barat.", "location": "labuan bajo, jl.sakura wae mata", "households": 1, "people": "6", "needs": "semen, pasir, dn batu bata", "reporter": "Paskalina Kusumawati", "contact": "82247905839", "photo": "6fc28ac978bb05170ec428c78f309c0a.jpg", "status": "Belum Ditangani", "notes": "" }, "geometry": { "type": "Point", "coordinates": [ 119.892612, -8.503108 ] } },
{ "type": "Feature", "properties": { "region": "desa Gorontalo, kecamatan komodo, Manggarai Barat.", "location": "labuan bajo, jl.sakura wae mata", "households": 1, "people": "6", "needs": "semen, pasir, dn batu bata", "reporter": "Paskalina Kusumawati", "contact": "82247905839", "photo": "4f5596864dbb8864c72d7de7c608d260.jpg", "status": "Belum Ditangani", "notes": "" }, "geometry": { "type": "Point", "coordinates": [ 119.892612, -8.503108 ] } },
{ "type": "Feature", "properties": { "region": "Mataloko, Ngada, Flores", "location": "Seminari Menengah St. Yohanes Berkhmams Todabelu Mataloko.\r\nSekolah berasrama calon imam", "households": 14, "people": "800 jiwa", "needs": "tenda darurat, selimut, topi dingin, kaus kaki, air minum.", "reporter": "Romo Stefanus Wolo Itu, Pr", "contact": "0813-9606-593", "photo": "9bc672f0a75cc661990e7937e30fbb50.jpg", "status": "Belum Ditangani", "notes": "" }, "geometry": { "type": "Point", "coordinates": [ 121.05639, -8.82285 ] } },
{ "type": "Feature", "properties": { "region": "Kabupaten Manggarai", "location": "Timbu Rt/Rw 007/004, Desa Timbu, Kecamatan Cibal Barat, Kabupaten Manggarai", "households": 2, "people": "5", "needs": "Sembako, Tenda, Penerangan, Obat Obatan", "reporter": "Bonifasius Harimas", "contact": "81244255429", "photo": "1af034006569991d12afe7d66a43a934.jpg", "status": "Belum Ditangani", "notes": "" }, "geometry": { "type": "Point", "coordinates": [ 120.44278, -8.477118 ] } },
{ "type": "Feature", "properties": { "region": "Kabupaten Manggarai", "location": "Timbu Rt/Rw 007/004, Desa Timbu, Kecamatan Cibal Barat, Kabupaten Manggarai", "households": 2, "people": "5", "needs": "Sembako, Tenda, Penerangan, Obat Obatan", "reporter": "Bonifasius Harimas", "contact": "81244255429", "photo": "2ec8a707f4a381da305024f8d83e5f4e.jpg", "status": "Belum Ditangani", "notes": "" }, "geometry": { "type": "Point", "coordinates": [ 120.44278, -8.477118 ] } },
{ "type": "Feature", "properties": { "region": "Kabupaten Manggarai", "location": "Timbu Rt/Rw 007/004, Desa Timbu, Kecamatan Cibal Barat, Kabupaten Manggarai", "households": 2, "people": "5", "needs": "Sembako, Tenda, Penerangan, Obat Obatan", "reporter": "Bonifasius Harimas", "contact": "81244255429", "photo": "50e95c791fb80e0d5f84827027596129.jpg", "status": "Belum Ditangani", "notes": "" }, "geometry": { "type": "Point", "coordinates": [ 120.44278, -8.477118 ] } },
{ "type": "Feature", "properties": { "region": "Jama /Rewarangga selatan KM 05 Ende Timur", "location": "Rewarangga Selatan ,kec.Ende Timur jln sultan Hasanudin.RT/RW 011/005", "households": 12, "people": "48", "needs": "Beras,telur,mie,minyak goreng,gula,sarden,kopi,softex,Pampers bayi ukuran XL (susu Dancow 3 +)Snack ank&quot;obat obatan,peralatan mandi,selimut,", "reporter": "Maria Kristina Hartati", "contact": "82144213328", "photo": "979cbe32e9cd8d6c8e203c3acb2ad662.jpg", "status": "Belum Ditangani", "notes": "" }, "geometry": { "type": "Point", "coordinates": [ 121.67985, -8.81452 ] } },
{ "type": "Feature", "properties": { "region": "Jama /Rewarangga selatan KM 05 Ende Timur", "location": "Rewarangga Selatan ,kec.Ende Timur jln sultan Hasanudin.RT/RW 011/005", "households": 12, "people": "48", "needs": "Beras,telur,mie,minyak goreng,gula,sarden,kopi,softex,Pampers bayi ukuran XL (susu Dancow 3 +)Snack ank&quot;obat obatan,peralatan mandi,selimut,", "reporter": "Maria Kristina Hartati", "contact": "82144213328", "photo": "bb23e1ae1ad077b79d5c0e1c72de760a.jpg", "status": "Belum Ditangani", "notes": "" }, "geometry": { "type": "Point", "coordinates": [ 121.67985, -8.81452 ] } },
{ "type": "Feature", "properties": { "region": "Kabupaten Manggarai, Reo", "location": "Kabupaten Manggarai, Reo Kampung Baru", "households": 1, "people": "5 orang", "needs": "Beras dan obat obatan", "reporter": "Chika Lewar", "contact": "8133641547", "photo": "22db29380be6ec407b8c81ea89ea02ec.png", "status": "Belum Ditangani", "notes": "" }, "geometry": { "type": "Point", "coordinates": [ 120.492066, -8.309151 ] } },
{ "type": "Feature", "properties": { "region": "Manggarai, Reo", "location": "Reo,Kampung Baru", "households": 1, "people": "5", "needs": "Berass, obat obatan", "reporter": "Chika Lewar", "contact": "8133641547", "photo": "8b1300aaba073217ab6ba08515510d0d.png", "status": "Belum Ditangani", "notes": "" }, "geometry": { "type": "Point", "coordinates": [ 120.491464, -8.309093 ] } },
{ "type": "Feature", "properties": { "region": "Kecamatan Soa, Kabupaten Ngada, Flores, NTT", "location": "Desa Seso, kecamatan Soa, Kab. Ngada, NTT", "households": 1, "people": "7", "needs": "Tenda Untuk istirahat di luar rumah", "reporter": "Emond Wio", "contact": "82247245505", "photo": "ca8bd5817a9fb93af3b650bac98ae373.jpg", "status": "Belum Ditangani", "notes": "" }, "geometry": { "type": "Point", "coordinates": [ 121.050099, -8.723369 ] } },
{ "type": "Feature", "properties": { "region": "Manggarai Timur", "location": "Kabupaten Manggarai Timur, Kecamatan Elar, kelurahan Tiwu Kondo", "households": 6, "people": "6", "needs": "Beras, Dan pakayan anak SMP dan SMA", "reporter": "Maria Magdalena Netriani Gaum", "contact": "81285886467", "photo": "49d5c54ac81cab7e8b0f93edad992389.jpg", "status": "Belum Ditangani", "notes": "" }, "geometry": { "type": "Point", "coordinates": [ 120.738142, -8.529391 ] } },
{ "type": "Feature", "properties": { "region": "Desa Lenda Kec. Cibal Barat, Kab Manggarai, NTT", "location": "Kampung Nanu, Desa Lenda Kec. Cibal Barat, Kab Manggarai, NTT", "households": 65, "people": "279", "needs": "Beras, bahan makanan, obat - obatan, air minum layak, susu, selimut,bahan bakar genset, pakaian layak.", "reporter": "Samuel Kawe", "contact": "+62 852-3827-0000 (Samuel Kawe)", "photo": "eb538dcce359080a37fe30d600477ab8.jpg", "status": "Belum Ditangani", "notes": "" }, "geometry": { "type": "Point", "coordinates": [ 120.455697, -8.514792 ] } },
{ "type": "Feature", "properties": { "region": "Manggarai,Meler", "location": "Provinsi Nusa Tenggara Timur \r\nKabupaten Manggarai \r\nDesa.Meler", "households": 1, "people": "6", "needs": "Beras 50k\r\nPerlengkapan rumah\r\nSelimut", "reporter": "Helmina inat", "contact": "82114556428", "photo": "", "status": "Belum Ditangani", "notes": "" }, "geometry": { "type": "Point", "coordinates": [ 120.465775, -8.614647 ] } },
{ "type": "Feature", "properties": { "region": "Bajawa utara", "location": "Desa turamuri", "households": 21, "people": "500", "needs": "Sembako makan minum", "reporter": "Vinsensius neto nago", "contact": "81238553095", "photo": "fe1d07db1704555fb76024095d926e3a.png", "status": "Belum Ditangani", "notes": "" }, "geometry": { "type": "Point", "coordinates": [ 120.93338, -8.873856 ] } },
{ "type": "Feature", "properties": { "region": "Bajawa utara", "location": "Desa turamuri", "households": 21, "people": "500", "needs": "Sembako makan minum", "reporter": "Vinsensius neto nago", "contact": "81238553095", "photo": "50813a4ff663ed577b718e1fcae8ca3a.png", "status": "Belum Ditangani", "notes": "" }, "geometry": { "type": "Point", "coordinates": [ 120.93338, -8.873856 ] } },
{ "type": "Feature", "properties": { "region": "Bajawa utara", "location": "Desa turamuri", "households": 21, "people": "500", "needs": "Sembako makan minum", "reporter": "Vinsensius neto nago", "contact": "81238553095", "photo": "fe8e4f29ba1fd6dac2bff22509107d5a.png", "status": "Belum Ditangani", "notes": "" }, "geometry": { "type": "Point", "coordinates": [ 120.93338, -8.873856 ] } },
{ "type": "Feature", "properties": { "region": "Manggarai Nusa tenggara Timur", "location": "Loi dusun Nanu desa buar kecamatan rahong utara", "households": 80, "people": "290", "needs": "Terpal beras obat mie instan air", "reporter": "Marselinus kento", "contact": "81337089980", "photo": "716b923d6d7a9c9b8c3cd876f07e0008.jpg", "status": "Belum Ditangani", "notes": "" }, "geometry": { "type": "Point", "coordinates": [ 120.73288, -8.463119 ] } },
{ "type": "Feature", "properties": { "region": "Waebetu, Lebijaga", "location": "Jl TW 17 pulau, Waebetu, Lebijaga, Bajawa, Ngada", "households": 1, "people": "5", "needs": "Butuh beras 50kg", "reporter": "Clarita Jesyca Melly Ledo", "contact": "81325865880", "photo": "c5a5505585a062a9cead538510441b06.jpg", "status": "Belum Ditangani", "notes": "" }, "geometry": { "type": "Point", "coordinates": [ 120.983768, -8.776271 ] } },
{ "type": "Feature", "properties": { "region": "Manggarai Timur", "location": "Kecamatan kota Komba, kelurahan Rongga koe, Ranameti", "households": 5, "people": "5", "needs": "Butuh Doa", "reporter": "GRADIANA WINDA LASTAWAN", "contact": "81353004726", "photo": "eb9999ba05e3d94c869ada2d38cfb130.jpg", "status": "Belum Ditangani", "notes": "" }, "geometry": { "type": "Point", "coordinates": [ 120.710907, -8.778469 ] } },
{ "type": "Feature", "properties": { "region": "Compang Wunis", "location": "Kampung Wunis, RT 008/RW 002, Desa Benteng Wunis, Kecamatan Lamba Leda Timur, Kabupaten Manggarai Timur, Provinsi Nusa Tenggara Timur (NTT).", "households": 2, "people": "7", "needs": "1. Sembako,\r\n2. Obat-obatan /P3K\r\n3. Bahan Bangunan (Semen,batako,pasir,besi)", "reporter": "Yuvensius Nardo", "contact": "0823-1161-9471, 0823-4063-6023", "photo": "956f4ee8e0ffa5c7324adc99cb4599d7.jpeg", "status": "Belum Ditangani", "notes": "" }, "geometry": { "type": "Point", "coordinates": [ 120.58754, -8.507687 ] } },
{ "type": "Feature", "properties": { "region": "Manggarai Tengah Kecamatan wae ri'i", "location": "Jalan liang Bua paroki roh kudus ru'a", "households": 30, "people": "320 jiwa", "needs": "Beras 50kg selimut", "reporter": "Deodatus Yogi Dimero", "contact": "81238894741", "photo": "72eb4a708ebcd28ee37505db49415621.jpg", "status": "Belum Ditangani", "notes": "" }, "geometry": { "type": "Point", "coordinates": [ 120.420006, -8.559953 ] } },
{ "type": "Feature", "properties": { "region": "Raja Selatan", "location": "Nunubeza, RT 08, Dusun 2 , Desa Raja Selatan, Kecamatan Boawae,Kabupaten Nagekeo", "households": 2, "people": "6", "needs": "Kami Sangat Butuh Beras, Pakaian , Makanannya Lainnya", "reporter": "Maria Yunita Ngole Wea", "contact": "82260650215", "photo": "fe39eb56fd19037ce779f8b374408ff3.jpg", "status": "Belum Ditangani", "notes": "" }, "geometry": { "type": "Point", "coordinates": [ 121.259408, -8.764795 ] } },
{ "type": "Feature", "properties": { "region": "Kecamatan Reok, Kabupaten Manggarai, Provinsi NTT", "location": "daerah berada di Flores ntt, keadaan dari daerah terdampak khusus di Manggarai Reok banyak sekali yang menjadi korban..\r\nMerenggut beberapa korban jiwa dan banyak korban luka luka dari anak usia dini sampai lansia dengan macam macam cedera yang dialami..\r", "households": 250, "people": "Hampir 150rban", "needs": "Kebutuhan: beras, air bersih, makanan siap saji, gas/minyak tanah.", "reporter": "Muhammad Guntur Ishaka", "contact": "81238807098", "photo": "bf1bb975a69cf283c386269b3c0e02e4.jpeg", "status": "Belum Ditangani", "notes": "" }, "geometry": { "type": "Point", "coordinates": [ 120.472298, -8.302053 ] } },
{ "type": "Feature", "properties": { "region": "Lengo", "location": "Desa To,e Dusun Lengo", "households": 50, "people": "300-500jiwa", "needs": "Beras 50 kg, selimut,dan pakaian", "reporter": "Sodiarjo Darman", "contact": "82266033523", "photo": "ff68d5d5d5111d49efa9f2bd5c726ee7.jpg", "status": "Belum Ditangani", "notes": "" }, "geometry": { "type": "Point", "coordinates": [ 120.369447, -8.33004 ] } },
{ "type": "Feature", "properties": { "region": "Flores, Manggarai Timur, NTT", "location": "Desa Golo Lobos, Lamba Leda Selatan,Desa Golo Lobos, Lamba Leda Selatan,", "households": 50, "people": "100", "needs": "Air Bersih untuk Minum, Minyak Gosok, Minyak Telon, Obat Nyamuk, Selimut hangat, Masker, Terpal untuk Tenda", "reporter": "Megy Kut", "contact": "82147740119", "photo": "aeb3f1349b49442971f68198933cdb88.jpeg", "status": "Belum Ditangani", "notes": "" }, "geometry": { "type": "Point", "coordinates": [ 120.50854, -8.602602 ] } },
{ "type": "Feature", "properties": { "region": "Mataloko", "location": "SMP dan SMA Seminari St. Yohanes Berkemans Mataloko", "households": 2, "people": "725 orang", "needs": "Tenda atau terpal besar, selimut, sanitasi", "reporter": "Maria Fraga", "contact": "+62 823-3953-5731", "photo": "aa67768f9e34ec434de3ce7242e4be58.jpg", "status": "Belum Ditangani", "notes": "" }, "geometry": { "type": "Point", "coordinates": [ 121.047181, -8.817589 ] } },
{ "type": "Feature", "properties": { "region": "Mataloko", "location": "SMP dan SMA Seminari St. Yohanes Berkemans Mataloko", "households": 2, "people": "725 orang", "needs": "Tenda atau terpal besar, selimut, sanitasi", "reporter": "Maria Fraga", "contact": "+62 823-3953-5731", "photo": "aa67768f9e34ec434de3ce7242e4be58.jpg", "status": "Belum Ditangani", "notes": "" }, "geometry": { "type": "Point", "coordinates": [ 121.047181, -8.817589 ] } },
{ "type": "Feature", "properties": { "region": "Mataloko", "location": "SMP dan SMA Seminari St. Yohanes Berkemans Mataloko", "households": 2, "people": "725 orang", "needs": "Tenda atau terpal besar, selimut, sanitasi", "reporter": "Maria Fraga", "contact": "+62 823-3953-5731", "photo": "aa67768f9e34ec434de3ce7242e4be58.jpg", "status": "Belum Ditangani", "notes": "" }, "geometry": { "type": "Point", "coordinates": [ 121.047181, -8.817589 ] } },
{ "type": "Feature", "properties": { "region": "Kabupaten Ende", "location": "Dusun 1,RT 04/RW 2 Desa Aewora, Kecamatan Maurole, Kabupaten Ende, NTT", "households": 14, "people": "56", "needs": "Beras, minyak goreng, telur, sarimi, selimut dan obat obatan juga kelambu", "reporter": "Arkadeus Aku Suka", "contact": "82146694097", "photo": "3bcca93ac5249d74cb3557832ff6825e.jpg", "status": "Belum Ditangani", "notes": "" }, "geometry": { "type": "Point", "coordinates": [ 120.703134, -8.732919 ] } },
{ "type": "Feature", "properties": { "region": "Kabupaten Ende (Kota Ende)", "location": "Jalan Basuki Rahmat RT.001/RW.001 Kelurahan Paupire Kecamatan Ende Tengah  Kabupaten Ende Flores NTT", "households": 1, "people": "3", "needs": "Butuh Beras 50Kg (untuk 2 bulan), minyak goreng 5 liter, terpal 1 lembar ukuran 3x3m, Kelambu Besar ukuran 3x3m, kasur 1, tikar 2 lembar, selimut besar 2, mie goreng 2 dos, air mineral 2 dos, makanan kaleng sarden 2 dos, snack 1 dos, buku bacaan untuk anak 1 paket.", "reporter": "Ruth Lokawoda", "contact": "82138795823", "photo": "0f16e4f6087c28062d5d16b0e0d79419.jpg", "status": "Belum Ditangani", "notes": "" }, "geometry": { "type": "Point", "coordinates": [ 121.6582689, -8.8351531 ] } },
{ "type": "Feature", "properties": { "region": "Nagekeo Boawae kelimado", "location": "Flores NTT kabupaten Nagekeo,kecamatan Boawae, desa kelimado,kampung laja.", "households": 5, "people": "5 orang", "needs": "Beras, selimut pakaian dan sedikit uang . obat-obatan", "reporter": "Maria perseferanda woga", "contact": "85314159323", "photo": "21465093f0e5537b989fb61043e6a06f.jpg", "status": "Belum Ditangani", "notes": "" }, "geometry": { "type": "Point", "coordinates": [ 120.592084, -8.511296 ] } },
{ "type": "Feature", "properties": { "region": "Nginamanu", "location": "RT 15, Dusun Tajo, Desa Nginamanu, Kecamatan Wolomeze, Kabupaten Ngada. Jarak 2 Km dari kantor desa ke arah barat dan juga 600 M dari Paroki St Maria Ratu Para Malaikat Kurubhoko.", "households": 20, "people": "67 Jiwa", "needs": "Beras 400 kg, mie 20 dos, telur ayam 20 rak, terpal 20 Lembar, selimut 50 lembar, obat luka, 7 lansia", "reporter": "Agustinus Oswaldus Meno", "contact": "82146279185", "photo": "3daee5d8ad90f80f10e432b34412b57f.jpg", "status": "Belum Ditangani", "notes": "" }, "geometry": { "type": "Point", "coordinates": [ 121.039896, -8.657797 ] } },
{ "type": "Feature", "properties": { "region": "Kab. Manggarai, prov. NTT", "location": "Peso,Kel. Pagal, Kec. Cibal, Kab. Manggarai, Prov. NTT", "households": 1, "people": "4 jiwa", "needs": "Beras, mi goreng, telur, selimut", "reporter": "FLORENTINA SURYA SURUNG", "contact": "81238041364", "photo": "d576b1ac66f2078d71086d1165ee8c82.jpg", "status": "Belum Ditangani", "notes": "" }, "geometry": { "type": "Point", "coordinates": [ 120.489829, -8.510576 ] } },
{ "type": "Feature", "properties": { "region": "Flores, Nusa Tenggara Timur", "location": "Desa Tadho, Kecamatan Riung", "households": 443, "people": "1995 jiwa", "needs": "Sembako, Pakaian , Obat-obatan, selimut dan tenda pengungsian", "reporter": "BONIFASIUS DJUKU", "contact": "81353557098", "photo": "72ef19dc842a72599e932ce5c2ac5e37.jpg", "status": "Belum Ditangani", "notes": "" }, "geometry": { "type": "Point", "coordinates": [ 121.068947, -8.456109 ] } },
{ "type": "Feature", "properties": { "region": "Kampung Meni Desa Lenda", "location": "Kampung Meni Desa Lenda, Kecamatan Cibal,Kabupaten Manggarai ,Nusa Tenggara Timur", "households": 2, "people": "10", "needs": "1. Sembako\r\n2. Bahan Bangunan ( Semen,batako,pasir,besi)", "reporter": "Sebastianus Nembo", "contact": "0822-8013-1180,  0821- 4439- 7821, 0857- 8787- 582", "photo": "ff2545e584022c02ee85b792d250b25d.jpeg", "status": "Belum Ditangani", "notes": "" }, "geometry": { "type": "Point", "coordinates": [ 120.43112, -8.524697 ] } },
{ "type": "Feature", "properties": { "region": "Kabupaten Ende", "location": "Dusun Betebo, Desa Detumbewa, Kecamatan Detukeli, Kabupaten Ende", "households": 127, "people": "572", "needs": "Sembako, dan Obat Obatan, lauk Pauk, Selimut", "reporter": "Sirilus Doda Degu", "contact": "82323026702", "photo": "842874897ee795e8b0704b2ff73bb9f4.jpg", "status": "Belum Ditangani", "notes": "" }, "geometry": { "type": "Point", "coordinates": [ 121.805763, -8.588912 ] } },
{ "type": "Feature", "properties": { "region": "Ngada", "location": "Desa Tarawali, kecamatan soa", "households": 1, "people": "3", "needs": "Butuh bahan bangunan", "reporter": "Rino", "contact": "82230901233", "photo": "9f97a05351d66f7d64cc6ed63124f3a3.jpg", "status": "Belum Ditangani", "notes": "" }, "geometry": { "type": "Point", "coordinates": [ 121.046903, -8.720007 ] } },
{ "type": "Feature", "properties": { "region": "Ngada", "location": "Desa Tarawali, kecamatan soa", "households": 1, "people": "3", "needs": "Butuh bahan bangunan", "reporter": "Rino", "contact": "82230901233", "photo": "d7b425543a6acb937551137c0ffd540b.jpg", "status": "Belum Ditangani", "notes": "" }, "geometry": { "type": "Point", "coordinates": [ 121.046903, -8.720007 ] } },
{ "type": "Feature", "properties": { "region": "Kabupaten Sikka ,Kecamatan Palue,Desa Rokirole ,Dusun Koa,RW/RT 006/014", "location": "Provinsi Nusa Tenggara Timur Kabupaten Sikka, Kecamatan Palue, Desa Rokirole, Dusun Koa, RW/RT 006/014", "households": 26, "people": "68", "needs": "Air Bersih,Sembako , makanan siap saji,susu dan makanan khusus bayi, Obat-obatan P3K , Vitamin, pembalut, popok bayi, perlengkapan mandi, selimut,alas tidur,tenda darurat peralatan masak umum", "reporter": "Maria Emanuela Natalia Melan poke", "contact": "81237733405", "photo": "82b2d8f29c021594b553f87396fe1f56.jpg", "status": "Belum Ditangani", "notes": "" }, "geometry": { "type": "Point", "coordinates": [ 121.720726, -8.299073 ] } },
{ "type": "Feature", "properties": { "region": "Ngada", "location": "Poma-Denatana Timur- Wolomeze-Ngada", "households": 20, "people": "100", "needs": "Beras, Minyak mie", "reporter": "Yohanes Kristoforus Lage", "contact": "81246293443", "photo": "c8c2bbb7b9d8ebb4de82f9fb12caab39.jpg", "status": "Belum Ditangani", "notes": "" }, "geometry": { "type": "Point", "coordinates": [ 121.07918, -8.609891 ] } },
{ "type": "Feature", "properties": { "region": "Kecamatan Riung", "location": "Toring, Desa Tadho Timur, Kecamatan Riung, Kabupaten Ngada, Nusa Tenggara Timur (rumah di toring rumah depan kios orange )", "households": 3, "people": "10", "needs": "rumah hancur kalo bisa peralatan semen, dll. kalau sembako, beras 50kg, peralatan mandi", "reporter": "Maria Vinsensia Nongo Fao", "contact": "82339542923", "photo": "ac65faaa0633ab67448b9799d4228411.jpg", "status": "Belum Ditangani", "notes": "" }, "geometry": { "type": "Point", "coordinates": [ 121.029592, -8.418345 ] } },
{ "type": "Feature", "properties": { "region": "Kab. Manggarai timur", "location": "Kelurahan pota, posko pengungsian di SMK Muhamadiyah", "households": 200, "people": "600", "needs": "Beras,obat-obatan, selimut, makanan cepat saji, kebutuhan bayi dan orang tua", "reporter": "Yuliana nyo rape", "contact": "8123694759", "photo": "0eba0875110643daa07ccc4e42a0d4ed.jpg", "status": "Belum Ditangani", "notes": "" }, "geometry": { "type": "Point", "coordinates": [ 120.762156, -8.351981 ] } },
{ "type": "Feature", "properties": { "region": "Kab. Manggarai timur", "location": "Kelurahan pota, posko pengungsian di SMK Muhamadiyah", "households": 200, "people": "600", "needs": "Beras,obat-obatan, selimut, makanan cepat saji, kebutuhan bayi dan orang tua", "reporter": "Yuliana nyo rape", "contact": "8123694759", "photo": "16c0612d18a01ce45fa673a8540aa499.jpg", "status": "Belum Ditangani", "notes": "" }, "geometry": { "type": "Point", "coordinates": [ 120.762156, -8.351981 ] } },
{ "type": "Feature", "properties": { "region": "Desa Ulu Belang, Kecamata Satar mese kabupaten Manggarai", "location": "Torok Desa Ulu Belang, Rt/Rw: 008/004", "households": 3, "people": "12", "needs": "Beras, selimut, mie instan, telur, obat2an, kain kelambu anti nyamuk", "reporter": "Bonefasius Aman", "contact": "82247690739", "photo": "8b3be03e68834303b582c205e1fbbe0e.jpg", "status": "Belum Ditangani", "notes": "" }, "geometry": { "type": "Point", "coordinates": [ 120.423653, -8.689982 ] } },
{ "type": "Feature", "properties": { "region": "Desa Ulu Belang, Kecamata Satar mese kabupaten Manggarai", "location": "Torok Desa Ulu Belang, Rt/Rw: 008/004", "households": 3, "people": "12", "needs": "Beras, selimut, mie instan, telur, obat2an, kain kelambu anti nyamuk", "reporter": "Bonefasius Aman", "contact": "82247690739", "photo": "8b3be03e68834303b582c205e1fbbe0e.jpg", "status": "Belum Ditangani", "notes": "" }, "geometry": { "type": "Point", "coordinates": [ 120.423653, -8.689982 ] } },
{ "type": "Feature", "properties": { "region": "Desa Ulu Belang, Kecamata Satar mese kabupaten Manggarai", "location": "Torok Desa Ulu Belang, Rt/Rw: 008/004", "households": 3, "people": "12", "needs": "Beras, selimut, mie instan, telur, obat2an, kain kelambu anti nyamuk", "reporter": "Bonefasius Aman", "contact": "82247690739", "photo": "7bf8163fcc19caab0767ebad7cea65e6.jpg", "status": "Belum Ditangani", "notes": "" }, "geometry": { "type": "Point", "coordinates": [ 120.423653, -8.689982 ] } },
{ "type": "Feature", "properties": { "region": "Ende", "location": "Jalan Sam Ratulangi Kelurahan Rewarangga Selatan Kecamatan Ende Timur Kabupaten Ende Pulau Flores Provinsi Nusa Tenggara Timur", "households": 30, "people": "350", "needs": "Kelambu 30\r\nSelimut 50\r\nBeras 500 kilo\r\nTelur 30 rak\r\nMie instan 30 dos\r\nMinyak goreng 1500 liter\r\nObat obatan\r\nSemen 20 sak\r\nBesi 10 10 batang\r\nKawat 5 roll\r\nBatako 100", "reporter": "Noursye Florentica", "contact": "85124104005", "photo": "cb9468f4c58ce9a4359a3401e32e39cc.jpg", "status": "Belum Ditangani", "notes": "" }, "geometry": { "type": "Point", "coordinates": [ 121.67003, -8.83127 ] } },
{ "type": "Feature", "properties": { "region": "Konggang", "location": "Kelurahan Waso, RT 002/RW 01, Kecamatan Langke Rembong, Kabupaten Manggarai, Provinsi Nusa Tenggara Timur. Jalan Pelita.", "households": 1, "people": "5", "needs": "1. Sembako\r\n2. Bahan bangunan (Semen,batako,pasir, besi)", "reporter": "Aleksius Normal", "contact": "0812-3747-1179,     0812-9659-8923", "photo": "7447d90362be34a31e2b958624c43f0f.jpeg", "status": "Belum Ditangani", "notes": "" }, "geometry": { "type": "Point", "coordinates": [ 120.455631, -8.621595 ] } },
{ "type": "Feature", "properties": { "region": "Towa", "location": "Mboaloing", "households": 2, "people": "8 jiwa", "needs": "Sembako,kebutuhan rumahan,piring gelas pakyan", "reporter": "Albinus owa", "contact": "81237967692", "photo": "93ef9d560870f1135f4639efa1621c3d.png", "status": "Belum Ditangani", "notes": "" }, "geometry": { "type": "Point", "coordinates": [ 121.193809, -8.542917 ] } },
{ "type": "Feature", "properties": { "region": "Manggarai, NTT, Desa Golo Langkok", "location": "Manggarai Desa Golo Langkok, Kec. Rahong Utara Kab. Manggarai", "households": 2, "people": "5", "needs": "Beras 50 Kg, Tenda, selimut", "reporter": "Dionisius Tanggut", "contact": "85337415720", "photo": "a710e52bce34b5d1d1b37d1fd4a55674.jpg", "status": "Belum Ditangani", "notes": "" }, "geometry": { "type": "Point", "coordinates": [ 120.333252, -8.365623 ] } },
{ "type": "Feature", "properties": { "region": "Manggarai", "location": "Lingkungan Jati, Kelurahan Baru, Kecamatan Reok, Kabupaten Manggarai", "households": 60, "people": "200 jiwa", "needs": "Air besih, beras, dan sembako", "reporter": "Benedikta Wewieta Li Pena", "contact": "082147327267 atau 082144839406", "photo": "17d6de36252f5f65edda133749e4f971.jpeg", "status": "Belum Ditangani", "notes": "" }, "geometry": { "type": "Point", "coordinates": [ 120.466087, -8.303735 ] } },
{ "type": "Feature", "properties": { "region": "Kabupaten", "location": "RT. 08, Dadiwuwu Kel. Lape", "households": 10, "people": "30", "needs": "Beras, selimut, obat-obatan, kelambu", "reporter": "Remigius Sada", "contact": "82236547333", "photo": "8447712015c34ea2588ecf599204fe61.jpg", "status": "Belum Ditangani", "notes": "" }, "geometry": { "type": "Point", "coordinates": [ 121.294839, -8.590121 ] } },
{ "type": "Feature", "properties": { "region": "Nginamanu", "location": "Dhozozeru, dusun nangge desa nginamanu kecamatan wolomeze", "households": 3, "people": "11", "needs": "Terpal beras sembako dll", "reporter": "Aurelia baene", "contact": "82237917199", "photo": "", "status": "Belum Ditangani", "notes": "" }, "geometry": { "type": "Point", "coordinates": [ 121.043601, -8.658032 ] } },
{ "type": "Feature", "properties": { "region": "Desa Saga", "location": "Desa Saga, RT/RW:04/02/Kecamatan Detusoko, kabupaten Ende, Provinsi NTT", "households": 2, "people": "8", "needs": "Sembako", "reporter": "Sebastianus wangge Woda", "contact": "82146757270", "photo": "d258ae34f5199b80f9cd7b63ef33db6f.jpg", "status": "Belum Ditangani", "notes": "" }, "geometry": { "type": "Point", "coordinates": [ 121.736229, -8.759563 ] } },
{ "type": "Feature", "properties": { "region": "Desa Saga", "location": "Desa Saga, RT/RW:04/02/Kecamatan Detusoko, kabupaten Ende, Provinsi NTT", "households": 2, "people": "8", "needs": "Sembako", "reporter": "Sebastianus wangge Woda", "contact": "82146757270", "photo": "d258ae34f5199b80f9cd7b63ef33db6f.jpg", "status": "Belum Ditangani", "notes": "" }, "geometry": { "type": "Point", "coordinates": [ 121.736229, -8.759563 ] } },
{ "type": "Feature", "properties": { "region": "Mbay Nagekeo", "location": "Ibukota Danga", "households": 4, "people": "12", "needs": "Butuh terpal 4 buah, sembako beras 100 kg,minyak goreng 10 liter,telur ayam 4 rak", "reporter": "Antonius Sungga", "contact": "85259487256", "photo": "", "status": "Belum Ditangani", "notes": "" }, "geometry": { "type": "Point", "coordinates": [ 121.268277, -8.56625 ] } },
{ "type": "Feature", "properties": { "region": "Perang Desa Bangka Jong Kacamatan Wae Rii", "location": "Perang Desa Bangka Jong Kacamatan Wae Rii", "households": 65, "people": "560", "needs": "Sembako\r\nSelimut\r\nObat-obatan", "reporter": "BEATRIX DA SILVA AGAS", "contact": "85338875427", "photo": "ba7c093820b5218ccc80af9d86f27b57.jpg", "status": "Belum Ditangani", "notes": "" }, "geometry": { "type": "Point", "coordinates": [ 120.511694, -8.599365 ] } },
{ "type": "Feature", "properties": { "region": "Bajawa-Ngada", "location": "Kampung talazee,Desa Were kecamatan golewa kabupaten ngada", "households": 300, "people": "1200", "needs": "Butuh beras, minyak goreng, obat obatan, perlengkapan mandi dan cuci", "reporter": "Ermelinda Menge", "contact": "81237882146", "photo": "07d9b9a19582647a03f2314351cfd622.jpg", "status": "Belum Ditangani", "notes": "" }, "geometry": { "type": "Point", "coordinates": [ 120.972992, -8.79304 ] } },
{ "type": "Feature", "properties": { "region": "Kab.Manggarai (NTT)", "location": "Jl. satar tacik, kel. satar tacik, kec. langke rembong,kab. manggarai,nusa tenggara timur", "households": 1, "people": "3", "needs": "sembako", "reporter": "Christina Amtini", "contact": "81339490836", "photo": "d50b50a214ec5de7f220aaaf081481a4.jpg", "status": "Belum Ditangani", "notes": "" }, "geometry": { "type": "Point", "coordinates": [ 120.482991, -8.60117 ] } },
{ "type": "Feature", "properties": { "region": "Manggarai Flores NTT", "location": "Pondok pesantren Pancasila Reo Flores NTT", "households": 10, "people": "110", "needs": "Air minum, mie instan, genset, air mandi cuci telur dll", "reporter": "JIYANTO, S. E", "contact": "82145094633", "photo": "fac81fab1f7a4cf878bd50da7e3e62a0.jpg", "status": "Belum Ditangani", "notes": "" }, "geometry": { "type": "Point", "coordinates": [ 120.577301, -8.299383 ] } },
{ "type": "Feature", "properties": { "region": "Kelurahan dhawe", "location": "Wundu RT 006 kelurahan dhawe", "households": 5, "people": "15", "needs": "Butuh beras 50kg,selimut obat-obatan,terpal,air bersih,mie instan,telur,", "reporter": "Abraham Laka", "contact": "81238885428", "photo": "a160c845795f19fbe93adfa3724d3be8.jpg", "status": "Belum Ditangani", "notes": "" }, "geometry": { "type": "Point", "coordinates": [ 121.193275, -8.567197 ] } },
{ "type": "Feature", "properties": { "region": "Desa Compang Kules", "location": "Desa Compang Kules, Kec. Kuwus Barat, Kab. Manggarai Barat", "households": 200, "people": "1200", "needs": "Kebutuhan beras, mie instan, selimut, tenda darurat, dan obat&quot;an.", "reporter": "Yulian Kusuma Ari Setiadi", "contact": "82135916341", "photo": "7060221fca2cbb3fdac1691c1578c2b8.png", "status": "Belum Ditangani", "notes": "" }, "geometry": { "type": "Point", "coordinates": [ 120.266862, -8.523243 ] } },
{ "type": "Feature", "properties": { "region": "Flores, Kabupaten Ngada", "location": "Ize, Desa Nginamanu Barat, Kecamatan Wolomeze-Kabupaten Ngada", "households": 2, "people": "7", "needs": "Obat luka, Beras dan material untuk bisa merenovasi rumah kembali", "reporter": "Petrus Milo", "contact": "82314154031", "photo": "443cae6d506b799d4c07b28bcc62f75a.jpg", "status": "Belum Ditangani", "notes": "" }, "geometry": { "type": "Point", "coordinates": [ 120.902108, -8.643625 ] } },
{ "type": "Feature", "properties": { "region": "Desa Compang Kules", "location": "Desa Compang Kules, Kec. Kuwus Barat, Kab. Manggarai Barat", "households": 200, "people": "-", "needs": "Kebutuhan beras 500 kg, mie instan, obat&quot;an, Selimut, tenda darurat.", "reporter": "Yulian Kusuma Ari Setiadi", "contact": "82135916341", "photo": "0517077c025cffd8479e9290d20f009e.png", "status": "Belum Ditangani", "notes": "" }, "geometry": { "type": "Point", "coordinates": [ 120.295744, -8.464291 ] } },
{ "type": "Feature", "properties": { "region": "Ruteng", "location": "Langkas Rt.005/03, Ds.Pong Murung, Kec.Ruteng, Kab.Manggarai, NTT", "households": 1, "people": "6", "needs": "Butuh Beras 50kg", "reporter": "Jandu Donatus", "contact": "85238231125", "photo": "44d4f82da50cb4a293a5596b004806ee.jpg", "status": "Belum Ditangani", "notes": "" }, "geometry": { "type": "Point", "coordinates": [ 120.460968, -8.612512 ] } },
{ "type": "Feature", "properties": { "region": "NUSA TENGGARA TIMUR -KABUPATEN NAGEKEO- KECAMATAN BOAWAE- KELURAHAN REGA-TALOMEMA", "location": "NUSA TENGGARA TIMUR -KABUPATEN NAGEKEO- KECAMATAN BOAWAE- KELURAHAN REGA-TALOMEMA", "households": 250, "people": "620", "needs": "BUTUH BERAS, MIE,,MINYAK,OBAT-OBATAN,", "reporter": "MARGARETHA TAWA OWA", "contact": "81353696725", "photo": "1258f07d22fb3361ad4a93da3cb51534.jpg", "status": "Belum Ditangani", "notes": "" }, "geometry": { "type": "Point", "coordinates": [ 120.579071, -8.541152 ] } },
{ "type": "Feature", "properties": { "region": "Nagekeo", "location": "Kaburea desa Tendakinde kecamatan Wolowae", "households": 30, "people": "250", "needs": "Sekarang sangat membutuhkan makanan dan tempat kemah untuk tidur", "reporter": "Zenobius Dhegha Dhae", "contact": "82260659923", "photo": "ef1d86b32dede2dbf6d98b12bb1e7a65.jpeg", "status": "Belum Ditangani", "notes": "" }, "geometry": { "type": "Point", "coordinates": [ 121.486901, -8.616543 ] } },
{ "type": "Feature", "properties": { "region": "Manggarai Timur kecamatan sambi rampas", "location": "Manggarai Timur kecamatan sambi rampas kelurahan ulung baras", "households": 70, "people": "500 jiwa", "needs": "Beras,air minum,sayur dan makanan ringan", "reporter": "Marianus Indrafarto", "contact": "82138787357", "photo": "db63e6aa1d7b32601ee91406859bdc73.jpg", "status": "Belum Ditangani", "notes": "" }, "geometry": { "type": "Point", "coordinates": [ 120.672626, -8.434561 ] } },
{ "type": "Feature", "properties": { "region": "Manggarai", "location": "Pagal", "households": 5, "people": "5", "needs": "Beras,obat", "reporter": "Flory Jheramu", "contact": "81293196878", "photo": "d643b5451f86a3dd3600021ee01bcbeb.jpg", "status": "Belum Ditangani", "notes": "" }, "geometry": { "type": "Point", "coordinates": [ 120.632749, -8.512973 ] } },
{ "type": "Feature", "properties": { "region": "Manggarai Ruteng", "location": "Desa pong murung Kab.manggarai Ruteng", "households": 1, "people": "7", "needs": "Semen pasir dan batako", "reporter": "Erni Waluwandja", "contact": "82144100419", "photo": "1bdf6a045dc24ac9176ef9007342ee5f.jpg", "status": "Belum Ditangani", "notes": "" }, "geometry": { "type": "Point", "coordinates": [ 120.386751, -8.596151 ] } },
{ "type": "Feature", "properties": { "region": "Jalan Adhyaksa No.3", "location": "Jalan Adhyaksa No. 3, Kel. Mata Air, Kec. Reok, Kab. Manggarai", "households": 25, "people": "33", "needs": "Butuh Sembako untuk 25 KK , mie instan 11 kardus, bumbu dapur, air bersih, air mineral, bahan bakar bensin", "reporter": "Wahid Abidin", "contact": "Wahid (085728071086)", "photo": "e5f2e1ae958861131c2413697a60edc6.jpg", "status": "Belum Ditangani", "notes": "" }, "geometry": { "type": "Point", "coordinates": [ 120.484896, -8.311063 ] } },
{ "type": "Feature", "properties": { "region": "Penginanga, RT 005", "location": "Penginanga,Rateule-RT 005\r\nKel.Lape-Kec.Aesesa, Kab.Nagekeo", "households": 2, "people": "2", "needs": "Butuh beras 50 kg,", "reporter": "Anjelina Uta", "contact": "81338854726", "photo": "1998c5b7d5744021b12e2fecd898c566.jpg", "status": "Belum Ditangani", "notes": "" }, "geometry": { "type": "Point", "coordinates": [ 120.536499, -8.547532 ] } },
{ "type": "Feature", "properties": { "region": "Lemarang", "location": "Desa lemarang kec:Reok ,kab:manggarai", "households": 1, "people": "6", "needs": "Butuh beras ,obat,selimut", "reporter": "Merci yanti", "contact": "81211338902", "photo": "7730df08433158919ce0631b9a86e45f.jpg", "status": "Belum Ditangani", "notes": "" }, "geometry": { "type": "Point", "coordinates": [ 120.811157, -8.70525 ] } },
{ "type": "Feature", "properties": { "region": "Lemarang", "location": "Desa lemarang kec:Reok ,kab:manggarai", "households": 1, "people": "6", "needs": "Butuh beras ,obat,selimut", "reporter": "Merci yanti", "contact": "81211338902", "photo": "7730df08433158919ce0631b9a86e45f.jpg", "status": "Belum Ditangani", "notes": "" }, "geometry": { "type": "Point", "coordinates": [ 120.811157, -8.70525 ] } },
{ "type": "Feature", "properties": { "region": "Lemarang", "location": "Desa lemarang kec:Reok ,kab:manggarai", "households": 1, "people": "6", "needs": "Butuh beras ,obat,selimut", "reporter": "Merci yanti", "contact": "81211338902", "photo": "7730df08433158919ce0631b9a86e45f.jpg", "status": "Belum Ditangani", "notes": "" }, "geometry": { "type": "Point", "coordinates": [ 120.811157, -8.70525 ] } },
{ "type": "Feature", "properties": { "region": "Flores", "location": "Pov. NTT .kab.manggarai.des. lemarang", "households": 1, "people": "4", "needs": "Sandang pangan", "reporter": "Finsensius nudu", "contact": "82159374504", "photo": "52101b7e4c188a120ab33f1953fcd194.jpg", "status": "Belum Ditangani", "notes": "" }, "geometry": { "type": "Point", "coordinates": [ 121.226795, -8.820479 ] } },
{ "type": "Feature", "properties": { "region": "Lemarang", "location": "Gempa bumi", "households": 1, "people": "5", "needs": "Beras dan makanannya", "reporter": "Stanislaus karjon", "contact": "81270940456", "photo": "", "status": "Belum Ditangani", "notes": "" }, "geometry": { "type": "Point", "coordinates": [ 120.335008, -8.290272 ] } },
{ "type": "Feature", "properties": { "region": "Rt. 30, Kelurahan Danga, Kecamatan Aesesa, Kabupaten Nagekeo", "location": "Rt.30, Kel Danga, kec Aesesa kab Nagekeo", "households": 15, "people": "80", "needs": "Beras 100 kg, selimut, tenda, air minum, minyak goreng, obat-obatan.", "reporter": "Yohanes Sumbi Ndoa", "contact": "85184833969", "photo": "c50a1c94e979c21b9f8e183724e691d5.jpg", "status": "Belum Ditangani", "notes": "" }, "geometry": { "type": "Point", "coordinates": [ 121.272386, -8.576508 ] } },
{ "type": "Feature", "properties": { "region": "KAB MANGGARAI", "location": "Desa lalomg", "households": 1, "people": "5", "needs": "Beras, besi beton pasir semen batu bata\r\nDan sembako", "reporter": "ROBERTUS JEMADU", "contact": "81239635703", "photo": "8130653d2ea1ab2e85972f1f11cdc0ac.jpg", "status": "Belum Ditangani", "notes": "" }, "geometry": { "type": "Point", "coordinates": [ 120.4426448, -8.5772674 ] } },
{ "type": "Feature", "properties": { "region": "Metik", "location": "Metik RT/RW:004/002.Desa Golo Munde kecamatan Elar kabupaten Mamggarai Timur", "households": 3, "people": "8", "needs": "Butuh Tenda, Beras 50 maupun dana Karena Rumah korban Runtuh dan tidak tersisah.", "reporter": "Venantius Ranti", "contact": "82133090583", "photo": "5379f7270bf347863fc091db9119d52d.jpg", "status": "Belum Ditangani", "notes": "" }, "geometry": { "type": "Point", "coordinates": [ 120.803532, -8.528379 ] } },
{ "type": "Feature", "properties": { "region": "Kelurahan Pota", "location": "Kelurahan Pota, Sambi Rampas Manggarai Timur", "households": 400, "people": "1.473 jiwa", "needs": "Makanan siap saji, air minum kemasan, obat obatan, vitamin dan sanitasi, tenda layak pakai, alat bantu penerangan", "reporter": "Raudatul Jannah", "contact": "81352397142", "photo": "", "status": "Belum Ditangani", "notes": "" }, "geometry": { "type": "Point", "coordinates": [ 120.721207, -8.367429 ] } },
{ "type": "Feature", "properties": { "region": "Manggarai Barat", "location": "Mawe Pacar", "households": 12, "people": "60", "needs": "Pasir dan semen", "reporter": "Damasus Dahar", "contact": "81339515919", "photo": "77e53afb352926e9bc66e561e29031ef.jpg", "status": "Belum Ditangani", "notes": "" }, "geometry": { "type": "Point", "coordinates": [ 120.110766, -8.733204 ] } },
{ "type": "Feature", "properties": { "region": "Kabupaten Sikka, Kecamatan Palue, Desa Rokirole, Dusun Koa RW/RT 006/014", "location": "Provinsi Nussa Tenggara Timur, Kabupaten Sikka, kecamatan palue, desa rokirole, Dusun koa, RT 014/ Rw 006.", "households": 26, "people": "68", "needs": "Air bersih, sembako, makanan siap saji, peralatan makan minum darurat, selimut dan tikar alas tidur, kebutuhan mandi tenda darurat, obat-obatan dasar, P3K, vitamin, pembalut dan popok bayi, susu bayi, kebutuhan fasilitas sanitasi.", "reporter": "Maria emanuela natalia melan poke", "contact": "81237733405", "photo": "", "status": "Belum Ditangani", "notes": "" }, "geometry": { "type": "Point", "coordinates": [ 121.7227, -8.299946 ] } },
{ "type": "Feature", "properties": { "region": "Ngada", "location": "Kabupaten Ngada kecamatan bajawa Utara desa INELIKA dusun mengee", "households": 4, "people": "12", "needs": "Kebutuhan selimut dan makan minum", "reporter": "Herianto Klau", "contact": "81236237213", "photo": "7f22e9ae477f75e1e25d114977659048.jpg", "status": "Belum Ditangani", "notes": "" }, "geometry": { "type": "Point", "coordinates": [ 120.976896, -8.726831 ] } },
{ "type": "Feature", "properties": { "region": "Manggarai", "location": "Desa Golo Watu, Kecamatan Wae Rii, Kabupaten Manggarai", "households": 300, "people": "1800", "needs": "Beras 500 kg, Selimut", "reporter": "Heribertus Paeran", "contact": "82266121340", "photo": "8d6bac434bea42eb02a8a9aeaf936571.jpeg", "status": "Belum Ditangani", "notes": "" }, "geometry": { "type": "Point", "coordinates": [ 120.447859, -8.56048 ] } },
{ "type": "Feature", "properties": { "region": "kecamatan Palue, Desa Rokirole, Dusun Koa RW/RT 006/015", "location": "Porvinsi NTT, Kabupaten Sikka, Kecamatan Palue, Desa Rokirole, Dusun Koa RW/RT 006/015", "households": 34, "people": "91", "needs": "Air bersih, Sembako, makanan siap saji, peralatan makan minum darurat, selimut dan tikar alas tidur, kebutuhan mandi, tenda darurat, obat-obatan dasar, P3K, vitamin, pembalut dan popok bayi, susu untuk bayi, kebutuhan fasilitas sanitasi.", "reporter": "Indrianto Safira lanu", "contact": "85237987380", "photo": "d2e912fdcc1ba7a0d033e88a3baafbc3.jpeg", "status": "Belum Ditangani", "notes": "" }, "geometry": { "type": "Point", "coordinates": [ 121.72137, -8.299163 ] } },
{ "type": "Feature", "properties": { "region": "Tuke", "location": "Kampung Tuke.. kompleks rumah potong hewan (RPH)\r\nKelurahan compang Tuke..kec.Langke Rembong..kab Manggarai..NTT", "households": 4, "people": "4", "needs": "Sembako.", "reporter": "Yohanes Tap", "contact": "81234923714", "photo": "4da4a78a0d6de66ec3763d7ae30b823d.jpg", "status": "Belum Ditangani", "notes": "" }, "geometry": { "type": "Point", "coordinates": [ 120.473328, -8.620841 ] } },
{ "type": "Feature", "properties": { "region": "Mbay, Kabupaten Nagekeo", "location": "RT.06 Lingkungan Danga , KeKecamatan Aesesa, Mbay", "households": 35, "people": "150 orang", "needs": "Beras, telur, minyak goreng, selimut, tisu, snack, uang", "reporter": "Wimmy Towa", "contact": "82298751231", "photo": "6915e2c08a866676afe5b7f61a7a2df9.jpg", "status": "Belum Ditangani", "notes": "" }, "geometry": { "type": "Point", "coordinates": [ 121.265396, -8.565249 ] } },
{ "type": "Feature", "properties": { "region": "Kecamatan Palu'e, Desa Rokirole", "location": "NTT, Kabupaten Sikka, Kecamatan Palu'e, Desa Rokirole, Dusun Ko'a, RT/RW/012/05", "households": 22, "people": "76 Jiwa", "needs": "Air bersih, sembako, selimut dan alas tidur, obat-obatan, terpal/ Tenda, kasur, Perlengkapan Mandi, Handuk , Pembalut , Popok Bayi,Alat Penerangan, Makanan Siap Saji.", "reporter": "Maria Tania Grasia Kula", "contact": "82235249996", "photo": "b4af70512907a432832c9244f519c623.jpg", "status": "Belum Ditangani", "notes": "" }, "geometry": { "type": "Point", "coordinates": [ 121.723109, -8.299582 ] } },
{ "type": "Feature", "properties": { "region": "Kabupaten Ende-NTT", "location": "Kabupaten Ende-Kecamatan Ende Timur-Kelurahan Mautapaga-Rt.025/Rw.013", "households": 1, "people": "4", "needs": "Beras 50 kg", "reporter": "Marhias Tomi Ga", "contact": "85338220625", "photo": "113275fda30ee805bd6b732622092014.jpg", "status": "Belum Ditangani", "notes": "" }, "geometry": { "type": "Point", "coordinates": [ 121.66379, -8.84168 ] } },
{ "type": "Feature", "properties": { "region": "Manggarai Barat", "location": "Dahang, Desa Pangga,Kecamatan Kuwus", "households": 2, "people": "4", "needs": "Beras dan sembako dan air minum,obatan obatan untuk orangtua dn anak", "reporter": "Gerardus Oktobris Gunadi", "contact": "81246379755", "photo": "02137a64cc8a257a9f7a668e018e9a22.jpg", "status": "Belum Ditangani", "notes": "" }, "geometry": { "type": "Point", "coordinates": [ 121.157227, -8.810373 ] } },
{ "type": "Feature", "properties": { "region": "Mbay Danga Nagekeo", "location": "Bukit Wolokota Mbay Danga", "households": 3, "people": "12", "needs": "Beras, Minyak, Obat nyamuk,Selimut dan Air Bersih", "reporter": "Fidelis Nage", "contact": "81337633668", "photo": "c93522f390cd59fb67bf3117e850a7b3.jpg", "status": "Belum Ditangani", "notes": "" }, "geometry": { "type": "Point", "coordinates": [ 121.265937, -8.569083 ] } },
{ "type": "Feature", "properties": { "region": "Desa Dimpong", "location": "dusun Wae Pong, RTRW 013 07", "households": 2, "people": "6", "needs": "Beras 50 kg, mie, susu", "reporter": "Wilhelmina mamu", "contact": "-", "photo": "4e364275a7de05d924002897b491ca79.jpg", "status": "Belum Ditangani", "notes": "" }, "geometry": { "type": "Point", "coordinates": [ 120.356036, -8.522523 ] } },
{ "type": "Feature", "properties": { "region": "Manggarai", "location": "Desa wudi,kecamatan cibal,Kabupaten Manggarai,Propinsi Nusa Tenggara Timur", "households": 14, "people": "56", "needs": "Beras 50 kg\r\nObat-obatan\r\nTelur\r\nMinyak goreng\r\nSelimut\r\nMie", "reporter": "Martinus Sales Beo", "contact": "82191478893", "photo": "38caeb49f03dbe2844645e1b25c27ce3.jpg", "status": "Belum Ditangani", "notes": "" }, "geometry": { "type": "Point", "coordinates": [ 120.505463, -8.531038 ] } },
{ "type": "Feature", "properties": { "region": "Desa Bari", "location": "Bari, Desa Bari Kecamatan Macang Pacar Kabupaten Manggarai Barat NTT", "households": 510, "people": "2012", "needs": "Beras, minyak goreng, telur, mie,", "reporter": "Jufri", "contact": "+62821-1124-9347", "photo": "ff2bda4e36fedea5d1cd2e401a2454e2.jpeg", "status": "Belum Ditangani", "notes": "" }, "geometry": { "type": "Point", "coordinates": [ 120.139011, -8.387957 ] } },
{ "type": "Feature", "properties": { "region": "Desa Bari", "location": "Bari, Desa Bari Kecamatan Macang Pacar Kabupaten Manggarai Barat NTT", "households": 510, "people": "2012", "needs": "Beras, minyak goreng, telur, mie,", "reporter": "Jufri", "contact": "+62821-1124-9347", "photo": "59afe484e3be169f47c316f4ac0a9a1d.jpeg", "status": "Belum Ditangani", "notes": "" }, "geometry": { "type": "Point", "coordinates": [ 120.139011, -8.387957 ] } },
{ "type": "Feature", "properties": { "region": "Desa Dimpong", "location": "dusun Rembong  RTRW 09 05 Desa Dimpong", "households": 3, "people": "7", "needs": "Beras 50 kg, mie, susu", "reporter": "Konstantinus juang", "contact": "-", "photo": "fe4ad6493ed577301aab064c5f41de71.jpg", "status": "Belum Ditangani", "notes": "" }, "geometry": { "type": "Point", "coordinates": [ 120.373249, -8.537997 ] } },
{ "type": "Feature", "properties": { "region": "Desa Dimpong", "location": "Desa Dimpong", "households": 1, "people": "3", "needs": "Beras 50 kg, mie, susu", "reporter": "Venansius  Jeharum", "contact": "-", "photo": "1111ed396962317e503a68794f05901d.jpg", "status": "Belum Ditangani", "notes": "" }, "geometry": { "type": "Point", "coordinates": [ 120.356036, -8.522523 ] } },
{ "type": "Feature", "properties": { "region": "Desa Compang Teo, Kec Elar, Kab. Manggarai Timur", "location": "Desa Compang Teo, Kec Elar, Kab. Manggarai Timur", "households": 232, "people": "930", "needs": "Sembako, dan tenda pengungsian", "reporter": "Samsul arsad", "contact": "82399403461", "photo": "91f39e8499bc4564e10c5ddcee45deed.jpg", "status": "Belum Ditangani", "notes": "" }, "geometry": { "type": "Point", "coordinates": [ 120.746972, -8.535578 ] } },
{ "type": "Feature", "properties": { "region": "Desa Sadha, Kecamatan Golewa Selatan", "location": "Flores, Dusun perintis, Desa Sadha,kecamatan Golewa Selatan, Kabupaten Ngada,", "households": 1, "people": "4", "needs": "Beras,Terpal, selimut, Sembako", "reporter": "Maria Magdalena Ule", "contact": "82340756497", "photo": "f1502949460b4200fecf4a85f3a22154.jpg", "status": "Belum Ditangani", "notes": "" }, "geometry": { "type": "Point", "coordinates": [ 121.085813, -8.868111 ] } },
{ "type": "Feature", "properties": { "region": "Desa Dimpong", "location": "Dusun Rembong RTRW 009 005 Desa Dimpong", "households": 1, "people": "5", "needs": "Beras 50 kg, Mie,susu", "reporter": "Kanisius Genggor", "contact": "-", "photo": "51eabf63e5b1e9bcb7affc9f5fe34203.jpg", "status": "Belum Ditangani", "notes": "" }, "geometry": { "type": "Point", "coordinates": [ 120.372047, -8.539865 ] } },
{ "type": "Feature", "properties": { "region": "Desa Dimpong", "location": "Dusun Rembong RTRW 009 005 Desa Dimpong", "households": 1, "people": "5", "needs": "Beras 50 kg, Mie,susu", "reporter": "Kanisius Genggor", "contact": "-", "photo": "c94fd292ce4d7ab0853a6ce9a755ef64.jpg", "status": "Belum Ditangani", "notes": "" }, "geometry": { "type": "Point", "coordinates": [ 120.372047, -8.539865 ] } },
{ "type": "Feature", "properties": { "region": "Runa , desa sukakiong , kecamatan kuwus , kabupaten Manggarai Barat", "location": "Kampung runa . Desa sukakiong. Kec. Kuwus . Kabupaten Manggarai Barat", "households": 100, "people": "350", "needs": "Butuh beras 50kg, mie 1 Dost , telur 1 papan,  \r\nObat,obatan .", "reporter": "Andreas sudarman", "contact": "81238528714", "photo": "1fe422edeb321a479cba3438627aaf83.jpg", "status": "Belum Ditangani", "notes": "" }, "geometry": { "type": "Point", "coordinates": [ 120.281424, -8.55784 ] } },
{ "type": "Feature", "properties": { "region": "Ngada, Waepana 1 Soa", "location": "Nusa Tenggara Timur,Ngada, Waepana1, Soa", "households": 1, "people": "1", "needs": "Untuk memperbaiki Wc yang rubuh karena Gempa", "reporter": "Benyamin Parera", "contact": "85237020357", "photo": "2df087fe005b1ec63f9bcdc9a2601468.jpg", "status": "Belum Ditangani", "notes": "" }, "geometry": { "type": "Point", "coordinates": [ 121.045156, -8.663622 ] } },
{ "type": "Feature", "properties": { "region": "Ngada, Waepana 1 Soa", "location": "Nusa Tenggara Timur,Ngada, Waepana1, Soa", "households": 1, "people": "1", "needs": "Untuk memperbaiki Wc yang rubuh karena Gempa", "reporter": "Benyamin Parera", "contact": "85237020357", "photo": "247822654b112f0527e757781dbdc250.jpg", "status": "Belum Ditangani", "notes": "" }, "geometry": { "type": "Point", "coordinates": [ 121.045156, -8.663622 ] } },
{ "type": "Feature", "properties": { "region": "Ngada, Waepana 1 Soa", "location": "Nusa Tenggara Timur,Ngada, Waepana1, Soa", "households": 1, "people": "1", "needs": "Untuk memperbaiki Wc yang rubuh karena Gempa", "reporter": "Benyamin Parera", "contact": "85237020357", "photo": "c754f417cb9f5d6c3999e0eb9f288558.jpg", "status": "Belum Ditangani", "notes": "" }, "geometry": { "type": "Point", "coordinates": [ 121.045156, -8.663622 ] } },
{ "type": "Feature", "properties": { "region": "Ngada, Bajawa", "location": "NTT, KAB. NGADA, KEC. BAJAWA,DESA BOWALI, RT. 03,DUSUN 2", "households": 4, "people": "4", "needs": "Butuh bahan bangunan untuk renovasi rumah yg rusak(semen, beton, pasir, batu pres, paku,). Sembako.", "reporter": "Yulius Tobias Napa", "contact": "81337973232", "photo": "e87eb556f15927099ee8db5b0a871236.jpg", "status": "Belum Ditangani", "notes": "" }, "geometry": { "type": "Point", "coordinates": [ 120.994239, -8.769788 ] } },
{ "type": "Feature", "properties": { "region": "Desa Dimpong", "location": "Dusun Dimpong RTRW 02 001 Desa Dimpong", "households": 1, "people": "2", "needs": "Beras 50 kg, Mie, susu", "reporter": "Stanis Pamput", "contact": "-", "photo": "540d7b61771df60db0b3aa1ee0e7148d.jpg", "status": "Belum Ditangani", "notes": "" }, "geometry": { "type": "Point", "coordinates": [ 120.371532, -8.539356 ] } },
{ "type": "Feature", "properties": { "region": "Kabupaten Manggarai", "location": "Provinsi Nusa tenggara Timur, Kabupaten Manggarai, kecamatan wae ri'i, desa wae Mulu", "households": 350, "people": "900", "needs": "Beras dan obat-obatan lebih khusus Tempat Tinggal masyarakat sudah tidak bisa di tinggal lagi", "reporter": "Teodorus Weke", "contact": "82247604483", "photo": "a35ed336b61bf50ecc21fcced1d5f7e5.jpg", "status": "Belum Ditangani", "notes": "" }, "geometry": { "type": "Point", "coordinates": [ 120.464487, -8.561107 ] } },
{ "type": "Feature", "properties": { "region": "KABUPATEN MANGGARAI", "location": "DESA RANAKA, KECAMATAN WAE RI'I", "households": 200, "people": "600", "needs": "BERAS, TERPAL, MI INSTAN, AIR MINUM, AIR MANDI, TELUR, LISTRIK", "reporter": "KERISTIAN Y. VISKER", "contact": "85328101812", "photo": "0f6401e0d67de92b48e10b334c130c13.jpeg", "status": "Belum Ditangani", "notes": "" }, "geometry": { "type": "Point", "coordinates": [ 120.515676, -8.61196 ] } },
{ "type": "Feature", "properties": { "region": "Desa Dimpong", "location": "Dusun Dimpong,RTRW 02 01 Desa Dimpong", "households": 2, "people": "5", "needs": "Beras 50 kg, mie, susu", "reporter": "Ferdi jemudin", "contact": "-", "photo": "731e0e60f93b56fe9945ebf36599a2f2.jpg", "status": "Belum Ditangani", "notes": "" }, "geometry": { "type": "Point", "coordinates": [ 120.356036, -8.522523 ] } },
{ "type": "Feature", "properties": { "region": "Nengkem", "location": "Nengkem,RT 005 RW 002,Dsn Nengkem", "households": 45, "people": "185", "needs": "Butuh beras:3.680 Kg,mie instant 42 dus,obat-obatan,dll.", "reporter": "Vensislaus Usman", "contact": "81547452476", "photo": "8d119ee59ae771555f4821bf8fa8ba1d.jpg", "status": "Belum Ditangani", "notes": "" }, "geometry": { "type": "Point", "coordinates": [ 120.419426, -8.559952 ] } },
{ "type": "Feature", "properties": { "region": "Desa Dimpong", "location": "Dusun Dimpong, RTRW 002 01 Desa Dimpong", "households": 1, "people": "3", "needs": "Beras 50 kg, mie, Susu", "reporter": "Mikael Ganggu", "contact": "-", "photo": "ddb74854fa0daef6ea9b25d28b18e1ed.jpg", "status": "Belum Ditangani", "notes": "" }, "geometry": { "type": "Point", "coordinates": [ 120.356036, -8.522523 ] } },
{ "type": "Feature", "properties": { "region": "Desa Dimpong", "location": "Dusun Dimpong  RTRW 002 01 Desa Dimpong", "households": 2, "people": "7", "needs": "Beras 50, mie, Susu,", "reporter": "Frumensius labur", "contact": "-", "photo": "a7fad2a05c269b94b1abec975336e796.jpg", "status": "Belum Ditangani", "notes": "" }, "geometry": { "type": "Point", "coordinates": [ 120.356036, -8.522523 ] } },
{ "type": "Feature", "properties": { "region": "Desa Dimpong", "location": "Dusun Dimpong RTRW 002 001 Desa Dimpong", "households": 2, "people": "5", "needs": "Beras 50 kg mie Susu", "reporter": "Mateus Jaya", "contact": "-", "photo": "01d450053ec65fd581669cd1e3e134fd.jpg", "status": "Belum Ditangani", "notes": "" }, "geometry": { "type": "Point", "coordinates": [ 120.371876, -8.539525 ] } },
{ "type": "Feature", "properties": { "region": "Manggarai barat", "location": "Dahang, desa pangga kecamatan kuwus kabupaten manggarai", "households": 1, "people": "4", "needs": "Susu SGM untuk bayi 1 tahun, Pampers, telon dan kebutuhan bayi lainnya,tempat tinggal sudah tidak layak huni", "reporter": "Donatian santi", "contact": "85397606011", "photo": "ee9f030e295237d1ec0a2af38a4a5704.jpg", "status": "Belum Ditangani", "notes": "" }, "geometry": { "type": "Point", "coordinates": [ 120.299536, -8.524863 ] } },
{ "type": "Feature", "properties": { "region": "Manggarai barat", "location": "Dahang, desa pangga kecamatan kuwus kabupaten manggarai", "households": 1, "people": "4", "needs": "Susu SGM untuk bayi 1 tahun, Pampers, telon dan kebutuhan bayi lainnya,tempat tinggal sudah tidak layak huni", "reporter": "Donatian santi", "contact": "85397606011", "photo": "143246662d4e9c4602453175b0c956d6.jpg", "status": "Belum Ditangani", "notes": "" }, "geometry": { "type": "Point", "coordinates": [ 120.299536, -8.524863 ] } },
{ "type": "Feature", "properties": { "region": "Kampung Boba Muri", "location": "Kampung Boba Muri, Desa Turamuri, Kecamatan Bajawa Utara, Kabupaten Ngada", "households": 22, "people": "117", "needs": "Beras 200 kg, mie instan, air minum", "reporter": "Oktavianus Bue Waso", "contact": "82144082446", "photo": "14800300b33a99f8c395bedd7b5257a4.jpg", "status": "Belum Ditangani", "notes": "" }, "geometry": { "type": "Point", "coordinates": [ 120.999816, -8.741425 ] } },
{ "type": "Feature", "properties": { "region": "Desa Dimpong", "location": "Wae Munta RTRW 005 003 Desa Dimpong", "households": 1, "people": "2", "needs": "Beras 50 kg, mie, Susu", "reporter": "Regina Ganut", "contact": "-", "photo": "14e678a9dca75e3922310f942c1a1e24.jpg", "status": "Belum Ditangani", "notes": "" }, "geometry": { "type": "Point", "coordinates": [ 120.370502, -8.539525 ] } },
{ "type": "Feature", "properties": { "region": "Golo Ngorok RT 06 dan 07 RW 01 Desa Wae Rii Kec. Wae Rii Kab. Manggarai", "location": "KBG Bunda Segala Bangsa Golo Ngorok", "households": 40, "people": "120", "needs": "Butuh Beras : 800 kg\r\nIndomie : 40 dus\r\nSelimut : 40 lbr\r\nObat-obatan", "reporter": "Gabriel Fredy Daar", "contact": "81291726807", "photo": "763a50e11f7d6d63066ee8cb8e553e0e.jpeg", "status": "Belum Ditangani", "notes": "" }, "geometry": { "type": "Point", "coordinates": [ 120.499935, -8.618522 ] } },
{ "type": "Feature", "properties": { "region": "Kab. Manggarai", "location": "Kec. Cibal\r\nKel. Pagal\r\nRt09, Rw03", "households": 1, "people": "3", "needs": "Uang untuk beli material,beras dan perlengkapan tidur", "reporter": "Vansius jehabu", "contact": "895417640105", "photo": "", "status": "Belum Ditangani", "notes": "" }, "geometry": { "type": "Point", "coordinates": [ 120.459809, -8.524501 ] } },
{ "type": "Feature", "properties": { "region": "Desa Dimpong", "location": "Wae Munta RTRW 005 003 Desa Dimpong", "households": 2, "people": "5", "needs": "Beras, 50 kg, susu, Mie", "reporter": "Rovina Mamut", "contact": "-", "photo": "2b884fc479afe513abeeced2ec4b60e5.jpg", "status": "Belum Ditangani", "notes": "" }, "geometry": { "type": "Point", "coordinates": [ 120.37076, -8.539237 ] } },
{ "type": "Feature", "properties": { "region": "Nengkem", "location": "Nengkem,RT 005 RW 002,Dsn Nengkem", "households": 45, "people": "185", "needs": "Sembako,obat-obatan,dll", "reporter": "Vensislaus usman", "contact": "81547452476", "photo": "50f0af27d618b7bd208e8c9c8ce0b88d.jpg", "status": "Belum Ditangani", "notes": "" }, "geometry": { "type": "Point", "coordinates": [ 120.419083, -8.56723 ] } },
{ "type": "Feature", "properties": { "region": "Ruteng", "location": "Satar tacik Ruteng bandara sebelah kantor pengadilan agama", "households": 6, "people": "3", "needs": "Bantal selimut dan makanan seperti mie instan ?", "reporter": "Ixcellano Bengko", "contact": "0878-3967-6580", "photo": "3282f478538b48a845934fad612d3cac.jpg", "status": "Belum Ditangani", "notes": "" }, "geometry": { "type": "Point", "coordinates": [ 120.476741, -8.600316 ] } },
{ "type": "Feature", "properties": { "region": "Desa Dimpong", "location": "Dusun Dimpong RTRW 002 001 Desa Dimpong", "households": 1, "people": "3", "needs": "Beras 50 kg, mie, Susu", "reporter": "Margareta yusbula", "contact": "-", "photo": "e43d09c7fc10952e0cd074a9fdb18df6.jpg", "status": "Belum Ditangani", "notes": "" }, "geometry": { "type": "Point", "coordinates": [ 120.372219, -8.540362 ] } },
{ "type": "Feature", "properties": { "region": "Mangarai", "location": "Cimpar, rt 008 rw 005 dusun cimpar desa wae renca", "households": 32, "people": "350", "needs": "Sembako", "reporter": "Maksimilianus jelahu", "contact": "81338695860", "photo": "965fd193844eda8ab8b8eb353be53466.jpg", "status": "Belum Ditangani", "notes": "" }, "geometry": { "type": "Point", "coordinates": [ 120.439442, -8.44255 ] } },
{ "type": "Feature", "properties": { "region": "Geliting Kewapante", "location": "NITAKLOANG desa kopong, kecamatan Kewapante RT-001 RW-001", "households": 6, "people": "6", "needs": "Beras 10kg,pakaian,semen serta pasir untuk membangun ulang tembok yg roboh", "reporter": "Fritson Father Gift", "contact": "81547433256", "photo": "42a404c0f30d8cd0f9d05326af770c08.png", "status": "Belum Ditangani", "notes": "" }, "geometry": { "type": "Point", "coordinates": [ 122.295349, -8.64468 ] } },
{ "type": "Feature", "properties": { "region": "Geliting Kewapante", "location": "NITAKLOANG desa kopong, kecamatan Kewapante RT-001 RW-001", "households": 6, "people": "6", "needs": "Beras 10kg,pakaian,semen serta pasir untuk membangun ulang tembok yg roboh", "reporter": "Fritson Father Gift", "contact": "81547433256", "photo": "a3567c3bfd9cf7bd7abf00ba3121c8b0.png", "status": "Belum Ditangani", "notes": "" }, "geometry": { "type": "Point", "coordinates": [ 122.295349, -8.64468 ] } },
{ "type": "Feature", "properties": { "region": "Desa Dimpong", "location": "Wae Munta RTRW 005 003 Desa Dimpong", "households": 1, "people": "3", "needs": "Beras 50 kg, mie, susu", "reporter": "Yuvensius Andi", "contact": "81337746973", "photo": "6d6dbc42358036712a872ae32e0e7c70.jpg", "status": "Belum Ditangani", "notes": "" }, "geometry": { "type": "Point", "coordinates": [ 120.343494, -8.540541 ] } },
{ "type": "Feature", "properties": { "region": "Ruteng", "location": "Carep", "households": 1, "people": "0", "needs": "Beras", "reporter": "Natalia Henia By Bebong", "contact": "81236249754", "photo": "785810c3c9c19cec9db4404f56e6a3ff.png", "status": "Belum Ditangani", "notes": "" }, "geometry": { "type": "Point", "coordinates": [ 120.473328, -8.609347 ] } },
{ "type": "Feature", "properties": { "region": "Desa Dimpong", "location": "Wae Dimpong RTRW 002 001 Desa Dimpong", "households": 2, "people": "5", "needs": "Beras 50 kg, susu, mie.", "reporter": "Dionisius jeharum", "contact": "-", "photo": "121ab4c92af15ec64a2ba77a14acd3da.jpg", "status": "Belum Ditangani", "notes": "" }, "geometry": { "type": "Point", "coordinates": [ 120.343494, -8.540541 ] } },
{ "type": "Feature", "properties": { "region": "Desa Dimpong", "location": "Wae Munta RTRW 005 003 Desa Dimpong", "households": 2, "people": "5", "needs": "Beras 50 kg, mie , susu", "reporter": "Herman jehalu", "contact": "-", "photo": "2f49f5506397e25a3372f3e5fe109734.jpg", "status": "Belum Ditangani", "notes": "" }, "geometry": { "type": "Point", "coordinates": [ 120.37097, -8.539449 ] } },
{ "type": "Feature", "properties": { "region": "Desa Golo Watu", "location": "Mbongos, Dusun Golo Watu, RT/RW 011/003", "households": 31, "people": "109", "needs": "Sembako, terpal, tikar", "reporter": "Ignasius Janur", "contact": "85338617773", "photo": "bbae846bd943e547a5a57b39a0029170.jpg", "status": "Belum Ditangani", "notes": "" }, "geometry": { "type": "Point", "coordinates": [ 120.408852, -8.571364 ] } },
{ "type": "Feature", "properties": { "region": "Desa Dimpong", "location": "Wae Munta RTRW 005 003 Desa Dimpong", "households": 2, "people": "2", "needs": "Beras 50 kg, mie, susu", "reporter": "Lasarus Barut", "contact": "-", "photo": "e7d91e094c048a2cf2bff4b95946c6bf.jpg", "status": "Belum Ditangani", "notes": "" }, "geometry": { "type": "Point", "coordinates": [ 120.371274, -8.540109 ] } },
{ "type": "Feature", "properties": { "region": "Golo Watu", "location": "Mbongos, RT/RW 008/003", "households": 64, "people": "162", "needs": "Sembako, terpal, tikar", "reporter": "Ignasius Janur", "contact": "85338617773", "photo": "55cb60405ac3555a6b25f50d89beaaaa.jpg", "status": "Belum Ditangani", "notes": "" }, "geometry": { "type": "Point", "coordinates": [ 120.442578, -8.561693 ] } },
{ "type": "Feature", "properties": { "region": "Desa Bangka Kenda", "location": "Desa Bangka Kenda, Kec. Wae Ri'i RT 001, RW 001 Kabupaten Manggarai.", "households": 6, "people": "6", "needs": "Semua kebutuhan Ekonomi, seperti beras, dan bahan bangunan", "reporter": "Wilda Diana Undut", "contact": "82144177655", "photo": "10cefd68e1389fb0e7a7e9f49d7f28d6.jpg", "status": "Belum Ditangani", "notes": "" }, "geometry": { "type": "Point", "coordinates": [ 120.432953, -8.573936 ] } },
{ "type": "Feature", "properties": { "region": "Flores NTT", "location": "Kabupaten Sikka, Kecamatan Palue, Desa Rokirole, Dusun Ko'a", "households": 2, "people": "3", "needs": "Beras, Air, produk jadi (Sabun mandi, deterjen, dll) Bahan Baku, Kasur, selimut", "reporter": "Maria Lisaniani kero , Korban bencana (Mama Ita Ngei)", "contact": "81238915358", "photo": "", "status": "Belum Ditangani", "notes": "" }, "geometry": { "type": "Point", "coordinates": [ 122.221904, -8.628837 ] } },
{ "type": "Feature", "properties": { "region": "Kabupaten Nagekeo mbay", "location": "Rewokoli", "households": 10, "people": "50 jiwa", "needs": "Butuh beras, sabun mandi, rinso, pasta gigi, air mineral, mie, telur, obat obatan,selimut, bantal, minyak tanah,sarden kaleng, popok, minyak goreng, pembalut, pakayan dalam,", "reporter": "vinsensia paulin", "contact": "85124130300", "photo": "aa026741f33328f5e2d6e7e471bd3b3d.jpg", "status": "Belum Ditangani", "notes": "" }, "geometry": { "type": "Point", "coordinates": [ 121.272157, -8.574414 ] } },
{ "type": "Feature", "properties": { "region": "Kabupaten Nagekeo mbay", "location": "Rewokoli", "households": 10, "people": "50 jiwa", "needs": "Butuh beras, sabun mandi, rinso, pasta gigi, air mineral, mie, telur, obat obatan,selimut, bantal, minyak tanah,sarden kaleng, popok, minyak goreng, pembalut, pakayan dalam,", "reporter": "vinsensia paulin", "contact": "85124130300", "photo": "aa026741f33328f5e2d6e7e471bd3b3d.jpg", "status": "Belum Ditangani", "notes": "" }, "geometry": { "type": "Point", "coordinates": [ 121.272157, -8.574414 ] } },
{ "type": "Feature", "properties": { "region": "Kabupaten Nagekeo mbay", "location": "Rewokoli", "households": 10, "people": "50 jiwa", "needs": "Butuh beras, sabun mandi, rinso, pasta gigi, air mineral, mie, telur, obat obatan,selimut, bantal, minyak tanah,sarden kaleng, popok, minyak goreng, pembalut, pakayan dalam,", "reporter": "vinsensia paulin", "contact": "85124130300", "photo": "aa026741f33328f5e2d6e7e471bd3b3d.jpg", "status": "Belum Ditangani", "notes": "" }, "geometry": { "type": "Point", "coordinates": [ 121.272157, -8.574414 ] } },
{ "type": "Feature", "properties": { "region": "Flores NTT", "location": "Kabupaten Sikka, Kecamatan Palue, Desa Rokirole, Dusun Ko'a", "households": 2, "people": "3", "needs": "Beras, Air, Produk Jadi(Deterjen, sabun Mandi, dll) Bahan baku, selimut, kasur", "reporter": "Nama Pengisi(Maria Lisaniani Kero) Korban Bencana : mama Ale Tia dl", "contact": "81238915358", "photo": "4e19a9429f102d829dd048f433cb7e72.jpg", "status": "Belum Ditangani", "notes": "" }, "geometry": { "type": "Point", "coordinates": [ 122.221904, -8.628837 ] } },
{ "type": "Feature", "properties": { "region": "Flores Ntt", "location": "Kabupaten Sikka, Kecamatan Palue, Desa Rokirole, Dusun Ko'a", "households": 1, "people": "3", "needs": "Beras, Air, selimut, Kasur, Produk jadi (Sabun Mandi, deterjen, dll) bahan Baku", "reporter": "Maria Lisaniani kero, Korban Bencana atas Nama Lorensius Ware", "contact": "81238915358", "photo": "a091a67be4eedf56776ed8d7d61969f9.jpg", "status": "Belum Ditangani", "notes": "" }, "geometry": { "type": "Point", "coordinates": [ 122.221904, -8.628837 ] } },
{ "type": "Feature", "properties": { "region": "Manggarai", "location": "Ting, Desa satar ngkeling, Kecamatan wae rii, kabupaten manggarai. Provinsi Nusa Tenggara Timur", "households": 3, "people": "8", "needs": "Beras, terpal tenda posko, Obat", "reporter": "Yeremias Naldo Alfindo War", "contact": "87722742426", "photo": "2398ba3a07453049a6fd6fb61159e7b5.jpg", "status": "Belum Ditangani", "notes": "" }, "geometry": { "type": "Point", "coordinates": [ 120.46935, -8.563107 ] } },
{ "type": "Feature", "properties": { "region": "Manggarai", "location": "Ting, Desa satar ngkeling, Kecamatan wae rii, kabupaten manggarai. Provinsi Nusa Tenggara Timur", "households": 3, "people": "8", "needs": "Beras, terpal tenda posko, Obat", "reporter": "Yeremias Naldo Alfindo War", "contact": "87722742426", "photo": "46e1f9400029cd58b9c3fd3b9e1e3978.jpg", "status": "Belum Ditangani", "notes": "" }, "geometry": { "type": "Point", "coordinates": [ 120.46935, -8.563107 ] } },
{ "type": "Feature", "properties": { "region": "Pateng rego", "location": "Pateng rego kompleks wae sidir hano woko\r\n( rumah ibu cece)", "households": 1, "people": "4", "needs": "", "reporter": "Marselinus helmon", "contact": "81236093672", "photo": "", "status": "Belum Ditangani", "notes": "" }, "geometry": { "type": "Point", "coordinates": [ 120.276348, -8.393806 ] } },
{ "type": "Feature", "properties": { "region": "Nagekeo", "location": "Kec. Mauponggo\r\nDesa. Kotagana", "households": 11, "people": "53", "needs": "Beras 200 kg\r\nPakayan\r\nMinyak\r\nSayuran\r\nSembako", "reporter": "MATHEUS KENGO", "contact": "81236633243", "photo": "56e047832eac0044823f320c27983ff0.jpg", "status": "Belum Ditangani", "notes": "" }, "geometry": { "type": "Point", "coordinates": [ 121.211106, -8.875226 ] } },
{ "type": "Feature", "properties": { "region": "Nagekeo", "location": "Kec. Mauponggo\r\nDesa. Kotagana", "households": 11, "people": "53", "needs": "Beras 200 kg\r\nPakayan\r\nMinyak\r\nSayuran\r\nSembako", "reporter": "MATHEUS KENGO", "contact": "81236633243", "photo": "961b88b5a1a82e94b621630eb2c9ef37.jpg", "status": "Belum Ditangani", "notes": "" }, "geometry": { "type": "Point", "coordinates": [ 121.211106, -8.875226 ] } },
{ "type": "Feature", "properties": { "region": "Pateng rego", "location": "Pateng rego ( kompleks wae sidir)kecamatang pacar manggarai barat ntt", "households": 7, "people": "8", "needs": "Selimut, tenda, obat obatan, beras", "reporter": "Marselinus helmon", "contact": "81236093672", "photo": "56aec4afe9de520a8ac47f693b7cbb08.jpg", "status": "Belum Ditangani", "notes": "" }, "geometry": { "type": "Point", "coordinates": [ 120.191031, -8.416284 ] } },
{ "type": "Feature", "properties": { "region": "Pateng rego", "location": "Pateng rego ( kompleks wae sidir)kecamatang pacar manggarai barat ntt", "households": 7, "people": "8", "needs": "Selimut, tenda, obat obatan, beras", "reporter": "Marselinus helmon", "contact": "81236093672", "photo": "3b8cf7634f439e73d552e2be8dc8fd4d.jpg", "status": "Belum Ditangani", "notes": "" }, "geometry": { "type": "Point", "coordinates": [ 120.191031, -8.416284 ] } },
{ "type": "Feature", "properties": { "region": "Pateng rego", "location": "Pateng rego ( kompleks wae sidir)kecamatang pacar manggarai barat ntt", "households": 7, "people": "8", "needs": "Selimut, tenda, obat obatan, beras", "reporter": "Marselinus helmon", "contact": "81236093672", "photo": "b45f56ae521c152e98d8a96cbac5365d.jpg", "status": "Belum Ditangani", "notes": "" }, "geometry": { "type": "Point", "coordinates": [ 120.191031, -8.416284 ] } },
{ "type": "Feature", "properties": { "region": "Desa wae mulu", "location": "Welong, desa wae mulu \r\nKec. Wae ri'i\r\nKab. Manggarai\r\nProv. NTT", "households": 400, "people": "2500 jiwa", "needs": "Air mineral, beras, obat2, dan segala kebutuhan pasca bencana setelah kejadian gempa", "reporter": "Robianus darna lem", "contact": "81339873191", "photo": "35f15def37e3eb67903f19c2b4a1092a.jpg", "status": "Belum Ditangani", "notes": "" }, "geometry": { "type": "Point", "coordinates": [ 120.467491, -8.542636 ] } },
{ "type": "Feature", "properties": { "region": "Banga Jong, Kec. Wae Rii", "location": "Desa berada di Kecamatan Wae Rii, dekat Gunung Ranaka, arah masuk melalui pertigaan sebelah kiri sebelum jalan menuju Desa Ranaka dan Manggarai Timur.", "households": 200, "people": "Kurang lebih 400-600", "needs": "Beras, selimut, telur, terpal, air, mie, minyak goreng, dan banyak rumah yang rusak di wilayah ini mungkin bisa disesuaikan.", "reporter": "Angelina Hartini Agas", "contact": "+62 821-4416-1662 (Erlan Djema)", "photo": "bf6b4b23b4391bf3c4eb25b65ef840ff.jpg", "status": "Belum Ditangani", "notes": "" }, "geometry": { "type": "Point", "coordinates": [ 120.477306, -8.591972 ] } },
{ "type": "Feature", "properties": { "region": "Karot, Kel. Karot", "location": "Jln. Seni. RT 013/RW 004, KEL. KAROT, KEC. LANGKE REMBONG, MANGGARAI, NTT", "households": 2, "people": "6", "needs": "Beras 50 Kg", "reporter": "Maria Bergita Ida Sri", "contact": "85842053842", "photo": "a0d830b5078ab74b2b7f2d2b034287a7.jpg", "status": "Belum Ditangani", "notes": "" }, "geometry": { "type": "Point", "coordinates": [ 120.466134, -8.593028 ] } },
{ "type": "Feature", "properties": { "region": "Karot, Kel. Karot", "location": "Jln. Seni. RT 013/RW 004, KEL. KAROT, KEC. LANGKE REMBONG, MANGGARAI, NTT", "households": 2, "people": "6", "needs": "Beras 50 Kg", "reporter": "Maria Bergita Ida Sri", "contact": "85842053842", "photo": "1c8dafdaa4589ec65c8e86989025b836.jpg", "status": "Belum Ditangani", "notes": "" }, "geometry": { "type": "Point", "coordinates": [ 120.466134, -8.593028 ] } },
{ "type": "Feature", "properties": { "region": "Flores NTT", "location": "Kabupaten Sikka, kecamatan Palue, Desa Rokirole, Dusun Ko'a", "households": 1, "people": "3", "needs": "Beras, air, selimut, kasur, produk jadi (Sabun mandi, deterjen dll) bahan baku", "reporter": "Maria Lisaniani kero", "contact": "81238915358", "photo": "72f834a7dfd99cb3117b485ff652dc8f.jpg", "status": "Belum Ditangani", "notes": "" }, "geometry": { "type": "Point", "coordinates": [ 122.221904, -8.628837 ] } },
{ "type": "Feature", "properties": { "region": "Satar teu.", "location": "Satar teu. Desa. Satar punda. Kec. Lamba Leda utara kab. Manggarai Timur.", "households": 1, "people": "3", "needs": "Bantuan renovasi rumah", "reporter": "Frederikus kasman", "contact": "87787647976", "photo": "", "status": "Belum Ditangani", "notes": "" }, "geometry": { "type": "Point", "coordinates": [ 120.986938, -8.419611 ] } },
{ "type": "Feature", "properties": { "region": "Flores NTT", "location": "Kabupaten Sikka, Kecamatan Palue, Desa Rokirole, Dusun Ko'a", "households": 1, "people": "4", "needs": "Beras, selimut, air, kasur, produk Jadi(Deterjen, sabun mandi dll), bahan Baku", "reporter": "Maria Lisaniani kero", "contact": "81238915358", "photo": "", "status": "Belum Ditangani", "notes": "" }, "geometry": { "type": "Point", "coordinates": [ 122.221904, -8.628837 ] } },
{ "type": "Feature", "properties": { "region": "Sarong", "location": "Sarong, RT 003/RW 003, Desa Ngancar, Kecamatan Lembor, Kabupaten Manggarai Barat, propinsi Nusa Tenggara Timur", "households": 1, "people": "6", "needs": "Beras 50 kg, dan selimut", "reporter": "Stevanus Tanus", "contact": "82112346790", "photo": "9d2f79fef9405dc50b2c23f92290f137.jpg", "status": "Belum Ditangani", "notes": "" }, "geometry": { "type": "Point", "coordinates": [ 119.892517, -8.492751 ] } },
{ "type": "Feature", "properties": { "region": "Robo", "location": "Desa Robo,kec.Welak,kab.Manggarai Barat", "households": 1, "people": "7", "needs": "Rumah dan sembako", "reporter": "Kasmir Kaut", "contact": "81353674851", "photo": "60400050cab3dac837e17b6cb103e43d.jpg", "status": "Belum Ditangani", "notes": "" }, "geometry": { "type": "Point", "coordinates": [ 120.238312, -8.629211 ] } },
{ "type": "Feature", "properties": { "region": "Flores NTT", "location": "Kabupaten Sikka, Kecamatan Palue, desa Rokirole, Dusun Ko'a", "households": 3, "people": "8", "needs": "Beras, air, selimut, Kasur, produk jadi(sabun mandi, deterjen, dll), bahan baku", "reporter": "Maria Lisaniani Kero", "contact": "81238915358", "photo": "538be90ee79015aeeeda01984c805d55.jpg", "status": "Belum Ditangani", "notes": "" }, "geometry": { "type": "Point", "coordinates": [ 122.221904, -8.628837 ] } },
{ "type": "Feature", "properties": { "region": "Flores NTT", "location": "Kabupaten Sikka, Kecamatan Palue, desa Rokirole, Dusun Ko'a", "households": 1, "people": "1", "needs": "Beras, air, produk jadi(sabun mandi, deterjen, dll), bahan Baku", "reporter": "Maria Lisaniani Kero", "contact": "81238915358", "photo": "", "status": "Belum Ditangani", "notes": "" }, "geometry": { "type": "Point", "coordinates": [ 122.221904, -8.628837 ] } },
{ "type": "Feature", "properties": { "region": "Golo Ajo", "location": "Golo Ajo, Desa Rokap, Dusun Sae, Kecamatan Pacar, Kabupaten Manggarai Barat", "households": 1, "people": "4", "needs": "Beras, Pakaian Dewasa&amp; Anak²umur 13&amp;7tahun\r\n, selimut, kasur, bantal", "reporter": "Albinus Yupen", "contact": "81238534692", "photo": "75de2c7269dcbaa065c50f61c2a009e4.jpg", "status": "Belum Ditangani", "notes": "" }, "geometry": { "type": "Point", "coordinates": [ 120.2349869, -8.4388403 ] } },
{ "type": "Feature", "properties": { "region": "Colol", "location": "Colol desa Rende nao kec lambaleda timur", "households": 1, "people": "3", "needs": "Butuh bantuan tenda darurat,selimut,tikar,sembako,obat²an", "reporter": "Elfrida", "contact": "81217059471", "photo": "627ecbee6dcca457c4676590b538adc8.jpg", "status": "Belum Ditangani", "notes": "" }, "geometry": { "type": "Point", "coordinates": [ 120.583412, -8.605527 ] } },
{ "type": "Feature", "properties": { "region": "Flores NTT", "location": "Kabupaten Sikka, kecamatan Palue, Desa Rokirole, Dusun Ko'a", "households": 2, "people": "5", "needs": "Beras, Air, produk jadi (sabun mandi, deterjen, dll), bahan Baku.", "reporter": "Maria Lisaniani Kero", "contact": "81238915358", "photo": "", "status": "Belum Ditangani", "notes": "" }, "geometry": { "type": "Point", "coordinates": [ 122.221904, -8.628837 ] } },
{ "type": "Feature", "properties": { "region": "Flores NTT", "location": "Kabupaten Sikka, kecamatan Palue, desa Rokirole, Dusun Ko'a", "households": 3, "people": "6", "needs": "Beras, air, produk Jadi(Sabun mandi, deterjen, dll) bahan Baku", "reporter": "Maria Lisaniani Kero", "contact": "81238915358", "photo": "", "status": "Belum Ditangani", "notes": "" }, "geometry": { "type": "Point", "coordinates": [ 122.221904, -8.628837 ] } },
{ "type": "Feature", "properties": { "region": "NTT", "location": "Propinsi NTT, Kabupaten Ende, Kecamatan Wewaria, Desa Welamosa", "households": 2, "people": "3", "needs": "Beras 50 kg", "reporter": "Sr. Kristin, CIJ", "contact": "82122676430", "photo": "1f0781acc48c3d2e8900acd5b7a437eb.jpg", "status": "Belum Ditangani", "notes": "" }, "geometry": { "type": "Point", "coordinates": [ 121.724755, -8.604896 ] } },
{ "type": "Feature", "properties": { "region": "Golo Ajo", "location": "Golo Ajo, Dusun Sae, Desa Rokap, Kecamatan Macang Pacar, Kabupaten Manggarai Barat", "households": 1, "people": "6", "needs": "1.sembako, \r\n2.Pakaian, \r\n3.Selimut", "reporter": "Martina Langong", "contact": "81236210002", "photo": "11b943d522cd9647c970bb2266c58512.jpg", "status": "Belum Ditangani", "notes": "" }, "geometry": { "type": "Point", "coordinates": [ 120.2349869, -8.4388403 ] } },
{ "type": "Feature", "properties": { "region": "Kabupaten Manggarai Timur", "location": "Kabupaten Manggarai Timur tepatnya di kecamatan Elar desa kaju wangi", "households": 1, "people": "6 orang", "needs": "Beras", "reporter": "Maria Delviana Yunita Pamsi", "contact": "81238845837", "photo": "", "status": "Belum Ditangani", "notes": "" }, "geometry": { "type": "Point", "coordinates": [ 120.784898, -8.578507 ] } },
{ "type": "Feature", "properties": { "region": "Ruteng", "location": "Ruteng, lempe, kelurahan pau, kecamatan langke rembong, kabupaten Manggarai, NTT.", "households": 2147483647, "people": "3 orang yang berada dalam rumah saat kejadian", "needs": "Beras, obat-obatan untuk menghilangkan pusing dan stress akibat gempa. Makanan dan minuman karena air tidak jalan, sehingga kebutuhan air tidak ada.", "reporter": "Matilda Sheyna Sania Syukur", "contact": "+62 813-3821-7619", "photo": "5f2885437213381f1be186a06938cd57.jpeg", "status": "Belum Ditangani", "notes": "" }, "geometry": { "type": "Point", "coordinates": [ 120.444489, -8.612513 ] } },
{ "type": "Feature", "properties": { "region": "Mbay Nagekeo", "location": "RT.003 Desa Aeramo Kecamatan Aeses Kabupaten Nagekeo Nusa Tenggara Timur", "households": 1, "people": "6", "needs": "Butuh Beras Pakyan dan makanan", "reporter": "Theresia Dhue", "contact": "+62 821-4506-1202", "photo": "a2f0452740407190ffc674f7190851f9.jpg", "status": "Belum Ditangani", "notes": "" }, "geometry": { "type": "Point", "coordinates": [ 121.264172, -8.567024 ] } },
{ "type": "Feature", "properties": { "region": "Mbay Nagekeo", "location": "RT.003 Desa Aeramo Kecamatan Aeses Kabupaten Nagekeo Nusa Tenggara Timur", "households": 1, "people": "6", "needs": "Butuh Beras Pakyan dan makanan", "reporter": "Theresia Dhue", "contact": "+62 821-4506-1202", "photo": "62d25bc4e303c03e7420c15ab02be2c3.jpg", "status": "Belum Ditangani", "notes": "" }, "geometry": { "type": "Point", "coordinates": [ 121.264172, -8.567024 ] } },
{ "type": "Feature", "properties": { "region": "Mbay Nagekeo", "location": "RT.003 Desa Aeramo Kecamatan Aeses Kabupaten Nagekeo Nusa Tenggara Timur", "households": 1, "people": "6", "needs": "Butuh Beras Pakyan dan makanan", "reporter": "Theresia Dhue", "contact": "+62 821-4506-1202", "photo": "b026b0364d0cff254f231f8b249bf256.jpg", "status": "Belum Ditangani", "notes": "" }, "geometry": { "type": "Point", "coordinates": [ 121.264172, -8.567024 ] } },
{ "type": "Feature", "properties": { "region": "Mbay Nagekeo", "location": "RT.003 Desa Aeramo Kecamatan Aeses Kabupaten Nagekeo Nusa Tenggara Timur", "households": 1, "people": "6", "needs": "Butuh Beras Pakyan dan makanan", "reporter": "Theresia Dhue", "contact": "+62 821-4506-1202", "photo": "9ab900913a1fe2215dd36cb8c8f69dce.jpg", "status": "Belum Ditangani", "notes": "" }, "geometry": { "type": "Point", "coordinates": [ 121.264172, -8.567024 ] } },
{ "type": "Feature", "properties": { "region": "Karot, kec.Langke Rembong Manggarai, NTT", "location": "Jalan seni, RT 013/RW 004 karot , Kel.\r\nKarot .kec Langke Rembong ,Manggarai , NTT", "households": 1, "people": "4", "needs": "Beras 50 gr", "reporter": "Masryiati", "contact": "81274283936", "photo": "b48d081287c8207c1d8b32c8ec57f950.jpg", "status": "Belum Ditangani", "notes": "" }, "geometry": { "type": "Point", "coordinates": [ 120.465812, -8.593175 ] } },
{ "type": "Feature", "properties": { "region": "Flores NTT", "location": "Kabupaten Sikka, kecamatan Palue, desa Rokirole, Dusun Ko'a", "households": 1, "people": "2", "needs": "Beras, Air, selimut, kasur, Produk jadi(Sabun mandi, deterjen dll), bahan baku", "reporter": "Maria Lisaniani Kero", "contact": "81238915358", "photo": "", "status": "Belum Ditangani", "notes": "" }, "geometry": { "type": "Point", "coordinates": [ 122.221904, -8.628837 ] } },
{ "type": "Feature", "properties": { "region": "Golo Lui", "location": "Dusun Golo pandang,desa Lengko Namut,Kecamatan Elar,Kabupaten Manggatai Timur", "households": 1, "people": "2", "needs": "Butuh bantuan tenda darurat,selimut,sembako,obat obatan", "reporter": "Elfrida", "contact": "81217059471", "photo": "e11db579c50ac259a5dc7d034bb527dc.jpg", "status": "Belum Ditangani", "notes": "" }, "geometry": { "type": "Point", "coordinates": [ 120.692616, -8.51729 ] } },
{ "type": "Feature", "properties": { "region": "Kabupaten Manggarai", "location": "Bugis,RT 016/rw004, kelurahan Rana Loba kecamatan borong, kabupaten Manggarai Timur", "households": 1, "people": "4", "needs": "Butuh Semen 100 sak, pasir 2 oto,sewa tukang 10 juta", "reporter": "Adrianus Marselus Nggoro", "contact": "82314267153", "photo": "154a066ce82389aa80b4cb680798e397.jpg", "status": "Belum Ditangani", "notes": "" }, "geometry": { "type": "Point", "coordinates": [ 120.481997, -8.597053 ] } },
{ "type": "Feature", "properties": { "region": "Kabupaten Manggarai", "location": "Bugis,RT 016/rw004, kelurahan Rana Loba kecamatan borong, kabupaten Manggarai Timur", "households": 1, "people": "4", "needs": "Butuh Semen 100 sak, pasir 2 oto,sewa tukang 10 juta", "reporter": "Adrianus Marselus Nggoro", "contact": "82314267153", "photo": "4e528a678068f2e029ef1ea663e694ae.jpg", "status": "Belum Ditangani", "notes": "" }, "geometry": { "type": "Point", "coordinates": [ 120.481997, -8.597053 ] } },
{ "type": "Feature", "properties": { "region": "Nagekeo", "location": "Desa Ngera kecamatan Keo Tengah, kabupaten Nagekeo, Flores, NTT", "households": 40, "people": "300", "needs": "Tendah pengunsian, beras, minyak, sayur, selimut, obat obatan", "reporter": "Rikardus Mbusa", "contact": "82146001813", "photo": "c20f937b8585b890c1564af243be16c4.jpg", "status": "Belum Ditangani", "notes": "" }, "geometry": { "type": "Point", "coordinates": [ 121.25649, -8.85627 ] } },
{ "type": "Feature", "properties": { "region": "Flores NTT", "location": "Kabupaten Sikka, Kecamatan Palue, Desa Rokirole, Dusun Ko'a", "households": 2, "people": "7", "needs": "Beras, selimut,kasur, air, produk Jadi(Sabun mandi, deterjen, dll) bahan Baku", "reporter": "Maria Lisaniani Kero", "contact": "81238915358", "photo": "8b76bade5b5551df8e12a1324b547bf1.jpg", "status": "Belum Ditangani", "notes": "" }, "geometry": { "type": "Point", "coordinates": [ 122.221904, -8.628837 ] } },
{ "type": "Feature", "properties": { "region": "Manggarai Barat", "location": "Paurundang Desa Watu Manggar kecamatan macang pacar", "households": 1, "people": "4", "needs": "Butuh beras 100 kg selimut dan pakaian", "reporter": "Siprianus Jehardianto", "contact": "81236584962", "photo": "8982fef0086faef177088c83b2f07eed.jpg", "status": "Belum Ditangani", "notes": "" }, "geometry": { "type": "Point", "coordinates": [ 120.190758, -8.416317 ] } },
{ "type": "Feature", "properties": { "region": "Pong Murung", "location": "Gurung , Desa Pong Murung kecamatan Ruteng kabupaten Manggarai", "households": 3, "people": "", "needs": "Beras dan selimut", "reporter": "Katarina Nalo", "contact": "81237663066", "photo": "6cdb3f089d6ed44d9a3341290823d9a3.jpg", "status": "Belum Ditangani", "notes": "" }, "geometry": { "type": "Point", "coordinates": [ 120.381866, -8.604276 ] } },
{ "type": "Feature", "properties": { "region": "Manggarai Barat", "location": "Paurundang Desa Watu Manggar kecamatan macang pacar", "households": 1, "people": "4", "needs": "Butuh beras 100 kg selimut dan pakaian", "reporter": "Siprianus Jehardianto", "contact": "81236584962", "photo": "fd6f5f48f1128c10c99d9a7cbc5855ba.jpg", "status": "Belum Ditangani", "notes": "" }, "geometry": { "type": "Point", "coordinates": [ 120.190758, -8.416317 ] } },
{ "type": "Feature", "properties": { "region": "Karot, Kec. Langke Rembong, Manggarai, NTT", "location": "Jalan Seni, RT 013/RW 004 . Kel. Karot. Kec. Langke Rembong, Manggarai, NTT", "households": 1, "people": "4", "needs": "Beras 50 Kg", "reporter": "Hieronimus Dembot", "contact": "81237649046", "photo": "004e5e2500e13c8705b86d4d1f80e2db.jpg", "status": "Belum Ditangani", "notes": "" }, "geometry": { "type": "Point", "coordinates": [ 120.466308, -8.592996 ] } },
{ "type": "Feature", "properties": { "region": "Flores NTT", "location": "Kabupaten Sikka, Kecamatan Palue, Desa Rokirole, Dusun Ko'a", "households": 1, "people": "3", "needs": "Beras, Air, produk Jadi(Sabun mandi, Deterjen, dll), Bahan Baku, selimut, kasur", "reporter": "Maria Lisaniani Kero", "contact": "81238915358", "photo": "f470da961f7882dbd10d5b655da246fb.jpg", "status": "Belum Ditangani", "notes": "" }, "geometry": { "type": "Point", "coordinates": [ 122.221904, -8.628837 ] } },
{ "type": "Feature", "properties": { "region": "Manggarai Barat", "location": "Paurundang Desa Watu Manggar kecamatan macang pacar", "households": 1, "people": "4", "needs": "Butuh beras 100 kg selimut dan pakaian", "reporter": "Siprianus Jehardianto", "contact": "81236584962", "photo": "dafc4b01636148d1e41a447610b74113.jpg", "status": "Belum Ditangani", "notes": "" }, "geometry": { "type": "Point", "coordinates": [ 120.190457, -8.415787 ] } },
{ "type": "Feature", "properties": { "region": "Manggarai Barat", "location": "Paurundang Desa Watu Manggar kecamatan macang pacar", "households": 1, "people": "4", "needs": "Butuh beras 100 kg selimut dan pakaian", "reporter": "Siprianus Jehardianto", "contact": "81236584962", "photo": "6e415e3705aca505a1d60f9c44198648.jpg", "status": "Belum Ditangani", "notes": "" }, "geometry": { "type": "Point", "coordinates": [ 120.190457, -8.415787 ] } },
{ "type": "Feature", "properties": { "region": "Sarong", "location": "Sarong RT 003/RW 003. Desa Ngancar, kecamatan Lembor, kabupaten Manggarai barat, provinsi Nusa tenggara timur", "households": 1, "people": "4", "needs": "Beras 50 kg selimut sembako", "reporter": "Yohanes dat", "contact": "82351554676", "photo": "434957ac3ffbef7d7cbb4ac0f65d1181.jpg", "status": "Belum Ditangani", "notes": "" }, "geometry": { "type": "Point", "coordinates": [ 120.155754, -8.678987 ] } },
{ "type": "Feature", "properties": { "region": "Sarong", "location": "Sarong RT/RW,003/003,desa Ngancar, kecamatan Lembor, kabupaten Manggarai barat, Nusa tenggara timur", "households": 1, "people": "6", "needs": "Beras 50 kg, selimut", "reporter": "Stefanus tanus", "contact": "82195169526", "photo": "42b1dba3aed7d6abc39637a1eb908373.jpg", "status": "Belum Ditangani", "notes": "" }, "geometry": { "type": "Point", "coordinates": [ 120.246048, -8.719952 ] } },
{ "type": "Feature", "properties": { "region": "NTT KABUPATEN MANGGARAI", "location": "Kapung lujang desa ponglengor kecamatan rahong utara kambupaten manggarai", "households": 800000, "people": "4000000", "needs": "Beras,tenda,susu,selimut,telur dan bahan kebutuhan pokok", "reporter": "Yohanes Nangkor", "contact": "81237014969", "photo": "04a586219a4f7f4efada11b828999059.png", "status": "Belum Ditangani", "notes": "" }, "geometry": { "type": "Point", "coordinates": [ 120.360161, -8.547832 ] } },
{ "type": "Feature", "properties": { "region": "Lewur", "location": "Lewur Kecamatan Kuwus Kabupaten Manggarai Barat", "households": 131, "people": "512", "needs": "Butuh Sembako serta Pakaian", "reporter": "Rolandus Gandi", "contact": "8123601724", "photo": "", "status": "Belum Ditangani", "notes": "" }, "geometry": { "type": "Point", "coordinates": [ 120.350864, -8.528968 ] } },
{ "type": "Feature", "properties": { "region": "Kecamatan Palue", "location": "Flores NTT, Kabupaten Sikka, kecamatan Palue, Desa Rokirole, dusun Ko'a", "households": 4, "people": "4", "needs": "Beras, Selimut, kasur, air, produk jadi, bahan baku", "reporter": "Maria Lisaniani Kero", "contact": "81238915358", "photo": "", "status": "Belum Ditangani", "notes": "" }, "geometry": { "type": "Point", "coordinates": [ 122.221904, -8.628837 ] } },
{ "type": "Feature", "properties": { "region": "Kaper", "location": "Kabupaten Manggarai barat kecamatan komodo desa Golobilas", "households": 1, "people": "5", "needs": "Beras 50 kg, minyak goreng 5 liter, selimut.", "reporter": "Agustina da Silva", "contact": "81239913378", "photo": "41a183834dceeb44c447ea2c3a90a8ca.jpg", "status": "Belum Ditangani", "notes": "" }, "geometry": { "type": "Point", "coordinates": [ 119.887321, -8.527178 ] } },
{ "type": "Feature", "properties": { "region": "Sarong", "location": "Sarong, RT 003/RW 003, desa Ngancar, kecamatan Lembor, kabupaten Manggarai barat, provinsi Nusa tenggara timur", "households": 1, "people": "4", "needs": "Beras 50 kg selimut sembako", "reporter": "Yohanes dat", "contact": "82351554676", "photo": "64e80560d77241fd3d8509eac8098b65.jpg", "status": "Belum Ditangani", "notes": "" }, "geometry": { "type": "Point", "coordinates": [ 120.255146, -8.722772 ] } },
{ "type": "Feature", "properties": { "region": "Ruteng Manggarai", "location": "Ruteng kasama", "households": 2, "people": "15", "needs": "Bahan bangunan", "reporter": "Frumensia f sebina", "contact": "81233760390", "photo": "27cfd25603b7dac600cb1f0b3de2654e.jpg", "status": "Belum Ditangani", "notes": "" }, "geometry": { "type": "Point", "coordinates": [ 120.453509, -8.604455 ] } },
{ "type": "Feature", "properties": { "region": "Desa labolewa, kab. Nagekeo", "location": "Desa labolewa, RT.13 kab. Nagekeo", "households": 1, "people": "6", "needs": "Beras, telur, minyak goreng,mie \r\nSelimut", "reporter": "Severinus lara", "contact": "+0813-3876-9615", "photo": "135a81b11a6523b993df620eb1984783.jpg", "status": "Belum Ditangani", "notes": "" }, "geometry": { "type": "Point", "coordinates": [ 120.761719, -8.668571 ] } },
{ "type": "Feature", "properties": { "region": "Desa golo lanak", "location": "Kampung gurung,Rt/Rw:002/002, Desa golo lanak kec.Cibal barat,Kab.Manggarai", "households": 3, "people": "13", "needs": "Beras yang sangat sangat dibutuhkan saat ini,dengan perlengkapan tidur(tikar,selimut dll), sama ada anak bayi 6 bulan terluka membutuhkan obat", "reporter": "MARIA GORETI IKUN", "contact": "82195609139", "photo": "137f87646d1e2f504e4d1ffd9f40eedf.jpg", "status": "Belum Ditangani", "notes": "" }, "geometry": { "type": "Point", "coordinates": [ 120.393672, -8.450319 ] } },
{ "type": "Feature", "properties": { "region": "Pagal", "location": "Pagal,kecamatan cibal\r\nDesa kebut", "households": 1, "people": "6", "needs": "Bahan bangunan", "reporter": "Yohanes djunaedi setiawan", "contact": "82331479904", "photo": "d8dfd120b56632c7bf661ca9836564b7.jpg", "status": "Belum Ditangani", "notes": "" }, "geometry": { "type": "Point", "coordinates": [ 120.489559, -8.513304 ] } },
{ "type": "Feature", "properties": { "region": "Pagal", "location": "Pagal,kecamatan cibal\r\nDesa kebut", "households": 1, "people": "6", "needs": "Bahan bangunan", "reporter": "Yohanes djunaedi setiawan", "contact": "82331479904", "photo": "a230bd198335d5abca6ff17dcef59b33.jpg", "status": "Belum Ditangani", "notes": "" }, "geometry": { "type": "Point", "coordinates": [ 120.489559, -8.513304 ] } },
{ "type": "Feature", "properties": { "region": "Desa Bela Kecamatan Mauponggo Kabupaten Nagekeo Provinsi Nusa tenggara Timur", "location": "RT/RW 001/000", "households": 25, "people": "86", "needs": "Kami sangat membutuhkan beras 500 kg, minyak goreng, sabun mandi, rinso, minyak tanah,dan terpal.\r\nKami sangat membutuhkan bantuan logistik bahan makanan?", "reporter": "Kanisius Beo", "contact": "81353625414", "photo": "f5d1e40f408bcf0f86fc4d08742b6e6c.jpg", "status": "Belum Ditangani", "notes": "" }, "geometry": { "type": "Point", "coordinates": [ 121.121389, -8.862899 ] } },
{ "type": "Feature", "properties": { "region": "Desa Bela Kecamatan Mauponggo Kabupaten Nagekeo Provinsi Nusa tenggara Timur", "location": "RT/RW 001/000", "households": 25, "people": "86", "needs": "Kami sangat membutuhkan beras 500 kg, minyak goreng, sabun mandi, rinso, minyak tanah,dan terpal.\r\nKami sangat membutuhkan bantuan logistik bahan makanan?", "reporter": "Kanisius Beo", "contact": "81353625414", "photo": "f5d1e40f408bcf0f86fc4d08742b6e6c.jpg", "status": "Belum Ditangani", "notes": "" }, "geometry": { "type": "Point", "coordinates": [ 121.121389, -8.862899 ] } },
{ "type": "Feature", "properties": { "region": "Desa Bela Kecamatan Mauponggo Kabupaten Nagekeo Provinsi Nusa tenggara Timur", "location": "RT/RW 001/000", "households": 25, "people": "86", "needs": "Kami sangat membutuhkan beras 500 kg, minyak goreng, sabun mandi, rinso, minyak tanah,dan terpal.\r\nKami sangat membutuhkan bantuan logistik bahan makanan?", "reporter": "Kanisius Beo", "contact": "81353625414", "photo": "f5d1e40f408bcf0f86fc4d08742b6e6c.jpg", "status": "Belum Ditangani", "notes": "" }, "geometry": { "type": "Point", "coordinates": [ 121.121389, -8.862899 ] } },
{ "type": "Feature", "properties": { "region": "Desa Bela Kecamatan Mauponggo Kabupaten Nagekeo Provinsi Nusa tenggara Timur", "location": "RT/RW 001/000", "households": 25, "people": "86", "needs": "Kami sangat membutuhkan beras 500 kg, minyak goreng, sabun mandi, rinso, minyak tanah,dan terpal.\r\nKami sangat membutuhkan bantuan logistik bahan makanan?", "reporter": "Kanisius Beo", "contact": "81353625414", "photo": "19a04b5dc8f5fe93534b937a94c9d727.jpg", "status": "Belum Ditangani", "notes": "" }, "geometry": { "type": "Point", "coordinates": [ 121.121389, -8.862899 ] } },
{ "type": "Feature", "properties": { "region": "Desa Bela Kecamatan Mauponggo Kabupaten Nagekeo Provinsi Nusa tenggara Timur", "location": "RT/RW 001/000", "households": 25, "people": "86", "needs": "Kami sangat membutuhkan beras 500 kg, minyak goreng, sabun mandi, rinso, minyak tanah,dan terpal.\r\nKami sangat membutuhkan bantuan logistik bahan makanan?", "reporter": "Kanisius Beo", "contact": "81353625414", "photo": "c3dac81805abdabbaf8d83d0cb7aa62c.jpg", "status": "Belum Ditangani", "notes": "" }, "geometry": { "type": "Point", "coordinates": [ 121.121389, -8.862899 ] } },
{ "type": "Feature", "properties": { "region": "Desa Bela Kecamatan Mauponggo Kabupaten Nagekeo Provinsi Nusa tenggara Timur", "location": "RT/RW 001/000", "households": 25, "people": "86", "needs": "Kami sangat membutuhkan beras 500 kg, minyak goreng, sabun mandi, rinso, minyak tanah,dan terpal.\r\nKami sangat membutuhkan bantuan logistik bahan makanan?", "reporter": "Kanisius Beo", "contact": "81353625414", "photo": "a0e958f3455ea83387ee349baeea82cc.jpg", "status": "Belum Ditangani", "notes": "" }, "geometry": { "type": "Point", "coordinates": [ 121.121389, -8.862899 ] } },
{ "type": "Feature", "properties": { "region": "Kabupaten manggarai", "location": "Kabupaten manggarai, kec. Cibal Barat, desa golo lanak, kampung Gurung", "households": 10, "people": "24", "needs": "Kebutuhan beras, minyak,telur, peralatan mandi,deterjen dan obat-obatan", "reporter": "Saff", "contact": "81806701783", "photo": "e74c3decede4b179db027e923fc7fb8e.jpg", "status": "Belum Ditangani", "notes": "" }, "geometry": { "type": "Point", "coordinates": [ 120.417811, -8.4293807 ] } },
{ "type": "Feature", "properties": { "region": "KAMPUNG, RII RT 008 DESA BEO RAHONG", "location": "DESA, BOE RAHONG RT 08, KECAMATAN RUTENG", "households": 14, "people": "50", "needs": "BUTUH BERAS 100 KG, OBAT-OBATAN DAN AIR MINUM BERSIH, SELIMUT", "reporter": "Robertus Purwanto", "contact": "81255692024", "photo": "c057608b11c47c35f68a2723d57767be.jpg", "status": "Belum Ditangani", "notes": "" }, "geometry": { "type": "Point", "coordinates": [ 120.391742, -8.575666 ] } },
{ "type": "Feature", "properties": { "region": "Manggarai Barat", "location": "Paurundang Desa Watu Manggar kecamatan macang pacar", "households": 2, "people": "6", "needs": "Butuh beras 100 kg selimut dan pakaian", "reporter": "Siprianus Jehardianto", "contact": "81236584962", "photo": "07e8ed84f1b3ddc3d4c04fe3b5bfe6ec.jpg", "status": "Belum Ditangani", "notes": "" }, "geometry": { "type": "Point", "coordinates": [ 120.190395, -8.416531 ] } },
{ "type": "Feature", "properties": { "region": "Manggarai Barat", "location": "Paurundang Desa Watu Manggar kecamatan macang pacar", "households": 2, "people": "6", "needs": "Butuh beras 100 kg selimut dan pakaian", "reporter": "Siprianus Jehardianto", "contact": "81236584962", "photo": "31699c2c8c4d8222e3e34ebaf596150e.jpg", "status": "Belum Ditangani", "notes": "" }, "geometry": { "type": "Point", "coordinates": [ 120.190395, -8.416531 ] } },
{ "type": "Feature", "properties": { "region": "RUTENG,MANGGARAI", "location": "Leda, Kelurahan Bangka Leda, RT.003 RW.001. Kecamatan Langke Rembong.JLN Gaspar Ehok", "households": 2, "people": "10", "needs": "50 Kg, telur dan indomie", "reporter": "Candra Parut", "contact": "+62 813-3297-1895", "photo": "9c1f46d8b70b25ee0473e44238c7da26.jpg", "status": "Belum Ditangani", "notes": "" }, "geometry": { "type": "Point", "coordinates": [ 120.449982, -8.608091 ] } },
{ "type": "Feature", "properties": { "region": "Desa mendo", "location": "Dusun Taga RT 06/01", "households": 150, "people": "620", "needs": "Bantuan beras, sembako dan peralatan tenda lainya", "reporter": "Gordi kanar", "contact": "82146742151", "photo": "3ca04887975973d7a1bd3060bfdafdb6.jpg", "status": "Belum Ditangani", "notes": "" }, "geometry": { "type": "Point", "coordinates": [ 120.50934, -8.588702 ] } },
{ "type": "Feature", "properties": { "region": "Manggarai Barat", "location": "Paurundang Desa Watu Manggar kecamatan macang pacar", "households": 1, "people": "3", "needs": "Butuh beras 100 kg selimut dan pakaian", "reporter": "Siprianus Jehardianto", "contact": "81236584962", "photo": "6f63f56cd14f1a2a46a0d9272e251aed.jpg", "status": "Belum Ditangani", "notes": "" }, "geometry": { "type": "Point", "coordinates": [ 120.190715, -8.416449 ] } },
{ "type": "Feature", "properties": { "region": "Manggarai Barat", "location": "Paurundang Desa Watu Manggar kecamatan macang pacar", "households": 1, "people": "3", "needs": "Butuh beras 100 kg selimut dan pakaian", "reporter": "Siprianus Jehardianto", "contact": "81236584962", "photo": "eb804f9156866aea07c7a6cd0601a19d.jpg", "status": "Belum Ditangani", "notes": "" }, "geometry": { "type": "Point", "coordinates": [ 120.190715, -8.416449 ] } },
{ "type": "Feature", "properties": { "region": "NTT Flores Manggarai Tengah (Rangkat/Redong)", "location": "NTT Flores Manggarai Tengah\r\nKec. Langke Rembong", "households": 3, "people": "4", "needs": "Kami membutuhkan papan tripleks,semen,pasir,batako", "reporter": "Julia Maria Madur", "contact": "85954740615", "photo": "b5dc0ec4b7b7d82be7e1cd05e9b1ec12.png", "status": "Belum Ditangani", "notes": "" }, "geometry": { "type": "Point", "coordinates": [ 120.465732, -8.611208 ] } },
{ "type": "Feature", "properties": { "region": "NTT Flores Manggarai Tengah (Rangkat/Redong)", "location": "NTT Flores Manggarai Tengah\r\nKec. Langke Rembong", "households": 3, "people": "4", "needs": "Kami membutuhkan papan tripleks,semen,pasir,batako", "reporter": "Julia Maria Madur", "contact": "85954740615", "photo": "1c98e13f3f961f49fe75e8b25f0185d2.png", "status": "Belum Ditangani", "notes": "" }, "geometry": { "type": "Point", "coordinates": [ 120.465732, -8.611208 ] } },
{ "type": "Feature", "properties": { "region": "Ka-sama kelurahan wali, kecamatan Langke Rembong. Ruteng, Manggarai Nusa Tenggara Timur", "location": "Ka-sama kelurahan wali, kecamatan Langke Rembong. Ruteng, Manggarai Nusa Tenggara Timur", "households": 1, "people": "4", "needs": "Ada seorang Nenek dan 3 orang cucunya Butuh pendampingan. Trauma karena rumah retak. Mereka takut untuk masuk rumah.", "reporter": "Fransiskus Jelahu", "contact": "Fransiskus Jelahu", "photo": "b4ad6ff6734f1fbd942c43c102952423.jpeg", "status": "Belum Ditangani", "notes": "" }, "geometry": { "type": "Point", "coordinates": [ 120.473328, -8.608179 ] } },
{ "type": "Feature", "properties": { "region": "Bajawa utara", "location": "Dusun kisanata, desa INELIKA kecamatan Bajawa utara kabupaten ngada", "households": 1, "people": "10", "needs": "Beras, telur dan mie", "reporter": "FILIPUS RIKARDUS NAHAK", "contact": "82145163343", "photo": "594ec8972a10b4dee7fe8d9e994870c1.png", "status": "Belum Ditangani", "notes": "" }, "geometry": { "type": "Point", "coordinates": [ 120.970411, -8.788734 ] } },
{ "type": "Feature", "properties": { "region": "Manggarai Barat", "location": "Paurundang Desa Watu Manggar kecamatan macang pacar", "households": 1, "people": "2", "needs": "Butuh beras 100 kg selimut dan pakaian", "reporter": "Siprianus Jehardianto", "contact": "81236584962", "photo": "c58f0b9674c7bf7c46554eccdfca29b6.jpg", "status": "Belum Ditangani", "notes": "" }, "geometry": { "type": "Point", "coordinates": [ 120.19036, -8.415964 ] } },
{ "type": "Feature", "properties": { "region": "Manggarai Barat", "location": "Paurundang Desa Watu Manggar kecamatan macang pacar", "households": 1, "people": "2", "needs": "Butuh beras 100 kg selimut dan pakaian", "reporter": "Siprianus Jehardianto", "contact": "81236584962", "photo": "b6fa5f76688205d9bd65cfad43ef9615.jpg", "status": "Belum Ditangani", "notes": "" }, "geometry": { "type": "Point", "coordinates": [ 120.19036, -8.415964 ] } },
{ "type": "Feature", "properties": { "region": "Manggarai Barat", "location": "Paurundang Desa Watu Manggar kecamatan macang pacar", "households": 1, "people": "2", "needs": "Butuh beras 100 kg selimut dan pakaian", "reporter": "Siprianus Jehardianto", "contact": "81236584962", "photo": "8b530ac18d863241fd5816c682c2e845.jpg", "status": "Belum Ditangani", "notes": "" }, "geometry": { "type": "Point", "coordinates": [ 120.19036, -8.415964 ] } },
{ "type": "Feature", "properties": { "region": "Manggarai Barat", "location": "Paurundang Desa Watu Manggar kecamatan macang pacar", "households": 1, "people": "2", "needs": "Butuh beras 100 kg selimut dan pakaian", "reporter": "Siprianus Jehardianto", "contact": "81236584962", "photo": "1f63ee0b895faa3e5c26742fa8d5044f.jpg", "status": "Belum Ditangani", "notes": "" }, "geometry": { "type": "Point", "coordinates": [ 120.19036, -8.415964 ] } },
{ "type": "Feature", "properties": { "region": "Manggarai Barat", "location": "Paurundang Desa Watu Manggar kecamatan macang pacar", "households": 1, "people": "2", "needs": "Butuh beras 100 kg selimut dan pakaian", "reporter": "Siprianus Jehardianto", "contact": "81236584962", "photo": "a204365012c3acfff6d803c802fa0dd0.jpg", "status": "Belum Ditangani", "notes": "" }, "geometry": { "type": "Point", "coordinates": [ 120.19036, -8.415964 ] } },
{ "type": "Feature", "properties": { "region": "Nggorang, Bajak, Reok, Manggarai, Nusa Tenggara Timur", "location": "Jln. Ruteng-Reo, depan gereja stasi Nggorang", "households": 1, "people": "2", "needs": "Makanan dan tenda darurat serta obat obatan", "reporter": "Geraldus S. C. Cempang", "contact": "81353217692", "photo": "2e6b23f22fa5322671ac764307878c13.jpeg", "status": "Belum Ditangani", "notes": "" }, "geometry": { "type": "Point", "coordinates": [ 120.473864, -8.364866 ] } },
{ "type": "Feature", "properties": { "region": "Rehes", "location": "Desa Gurung Liwut, Kecamatan Borong, Kabupaten Manggarai Timur, Provinsi Nusa Tenggara Timur", "households": 2, "people": "8", "needs": "Beras 50 kg dan selimut", "reporter": "Hendrikus Rubat", "contact": "0812-3620-9924", "photo": "8ec0526f87cf45e8a86e0fde05cd006c.jpg", "status": "Belum Ditangani", "notes": "" }, "geometry": { "type": "Point", "coordinates": [ 120.620079, -8.693736 ] } },
{ "type": "Feature", "properties": { "region": "Rehes", "location": "Desa Gurung Liwut, Kecamatan Borong, Kabupaten Manggarai Timur, Provinsi Nusa Tenggara Timur", "households": 2, "people": "8", "needs": "Beras 50 kg dan selimut", "reporter": "Hendrikus Rubat", "contact": "0812-3620-9924", "photo": "77df4ea67129500a7db8d1a02e966d67.jpg", "status": "Belum Ditangani", "notes": "" }, "geometry": { "type": "Point", "coordinates": [ 120.620079, -8.693736 ] } },
{ "type": "Feature", "properties": { "region": "Rehes", "location": "Desa Gurung Liwut, Kecamatan Borong, Kabupaten Manggarai Timur, Provinsi Nusa Tenggara Timur", "households": 2, "people": "8", "needs": "Beras 50 kg dan selimut", "reporter": "Hendrikus Rubat", "contact": "0812-3620-9924", "photo": "228f6445f027ed5aa4a0d7512c6c6608.jpg", "status": "Belum Ditangani", "notes": "" }, "geometry": { "type": "Point", "coordinates": [ 120.620079, -8.693736 ] } },
{ "type": "Feature", "properties": { "region": "Rehes", "location": "Rehes, Desa Gurung Liwut, Kecematan Borong, Kabupaten Manggarai Timur, Provinsi Nusa Tenggara Timur", "households": 2, "people": "8", "needs": "Beras 50 kg dan selimut", "reporter": "Hendrikus Rubat", "contact": "0812-3620-9924", "photo": "95f26c7f9c2f5d8c6a41baa1e1a3a1ed.jpg", "status": "Belum Ditangani", "notes": "" }, "geometry": { "type": "Point", "coordinates": [ 120.620079, -8.693736 ] } },
{ "type": "Feature", "properties": { "region": "Manggarai", "location": "Manggarai tengah, kecamatan lelak,\r\nDesa Bangka lelak \r\nKampung pedek", "households": 6, "people": "6", "needs": "Beras 50 kg dan sembako lainya", "reporter": "Yohanes danggur", "contact": "87885106300", "photo": "a8f3eae5fb2a58974a87f966dd60f608.jpg", "status": "Belum Ditangani", "notes": "" }, "geometry": { "type": "Point", "coordinates": [ 119.998248, -8.560604 ] } },
{ "type": "Feature", "properties": { "region": "Manggarai", "location": "Manggarai tengah, kecamatan lelak,\r\nDesa Bangka lelak \r\nKampung pedek", "households": 6, "people": "6", "needs": "Beras 50 kg dan sembako lainya", "reporter": "Yohanes danggur", "contact": "87885106300", "photo": "344e5cbbd5e22dc95a931830c02df8a9.jpg", "status": "Belum Ditangani", "notes": "" }, "geometry": { "type": "Point", "coordinates": [ 119.998248, -8.560604 ] } },
{ "type": "Feature", "properties": { "region": "Maumbawa", "location": "Maumbawa, Desa Kezewea Kecamatan Golewa selatan Kabupaten Ngada", "households": 5, "people": "17", "needs": "Beras 20 kg, selimut dan minuman", "reporter": "Wahyu Nusantara", "contact": "81213232718", "photo": "408f93d4132033b293adc7fbdf119ee2.jpg", "status": "Belum Ditangani", "notes": "" }, "geometry": { "type": "Point", "coordinates": [ 121.136477, -8.898237 ] } },
{ "type": "Feature", "properties": { "region": "Lagar", "location": "Desa Cumbi, Kecamatan Ruteng, Kabupaten Manggarai, Nusa Tenggara Timur", "households": 1, "people": "4", "needs": "Beras, air minum, selimut, terpal, pakaian, perlengkapan mandi, obat-obatan/P3K, dan kebutuhan makanan siap saji.", "reporter": "Ica Jenudin", "contact": "+62 851-2414-1064", "photo": "ff1c6f3f4883a92630404e62d0280e1a.jpg", "status": "Belum Ditangani", "notes": "" }, "geometry": { "type": "Point", "coordinates": [ 120.413, -8.614774 ] } },
{ "type": "Feature", "properties": { "region": "Maumbawa", "location": "Maumbawa, Desa Kezewea Kecamatan Golewa selatan Kabupaten Ngada", "households": 5, "people": "17", "needs": "Beras 20 kg, selimut dan minuman", "reporter": "Wahyu Nusantara", "contact": "81213232718", "photo": "1d511cb5cdb3fd9ffaaaac493fc7fe68.jpg", "status": "Belum Ditangani", "notes": "" }, "geometry": { "type": "Point", "coordinates": [ 121.136495, -8.898284 ] } },
{ "type": "Feature", "properties": { "region": "Lagar", "location": "Desa Cumbi, Kecamatan Ruteng, Kabupaten Manggarai, Nusa Tenggara Timur", "households": 4, "people": "4", "needs": "Beras, air minum, selimut, terpal, pakaian, perlengkapan mandi, obat-obatan/P3K, dan kebutuhan makanan siap saji.", "reporter": "Ica Jenudin", "contact": "+62 851-2414-1064", "photo": "91fe740908b7bbe6acf8e9233fb67aad.jpg", "status": "Belum Ditangani", "notes": "" }, "geometry": { "type": "Point", "coordinates": [ 120.413, -8.614774 ] } },
{ "type": "Feature", "properties": { "region": "Manggarai", "location": "RT 1, RW 2 Konggang, Kel. Waso", "households": 1, "people": "3", "needs": "Semen", "reporter": "Yosefianus Diharjo", "contact": "81239813669", "photo": "cdc03fd473f25bac2affa300a33e74cd.jpeg", "status": "Belum Ditangani", "notes": "" }, "geometry": { "type": "Point", "coordinates": [ 120.456505, -8.621417 ] } },
{ "type": "Feature", "properties": { "region": "Lagar", "location": "Desa Cumbi, Kecamatan Ruteng, Kabupaten Manggarai, Nusa Tenggara Timur", "households": 4, "people": "4", "needs": "beras, air minum, selimut, pakaian, perlengkapan mandi, makanan siap saji, dan obat-obatan/P3K.”", "reporter": "Ica Jenudin", "contact": "+62 851-2414-1064", "photo": "3f1ed22fd32b0d2b24050913418b4b8e.jpg", "status": "Belum Ditangani", "notes": "" }, "geometry": { "type": "Point", "coordinates": [ 120.413, -8.614774 ] } },
{ "type": "Feature", "properties": { "region": "Rahong Utara Desa Dimpong", "location": "Kabupaten Manggarai, kecamatan Rahong Utara,Desa Dimpong", "households": 100, "people": "500", "needs": "Butuh Beras", "reporter": "Agustinus Nagur", "contact": "81247111922", "photo": "7d5b43313b50bf03e9a9cc8855f16063.jpg", "status": "Belum Ditangani", "notes": "" }, "geometry": { "type": "Point", "coordinates": [ 120.717773, -8.563097 ] } },
{ "type": "Feature", "properties": { "region": "Manggarai", "location": "Peso pagal.manggarai NTT", "households": 1, "people": "4", "needs": "Beras ,selimut dll", "reporter": "Josh Sua", "contact": "8124237669", "photo": "d33b091afa297ee1ef2af7fa00f563c7.jpg", "status": "Belum Ditangani", "notes": "" }, "geometry": { "type": "Point", "coordinates": [ 120.459702, -8.524263 ] } },
{ "type": "Feature", "properties": { "region": "Pateng", "location": "Pateng Desa Lewat kec. Macang Pacar Manggarai Barat", "households": 1, "people": "5", "needs": "Butuh biaya untuk Rehap", "reporter": "Walter Palma Jong Harum", "contact": "81237323007", "photo": "2c03af9b005b518a9f1febf66f603ea6.jpg", "status": "Belum Ditangani", "notes": "" }, "geometry": { "type": "Point", "coordinates": [ 120.009155, -8.544603 ] } },
{ "type": "Feature", "properties": { "region": "manggarai", "location": "Rangkat, kelurahan watu,kec.langke rembong,kabupaten manggarai", "households": 1, "people": "5", "needs": "Beras 50kg, selimut, bahan sembako", "reporter": "Fransiskus sales lega", "contact": "82144365601", "photo": "b6310b0b703110f1288da45861ab3977.jpg", "status": "Belum Ditangani", "notes": "" }, "geometry": { "type": "Point", "coordinates": [ 120.471367, -8.623782 ] } },
{ "type": "Feature", "properties": { "region": "Rehes", "location": "Desa Gurung Liwut, Kecamatan Borong, Kabupaten Manggarai Timur, Provinsi Nusa Tenggara Timur", "households": 2, "people": "8", "needs": "Beras 50 kg dan selimut", "reporter": "Hendrikus Rubat", "contact": "0812-3620-9924", "photo": "6ef2f97cd4dda0a886b6e6c10c32b624.jpg", "status": "Belum Ditangani", "notes": "" }, "geometry": { "type": "Point", "coordinates": [ 120.470403, -8.611569 ] } },
{ "type": "Feature", "properties": { "region": "Manggarai Barat", "location": "Paurundang Desa Watu Manggar kecamatan macang pacar", "households": 2, "people": "5", "needs": "Butuh beras 100 kg selimut dan pakaian", "reporter": "Siprianus Jehardianto", "contact": "81236584962", "photo": "ba96fc906de7bc18282ecf1015d9dc63.jpg", "status": "Belum Ditangani", "notes": "" }, "geometry": { "type": "Point", "coordinates": [ 120.191022, -8.41619 ] } },
{ "type": "Feature", "properties": { "region": "Nagekeo, Mauponggo desa woewolo", "location": "Kabupaten Nagekeo, kecamatan Mauponggo,desa woewolo", "households": 1, "people": "5", "needs": "Butuh beras", "reporter": "Antonius Busa", "contact": "81236113557", "photo": "056e237e9937178ea623c045d36374d6.jpg", "status": "Belum Ditangani", "notes": "" }, "geometry": { "type": "Point", "coordinates": [ 121.225617, -8.83739 ] } },
{ "type": "Feature", "properties": { "region": "Manggarai Barat", "location": "Paurundang Desa Watu Manggar kecamatan macang pacar", "households": 1, "people": "4", "needs": "Butuh beras 100 kg selimut dan pakaian", "reporter": "Siprianus Jehardianto", "contact": "81236584962", "photo": "dc1ad764d8c3f50da14927a9feb9d84f.jpg", "status": "Belum Ditangani", "notes": "" }, "geometry": { "type": "Point", "coordinates": [ 120.190651, -8.416108 ] } },
{ "type": "Feature", "properties": { "region": "Manggarai Barat", "location": "Paurundang Desa Watu Manggar", "households": 1, "people": "3", "needs": "Butuh beras 100 kg selimut dan pakaian", "reporter": "Siprianus Jehardianto", "contact": "81236584962", "photo": "a9581d045f29402da7a19712fe9c0a51.jpg", "status": "Belum Ditangani", "notes": "" }, "geometry": { "type": "Point", "coordinates": [ 120.190402, -8.415979 ] } },
{ "type": "Feature", "properties": { "region": "Manggarai raya", "location": "Carep RT 004/002 kelurahan compang carep.kec Langke Rembong", "households": 1, "people": "5", "needs": "Beras 50kg,selimut 3 pcs,obat obatan.", "reporter": "Stanislaus dagur", "contact": "81236492196", "photo": "6e2d37e11508e3c8fd239fd4945bc16f.jpg", "status": "Belum Ditangani", "notes": "" }, "geometry": { "type": "Point", "coordinates": [ 120.4904931, -8.6182749 ] } },
{ "type": "Feature", "properties": { "region": "Boamaso, desa labolewa kab. Nagekeo", "location": "Boamaso, desa labolewa , rt 13,kec. Aesesa, kab. Nagekeo", "households": 6, "people": "5", "needs": "Beras, selimut, mie, telur", "reporter": "severinus lara", "contact": "81338769615", "photo": "1ee8ef8fd738db02e104b9c8c9a36d2a.jpg", "status": "Belum Ditangani", "notes": "" }, "geometry": { "type": "Point", "coordinates": [ 120.800171, -8.777316 ] } },
{ "type": "Feature", "properties": { "region": "Nagekeo", "location": "Watukesu gang 3", "households": 3, "people": "29 orang", "needs": "", "reporter": "Ellys Elisabeth deku wea", "contact": "82147421165", "photo": "", "status": "Belum Ditangani", "notes": "" }, "geometry": { "type": "Point", "coordinates": [ 121.275864, -8.566657 ] } },
{ "type": "Feature", "properties": { "region": "Nagekeo", "location": "Watukesu kelurahan danga", "households": 3, "people": "20", "needs": "Beras, air minum.", "reporter": "Ellys Elisabeth deku wea", "contact": "82147421165", "photo": "2b36b8eaf3667bfdae4c16e4d268b76a.jpg", "status": "Belum Ditangani", "notes": "" }, "geometry": { "type": "Point", "coordinates": [ 121.275864, -8.566657 ] } },
{ "type": "Feature", "properties": { "region": "Mbay", "location": "Rt.027 Desa Aeramo Mbay Nagekeo Nusa Tenggara Timur", "households": 1, "people": "3", "needs": "Beras Obat Pakyan makanan", "reporter": "Yulius Dando", "contact": "82225627124", "photo": "c30f415112138a9c73625ddce4edb5fb.jpg", "status": "Belum Ditangani", "notes": "" }, "geometry": { "type": "Point", "coordinates": [ 121.26297, -8.548608 ] } },
{ "type": "Feature", "properties": { "region": "Watu, Desa Golo Wuas Kec Elar Selatan", "location": "", "households": 100, "people": "", "needs": "Butuh beras 100kg,selimut,dan lampu untuk penerangan karena dilokasi listriknya masih padam", "reporter": "Elusabet Sereng", "contact": "81225171123", "photo": "", "status": "Belum Ditangani", "notes": "" }, "geometry": { "type": "Point", "coordinates": [ 120.706146, -8.604664 ] } },
{ "type": "Feature", "properties": { "region": "LANGKAS", "location": "Langkas,Desa paralando kec.Reok barat", "households": 1, "people": "4", "needs": "Sembako Dan Lain&quot;", "reporter": "MARWIA", "contact": "82139961601", "photo": "b8a56bbf57fd1d419031b94c1de6f766.jpeg", "status": "Belum Ditangani", "notes": "" }, "geometry": { "type": "Point", "coordinates": [ 120.351191, -8.298895 ] } },
{ "type": "Feature", "properties": { "region": "Manggarai Tengah", "location": "Alamat:Kampung Ngeri\r\nRt/Rw :003/001\r\nDesa :Ndehes\r\nKecamatan:Wae Ri,i", "households": 1, "people": "5 Jiwa", "needs": "Kami membutuhkan peralatan rumah tangga serta perlengkapan atau bahan untuk renovasi Rumah", "reporter": "Helena Viani Sifa", "contact": "Wa:082236362517", "photo": "a6987e1f407952a7728039d8acae9b1a.jpg", "status": "Belum Ditangani", "notes": "" }, "geometry": { "type": "Point", "coordinates": [ 120.482335, -8.561355 ] } },
{ "type": "Feature", "properties": { "region": "Nusa Tenggara Timur", "location": "RT. 027 Desa Aeramo Kecamatan Aeses Kabupaten Nagekeo", "households": 1, "people": "4", "needs": "", "reporter": "Yulius Dando", "contact": "82225627124", "photo": "62b9fd4abff6b78b5adf4893ae304359.jpg", "status": "Belum Ditangani", "notes": "" }, "geometry": { "type": "Point", "coordinates": [ 121.276703, -8.678744 ] } },
{ "type": "Feature", "properties": { "region": "Nusa Tenggara Timur", "location": "RT. 027 Desa Aeramo Kecamatan Aeses Kabupaten Nagekeo", "households": 1, "people": "4", "needs": "", "reporter": "Yulius Dando", "contact": "82225627124", "photo": "daaa58c36a2bcc9753d9fab2682c514e.jpg", "status": "Belum Ditangani", "notes": "" }, "geometry": { "type": "Point", "coordinates": [ 121.276703, -8.678744 ] } },
{ "type": "Feature", "properties": { "region": "Puusambi Jurusan Ndona RT/RW 001/001 desa nanganesa Kecamatan Ndona Kabupaten Ende", "location": "Setelah Cabang Ke SD Ndona 5 Tempat mengungsi di rumah bapak Mikhael Malu", "households": 5, "people": "26", "needs": "Beras 50 KG, Bahan makanan Pokok , Sembako alat mandi Selimut air minum", "reporter": "Sediska Pudji", "contact": "81237357745", "photo": "9985d8c807051797d0b30ab155c6d595.jpeg", "status": "Belum Ditangani", "notes": "" }, "geometry": { "type": "Point", "coordinates": [ 121.698561, -8.833085 ] } },
{ "type": "Feature", "properties": { "region": "Macing, Kec. Wae Ri'i, Kab.Manggarai, Prov. Nusa Tenggara Timur", "location": "Ru'a, Desa. Golo Watu, RT/RW:003/001, Kec. Wae Ri'i, Kab.Manggarai, Provinsi. Nusa Tenggara Timur", "households": 1, "people": "3 orang", "needs": "Beras 50kg, Air Bersih, Makanan cepat saji, pakaian", "reporter": "Deodatus Yogi Dimero", "contact": "81238894741", "photo": "effa99caecb8e3ef3a7a027d458d5e86.jpg", "status": "Belum Ditangani", "notes": "" }, "geometry": { "type": "Point", "coordinates": [ 120.448115, -8.567982 ] } },
{ "type": "Feature", "properties": { "region": "Macing, Kec. Wae Ri'i, Kab.Manggarai, Prov. Nusa Tenggara Timur", "location": "Ru'a, Desa. Golo Watu, RT/RW:003/001, Kec. Wae Ri'i, Kab.Manggarai, Provinsi. Nusa Tenggara Timur", "households": 1, "people": "3 orang", "needs": "Beras 50kg, Air Bersih, Makanan cepat saji, pakaian", "reporter": "Deodatus Yogi Dimero", "contact": "81238894741", "photo": "1f918940cc69c596353abdcbe0352782.jpg", "status": "Belum Ditangani", "notes": "" }, "geometry": { "type": "Point", "coordinates": [ 120.448115, -8.567982 ] } },
{ "type": "Feature", "properties": { "region": "Macing, Kec. Wae Ri'i, Kab.Manggarai, Prov. Nusa Tenggara Timur", "location": "Ru'a, Desa. Golo Watu, RT/RW:003/001, Kec. Wae Ri'i, Kab.Manggarai, Provinsi. Nusa Tenggara Timur", "households": 1, "people": "3 orang", "needs": "Beras 50kg, Air Bersih, Makanan cepat saji, pakaian", "reporter": "Deodatus Yogi Dimero", "contact": "81238894741", "photo": "a8029df5f40c45672479dbc41bc41c19.jpg", "status": "Belum Ditangani", "notes": "" }, "geometry": { "type": "Point", "coordinates": [ 120.448115, -8.567982 ] } },
{ "type": "Feature", "properties": { "region": "Manggarai Barat", "location": "Paurundang Desa Watu Manggar kecamatan macang pacar", "households": 1, "people": "3", "needs": "Butuh beras 100 kg selimut dan pakaian", "reporter": "Siprianus Jehardianto", "contact": "81236584962", "photo": "5416e818f5814c2bc2e3275cd1daf7f6.jpg", "status": "Belum Ditangani", "notes": "" }, "geometry": { "type": "Point", "coordinates": [ 120.190438, -8.416016 ] } },
{ "type": "Feature", "properties": { "region": "Manggarai Barat", "location": "Paurundang Desa Watu Manggar kecamatan macang pacar", "households": 1, "people": "3", "needs": "Butuh beras 100 kg selimut dan pakaian", "reporter": "Siprianus Jehardianto", "contact": "81236584962", "photo": "79202a6cad32f826b17e31b9fef1dfd4.jpg", "status": "Belum Ditangani", "notes": "" }, "geometry": { "type": "Point", "coordinates": [ 120.190438, -8.416016 ] } },
{ "type": "Feature", "properties": { "region": "Manggarai Barat", "location": "Paurundang Desa Watu Manggar kecamatan macang pacar", "households": 1, "people": "3", "needs": "Butuh beras 100 kg selimut dan pakaian", "reporter": "Siprianus Jehardianto", "contact": "81236584962", "photo": "850dcccaf9e7510bfa2fd3ecb4531912.jpg", "status": "Belum Ditangani", "notes": "" }, "geometry": { "type": "Point", "coordinates": [ 120.190438, -8.416016 ] } },
{ "type": "Feature", "properties": { "region": "Manggarai Barat", "location": "Paurundang Desa Watu Manggar kecamatan macang pacar", "households": 1, "people": "3", "needs": "Butuh beras 100 kg selimut dan pakaian", "reporter": "Siprianus Jehardianto", "contact": "81236584962", "photo": "bd553eacdd1732cc60c3968eaee45df1.jpg", "status": "Belum Ditangani", "notes": "" }, "geometry": { "type": "Point", "coordinates": [ 120.190438, -8.416016 ] } },
{ "type": "Feature", "properties": { "region": "Kabupaten manggarai", "location": "Kabupaten manggarai.\r\n\r\nKecamatan;ruteng\r\nDesa;belang turi.\r\nRt,016,\r\nRw.08", "households": 10, "people": "35", "needs": "Makanan cepat saji..beras.selimut..", "reporter": "Krispinus banggur", "contact": "81237754013", "photo": "a64c5030ec097a533b6d6d0c99a6cf5e.jpg", "status": "Belum Ditangani", "notes": "" }, "geometry": { "type": "Point", "coordinates": [ 120.357052, -8.59303 ] } },
{ "type": "Feature", "properties": { "region": "Manggarai", "location": "Kec. lanke rembong kel.banka Leda", "households": 1, "people": "5", "needs": "Tenda, beras,lampu,obat,tikar,telur,", "reporter": "Fransiskus Sales Damai", "contact": "82145403225", "photo": "9560afecab65c283ca26006edecf0178.jpg", "status": "Belum Ditangani", "notes": "" }, "geometry": { "type": "Point", "coordinates": [ 120.44391, -8.613785 ] } },
{ "type": "Feature", "properties": { "region": "Manggarai", "location": "Kec. lanke rembong kel.banka Leda", "households": 1, "people": "5", "needs": "Tenda, beras,lampu,obat,tikar,telur,", "reporter": "Fransiskus Sales Damai", "contact": "82145403225", "photo": "26b5abd7b96ff220a06a37adab344974.jpg", "status": "Belum Ditangani", "notes": "" }, "geometry": { "type": "Point", "coordinates": [ 120.44391, -8.613785 ] } },
{ "type": "Feature", "properties": { "region": "Danga, Mbay", "location": "Pada Rt 042, Kelurahan Danga Kecamatan Aesesa Kabupaten Nagekeo", "households": 2, "people": "5", "needs": "Butuh Beras 50kg, minyak Goreng, telur, Susu Balita usia 4 Tahun, Pembalut,senter, obat obatan", "reporter": "Maria Estela Toda", "contact": "82145073871", "photo": "bbdac2109cc460d0d2fe08a078d73933.jpg", "status": "Belum Ditangani", "notes": "" }, "geometry": { "type": "Point", "coordinates": [ 121.257961, -8.587892 ] } },
{ "type": "Feature", "properties": { "region": "Manggarai", "location": "bung desa bulan kecamatan ruteng", "households": 7, "people": "22 jiwa", "needs": "• Beras: 60 kg\r\n• Papan telur: 2\r\n• Mie: 2 dos\r\n• Sabun mandi:10\r\n• Rinso:10\r\n• Sikat gigi:22\r\n• Odol:4\r\n• Tenda: 1\r\n• Selimut: 10&quot;", "reporter": "iren", "contact": "81287966749", "photo": "9250da52f3e9d0f59e745fc2c20bccd7.jpg", "status": "Belum Ditangani", "notes": "" }, "geometry": { "type": "Point", "coordinates": [ 120.362605, -8.636938 ] } },
{ "type": "Feature", "properties": { "region": "Ende", "location": "Kabupaten ende,kota ende kecamatan ende timur lorong brimob", "households": 4, "people": "14", "needs": "* Beras\r\n* Minyak goreng\r\n* Pampers bayi\r\n* Mie instan\r\n* Susu", "reporter": "Wilhelmina Dede", "contact": "81239415420", "photo": "fee42c55d2f58f235cf92120dc69589d.jpg", "status": "Belum Ditangani", "notes": "" }, "geometry": { "type": "Point", "coordinates": [ 121.676284, -8.838776 ] } },
{ "type": "Feature", "properties": { "region": "Manggarai Timur kecamatan Rana mese", "location": "Maras Desa Golo Loni", "households": 6, "people": "6", "needs": "Beras dan selimut", "reporter": "Valeriani Ratna Wati Besdon", "contact": "81283335071", "photo": "5027b32ab9cb49af5d3b43a3c81fd8b4.jpg", "status": "Belum Ditangani", "notes": "" }, "geometry": { "type": "Point", "coordinates": [ 120.679836, -8.552184 ] } },
{ "type": "Feature", "properties": { "region": "manggarai NTT", "location": "desa goloworok kecamatan ruteng kabupaten manggarai propinsi NTT", "households": 1, "people": "4", "needs": "beras dan sembako", "reporter": "BENEDIKTUS IRWANTO KAMA", "contact": "81278063874", "photo": "d40fd621c2518a764dff68ebb6e3c8e4.jpg", "status": "Belum Ditangani", "notes": "" }, "geometry": { "type": "Point", "coordinates": [ 120.339775, -8.575409 ] } },
{ "type": "Feature", "properties": { "region": "Manggarai Timur kecamatan Rana mese", "location": "Maras Desa Golo Loni", "households": 6, "people": "6", "needs": "Beras dan selimut", "reporter": "Valeriani Ratna Wati Besdon", "contact": "81283335071", "photo": "20e665a798cdb1deb6fc561c8740e9fd.jpg", "status": "Belum Ditangani", "notes": "" }, "geometry": { "type": "Point", "coordinates": [ 120.679836, -8.552184 ] } },
{ "type": "Feature", "properties": { "region": "Kabupaten Manggarai", "location": "Kampung Porong Tedeng, RT 001/RW 002, Desa Coal, Kecamatan Kuwus, Kabupaten Manggarai Barat", "households": 2, "people": "6", "needs": "• Beras 100 kg\r\n• Minyak goreng\r\n• Telur\r\n• Mie instan\r\n• Garam\r\n• Masako\r\n• Makanan ringan\r\n• Obat-obatan\r\n• Air minum bersih\r\n• Sembako lainnya", "reporter": "Alfonsius Sumarno Patut", "contact": "82213200723", "photo": "834ed57476551726236e70010c75057c.jpeg", "status": "Belum Ditangani", "notes": "" }, "geometry": { "type": "Point", "coordinates": [ 120.320656, -8.561963 ] } },
{ "type": "Feature", "properties": { "region": "Kabupaten Manggarai", "location": "Kampung Porong Tedeng, RT 001/RW 002, Desa Coal, Kecamatan Kuwus, Kabupaten Manggarai Barat", "households": 2, "people": "6", "needs": "• Beras 100 kg\r\n• Minyak goreng\r\n• Telur\r\n• Mie instan\r\n• Garam\r\n• Masako\r\n• Makanan ringan\r\n• Obat-obatan\r\n• Air minum bersih\r\n• Sembako lainnya", "reporter": "Alfonsius Sumarno Patut", "contact": "82213200723", "photo": "9ff535176d01cecf64189bc6a1182e27.jpeg", "status": "Belum Ditangani", "notes": "" }, "geometry": { "type": "Point", "coordinates": [ 120.320656, -8.561963 ] } },
{ "type": "Feature", "properties": { "region": "Kab. Manggarai", "location": "Bonar, RT 006 RW 003, Desa Pong Lengor, Kec. Rahong Utara, Kab. Manggarai", "households": 1, "people": "3", "needs": "Butuh Beras 100, Semen, Batu Bata, Selimut, Pasir, Tenda", "reporter": "DOMINIKUS ANGGUR", "contact": "81246209407", "photo": "18907e16e976c53ae18db3e081521a12.jpg", "status": "Belum Ditangani", "notes": "" }, "geometry": { "type": "Point", "coordinates": [ 120.348055, -8.505842 ] } },
{ "type": "Feature", "properties": { "region": "Manggarai", "location": "Leda, Kelurahan Bangka Leda, Kecamatan Langke Rembong, Kabupaten Manggarai", "households": 1, "people": "3", "needs": "Berikut adalah format daftar yang singkat dan jelas:\r\n•   Beras 50 kg\r\n•   Selimut\r\n•   Obat-obatan", "reporter": "Maksimus Edon", "contact": "82132626240", "photo": "efd5b1cd08a6e8f26990640d876241c4.jpeg", "status": "Belum Ditangani", "notes": "" }, "geometry": { "type": "Point", "coordinates": [ 120.461158, -8.623114 ] } },
{ "type": "Feature", "properties": { "region": "MANGGARAI", "location": "Lokasi rumah di Karot,kelurahan Karot, kecamatan Langke Rembong, \r\nkondisi rumah Rusak, belum bisa di tempati, sementara pemilik rumah sudah membuat tenda darurat di Luar rumah\r\n\r\n*Pemilik Rumah Atas Nama : FRANSISKUS SUHENDRA NTELOK", "households": 1, "people": "6", "needs": "1. Beras\r\n2. Air minum\r\n3. kebutuhan pokok lainnya", "reporter": "Yulianus dermawanto Ntelok", "contact": "85222225728", "photo": "686a0aac7156baa2ae9acff18412dbf7.jpg", "status": "Belum Ditangani", "notes": "" }, "geometry": { "type": "Point", "coordinates": [ 120.465597, -8.592353 ] } },
{ "type": "Feature", "properties": { "region": "Ende", "location": "Jl. Samratulangi,Rt/Rw.001/001, kel.Rewarangga Selatan, Kec. Ende Timur", "households": 1, "people": "6", "needs": "Butuh beras 50 kg", "reporter": "Yolandaa", "contact": "85253492356", "photo": "", "status": "Belum Ditangani", "notes": "" }, "geometry": { "type": "Point", "coordinates": [ 121.672211, -8.672772 ] } },
{ "type": "Feature", "properties": { "region": "Kabupaten Manggarai Barat", "location": "Kampung Porong Tedeng, RT 001/RW 002, Desa Coal, Kecamatan Kuwus, Kabupaten Manggarai Barat, Nusa Tenggara Timur", "households": 2, "people": "10", "needs": "Berikut adalah format daftar singkat dan jelas kebutuhan bencana:\r\n\r\n• Terigu 100 kg\r\n• Telur\r\n• Minyak goreng\r\n• Mie instan\r\n• Gula\r\n• Garam\r\n• Masako\r\n• Makanan ringan\r\n• Kebutuhan sembako lainnya\r\n• Air minum bersih 4 dos\r\n• Obat-obatan", "reporter": "Alfonsius Sumarno Patut, S. Par", "contact": "82213200723", "photo": "302beb10086519a14b70619fb790d02b.jpeg", "status": "Belum Ditangani", "notes": "" }, "geometry": { "type": "Point", "coordinates": [ 120.319803, -8.562911 ] } },
{ "type": "Feature", "properties": { "region": "Golo Watu", "location": "Golo watu, RT/RW 007/003", "households": 23, "people": "93", "needs": "Sembako, terpal, tikar, obat nyamuk", "reporter": "Ignasius Janur", "contact": "85338617773", "photo": "d380bec8ef9f070d418d714a4d3a3e04.jpg", "status": "Belum Ditangani", "notes": "" }, "geometry": { "type": "Point", "coordinates": [ 120.447021, -8.559458 ] } },
{ "type": "Feature", "properties": { "region": "Golo Watu", "location": "Golo watu, RT/RW 007/003", "households": 23, "people": "93", "needs": "Sembako, terpal, tikar, obat nyamuk", "reporter": "Ignasius Janur", "contact": "85338617773", "photo": "c6b79a900cb03c974a1db90e708affb7.jpg", "status": "Belum Ditangani", "notes": "" }, "geometry": { "type": "Point", "coordinates": [ 120.447021, -8.559458 ] } },
{ "type": "Feature", "properties": { "region": "Manggarai", "location": "wangko, Desa Golo langkok, Kec.Rahong utara, Kab. Manggarai", "households": 7, "people": "-", "needs": "butuh sembako dan perlengkapan dapur", "reporter": "Geronsius Jerianto Tegor", "contact": "81219494139", "photo": "9d737d285aa104df1a3d1d9724371d5e.jpg", "status": "Belum Ditangani", "notes": "" }, "geometry": { "type": "Point", "coordinates": [ 120.409225, -8.560293 ] } },
{ "type": "Feature", "properties": { "region": "KABUPATEN MANGGARAI", "location": "Desa pong lengor kecamatan Rahong utara", "households": 1, "people": "5", "needs": "Berikut adalah format daftar yang singkat dan jelas berdasarkan teks laporan kebutuhan bencana:\r\n\r\n* Beras\r\n* Obat-obatan\r\n* Terpal dan tenda\r\n* Sembako", "reporter": "Ferdinandus nambut", "contact": "85237068059", "photo": "dec2bd532d0b61b6b418581963cb1777.jpg", "status": "Belum Ditangani", "notes": "" }, "geometry": { "type": "Point", "coordinates": [ 120.350371, -8.504505 ] } },
{ "type": "Feature", "properties": { "region": "KABUPATEN MANGGARAI", "location": "Desa pong lengor kecamatan Rahong utara", "households": 1, "people": "5", "needs": "Berikut adalah format daftar yang singkat dan jelas berdasarkan teks laporan kebutuhan bencana:\r\n\r\n* Beras\r\n* Obat-obatan\r\n* Terpal dan tenda\r\n* Sembako", "reporter": "Ferdinandus nambut", "contact": "85237068059", "photo": "b33f4220cbc354d2fd2bbbee468d2b4a.jpg", "status": "Belum Ditangani", "notes": "" }, "geometry": { "type": "Point", "coordinates": [ 120.350371, -8.504505 ] } },
{ "type": "Feature", "properties": { "region": "KABUPATEN MANGGARAI", "location": "Desa pong lengor kecamatan Rahong utara", "households": 1, "people": "5", "needs": "Berikut adalah format daftar yang singkat dan jelas berdasarkan teks laporan kebutuhan bencana:\r\n\r\n* Beras\r\n* Obat-obatan\r\n* Terpal dan tenda\r\n* Sembako", "reporter": "Ferdinandus nambut", "contact": "85237068059", "photo": "cf921b16a91972857ba175cfb43597ef.jpg", "status": "Belum Ditangani", "notes": "" }, "geometry": { "type": "Point", "coordinates": [ 120.350371, -8.504505 ] } },
{ "type": "Feature", "properties": { "region": "Desa watu manggar. Macang pacar", "location": "sangka desa watu manggar, mabar", "households": 4, "people": "3", "needs": "Butuh beras 50 kg, obat-obatan, dan pakaian dan selimut", "reporter": "Kristianus Rivaldry", "contact": "81238764719", "photo": "5b931a34dbc88cc10453e5b1517de837.jpg", "status": "Belum Ditangani", "notes": "" }, "geometry": { "type": "Point", "coordinates": [ 120.190163, -8.416232 ] } },
{ "type": "Feature", "properties": { "region": "Waso", "location": "Kompleks Namut waso", "households": 1, "people": "7", "needs": "Material :semen,batako", "reporter": "Bergita liati", "contact": "87867223758", "photo": "53bc1a6c53059150dc151d02b8ffe772.jpg", "status": "Belum Ditangani", "notes": "" }, "geometry": { "type": "Point", "coordinates": [ 120.449917, -8.630654 ] } },
{ "type": "Feature", "properties": { "region": "MANGGARAI", "location": "Lokasi rumah di karot, kelurahan karot, jalan wae ces,no 42b,jalan menuju Liang bua, 200m dari jalan Ruteng-Reo\r\nkondisi rumah rusak,sudah ada tenda darurat,untuk akses air PDAM tidak lancar.\r\npemilik rumah atas nama : FRANSISKUS SUHENDRA NTELOK", "households": 1, "people": "6", "needs": "* Beras\r\n* Air minum\r\n* Kebutuhan pokok lainnya", "reporter": "Yulianus dermawanto Ntelok", "contact": "85222225728", "photo": "ca6e0d849b8edfd84d11f9b76ce9aa8c.jpg", "status": "Belum Ditangani", "notes": "" }, "geometry": { "type": "Point", "coordinates": [ 120.464821, -8.592234 ] } },
{ "type": "Feature", "properties": { "region": "Dusun Laja, Desa Meler, Kecamatan Ruteng, Kabupaten Manggarai, Flores, NTT", "location": "Dusun Laja, RT03/RW04, Desa Meler, Kecamatan Ruteng, Kabupaten Manggarai, Flores, NTT", "households": 4, "people": "4", "needs": "Butuh beras", "reporter": "Sofia Diut", "contact": "+62 821-2401-0370", "photo": "cf2c33e1d3777a8c577da1c70f9c5566.jpg", "status": "Belum Ditangani", "notes": "" }, "geometry": { "type": "Point", "coordinates": [ 120.361156, -8.580745 ] } },
{ "type": "Feature", "properties": { "region": "KABUPATEN MANGGARAI", "location": "Desa pong lengor kecamatan Rahong Utara", "households": 1, "people": "5", "needs": "• Beras\r\n• Sembako\r\n• Obat-obatan\r\n• Terpal\r\n• Tenda", "reporter": "Marselinus erat", "contact": "85237068059", "photo": "a5e2429c2edf14e7531b39d3ed18edf3.jpg", "status": "Belum Ditangani", "notes": "" }, "geometry": { "type": "Point", "coordinates": [ 120.350371, -8.504505 ] } },
{ "type": "Feature", "properties": { "region": "Se,ang", "location": "Yasinta Juita (Universitas Indonesia Santu Paulus Ruteng), Alamat (se,ang,Desa Tueng kec.kuwus Barat,Kab. Manggarai Barat), Rumah Kerusakan berat.", "households": 2, "people": "6", "needs": "Sembako, obat-obatan, selimut, peralatan dapur", "reporter": "Yasinta Juita", "contact": "81238894613", "photo": "84c847ffade2fea25d3d2484abb14360.jpg", "status": "Belum Ditangani", "notes": "" }, "geometry": { "type": "Point", "coordinates": [ 120.273771, -8.486613 ] } },
{ "type": "Feature", "properties": { "region": "Manggarai Barat", "location": "Manggarai Barat, Kuwus Barat, Desa Compang Kules, dusun kotok", "households": 20, "people": "100", "needs": "Beras", "reporter": "Yohanes Jehani", "contact": "82147319159", "photo": "d86864445ae0c683ed32f1c7bf6d933d.jpg", "status": "Belum Ditangani", "notes": "" }, "geometry": { "type": "Point", "coordinates": [ 120.277526, -8.522808 ] } },
{ "type": "Feature", "properties": { "region": "KABUPATEN MANGGARAI", "location": "Desa pong lengor kecamatan Rahong Utara", "households": 1, "people": "5", "needs": "• Beras\r\n• Obat-obatan\r\n• Selimut\r\n• Terpal\r\n• Tenda", "reporter": "Ardianus nagar", "contact": "85237068059", "photo": "bcce8d4cb1e72cc122d7038b9ea97045.jpg", "status": "Belum Ditangani", "notes": "" }, "geometry": { "type": "Point", "coordinates": [ 120.350371, -8.504505 ] } },
{ "type": "Feature", "properties": { "region": "KABUPATEN MANGGARAI", "location": "Desa pong lengor, kecamatan Ruteng", "households": 2, "people": "7", "needs": "Berikut adalah format daftar kebutuhan bencana yang telah dirapikan:\r\n- Beras\r\n- Sembako\r\n- Terpal\r\n- Tenda", "reporter": "Dominikus jehada", "contact": "85237068059", "photo": "dbcb0a8daa35a7522017581a0199faca.jpg", "status": "Belum Ditangani", "notes": "" }, "geometry": { "type": "Point", "coordinates": [ 120.350371, -8.504505 ] } },
{ "type": "Feature", "properties": { "region": "Manggarai, kec.wae Ri’i (NTT)", "location": "kabupaten manggarai,kecamatan wae Ri’i,Desa bangka kenda Rt/RW:001/001", "households": 6, "people": "6", "needs": "Beras, selimut, obat luka/P3k, minyak goreng, mie, telur,susu, bahan makanan lain-lain, selimut, terpal, tikar,", "reporter": "Maria  Kurniati Duweng", "contact": "81236720614", "photo": "0f83b8b2d663e664f79ea194e477dc26.jpeg", "status": "Belum Ditangani", "notes": "" }, "geometry": { "type": "Point", "coordinates": [ 120.435002, -8.576412 ] } },
{ "type": "Feature", "properties": { "region": "Manggarai", "location": "Pelas, Desa Timbu, Kecamatan Cibal Barat, Kabupaten Manggarai", "households": 5, "people": "-", "needs": "Butuh sembako, obat-obatan, perlengkapan dapur, selimut, pakyan", "reporter": "Emilia Contesa Juita", "contact": "81236713100", "photo": "3a80eb673ac991ed61b9a96c7a0b280e.jpg", "status": "Belum Ditangani", "notes": "" }, "geometry": { "type": "Point", "coordinates": [ 120.446033, -8.477871 ] } },
{ "type": "Feature", "properties": { "region": "Ronting", "location": "Dusun Ronting, Desa Satar Kampas, Kec. Lamba Leda Utara, Kab. Manggarai Timur", "households": 120, "people": "7 orang", "needs": "* Beras 300 Kg\r\n* Obat-obatan\r\n* Air minum\r\n* Telur\r\n* Mie", "reporter": "Ano Lopes", "contact": "87799749060", "photo": "78cfcb15905facfeef16615c2332a843.jpg", "status": "Belum Ditangani", "notes": "" }, "geometry": { "type": "Point", "coordinates": [ 120.569128, -8.300105 ] } },
{ "type": "Feature", "properties": { "region": "Langgo", "location": "Langgo ujung pandang,Rt 008 Rw 004", "households": 1, "people": "7", "needs": "1. Beras\r\n2. Bahan bangunan\r\n3. Uang tunai secukupnya", "reporter": "Aprilianus bagun", "contact": "82144209438", "photo": "ab9c6ada7ffa32af4574fa6c07adc219.jpg", "status": "Belum Ditangani", "notes": "" }, "geometry": { "type": "Point", "coordinates": [ 120.477533, -8.609912 ] } },
{ "type": "Feature", "properties": { "region": "Langgo", "location": "Langgo ujung pandang,Rt 008 Rw 004", "households": 1, "people": "7", "needs": "1. Beras\r\n2. Bahan bangunan\r\n3. Uang tunai secukupnya", "reporter": "Aprilianus bagun", "contact": "82144209438", "photo": "b6dab315faa42b8892d9a18ea33c04cd.jpg", "status": "Belum Ditangani", "notes": "" }, "geometry": { "type": "Point", "coordinates": [ 120.477533, -8.609912 ] } },
{ "type": "Feature", "properties": { "region": "KABUPATEN MANGGARAI", "location": "Desa pong lengor, kecamatan Ruteng", "households": 1, "people": "5", "needs": "• Beras sembako\r\n• Obat-obatan\r\n• Selimut", "reporter": "Abraham lantang", "contact": "85237068059", "photo": "d3bef6e6fc7a61b174f94d2d36973cd2.jpg", "status": "Belum Ditangani", "notes": "" }, "geometry": { "type": "Point", "coordinates": [ 120.350371, -8.504505 ] } },
{ "type": "Feature", "properties": { "region": "KABUPATEN MANGGARAI", "location": "Desa ping lengor kacamatan rahong utara", "households": 1, "people": "2", "needs": "• Beras\r\n• Sembako\r\n• Selimut tenda terpal", "reporter": "Yakobus damar", "contact": "85237068059", "photo": "1759e427f9be36baa55c8cde63c9f938.jpg", "status": "Belum Ditangani", "notes": "" }, "geometry": { "type": "Point", "coordinates": [ 120.350371, -8.504505 ] } },
{ "type": "Feature", "properties": { "region": "KABUPATEN MANGGARAI", "location": "Desa ping lengor kacamatan rahong utara", "households": 1, "people": "2", "needs": "• Beras\r\n• Sembako\r\n• Selimut tenda terpal", "reporter": "Yakobus damar", "contact": "85237068059", "photo": "637c7f9f55b379584355af42b987b837.jpg", "status": "Belum Ditangani", "notes": "" }, "geometry": { "type": "Point", "coordinates": [ 120.350371, -8.504505 ] } },
{ "type": "Feature", "properties": { "region": "ruteng", "location": "waso namut gang vila yang sudah di rabat", "households": 1, "people": "7", "needs": "• Semen\r\n• Besi\r\n• Pasir\r\n• Makanan instan\r\n• Lauk pauk\r\n• Air bersih\r\n• Obat-obatan", "reporter": "cheril", "contact": "81236529266", "photo": "", "status": "Belum Ditangani", "notes": "" }, "geometry": { "type": "Point", "coordinates": [ 120.450624, -8.628915 ] } },
{ "type": "Feature", "properties": { "region": "KABUPATEN MANGGARAI", "location": "Desa pong lengor kecamatan Rahong utara", "households": 1, "people": "4", "needs": "* Beras\r\n* Selimut\r\n* Tenda\r\n* Terpal", "reporter": "MARSELINUS GADUR", "contact": "85237068059", "photo": "d03d7d9ebe9e49de19219e4c864b37ad.jpg", "status": "Belum Ditangani", "notes": "" }, "geometry": { "type": "Point", "coordinates": [ 120.350371, -8.504505 ] } },
{ "type": "Feature", "properties": { "region": "NTT", "location": "Desa Degalea kecamatan Nangaroro kab. Nagekeo", "households": 30, "people": "100", "needs": "• Beras \r\n• Pakaian\r\n• Selimut\r\n• Peralatan dapur", "reporter": "Alfonsus aja", "contact": "81337268791", "photo": "46498891b9ac11de8c810ae5e81138c2.jpg", "status": "Belum Ditangani", "notes": "" }, "geometry": { "type": "Point", "coordinates": [ 121.304766, -8.801763 ] } },
{ "type": "Feature", "properties": { "region": "NTT", "location": "Desa Degalea kecamatan Nangaroro kab. Nagekeo", "households": 30, "people": "100", "needs": "• Beras \r\n• Pakaian\r\n• Selimut\r\n• Peralatan dapur", "reporter": "Alfonsus aja", "contact": "81337268791", "photo": "a0ef11a7a6f0ce1d6373276012572961.jpg", "status": "Belum Ditangani", "notes": "" }, "geometry": { "type": "Point", "coordinates": [ 121.304766, -8.801763 ] } },
{ "type": "Feature", "properties": { "region": "Desa pondo tepatnya di lale", "location": "Daerah Desa pondo tepatnya di kampung lale lembor", "households": 5, "people": "5", "needs": "* Rumah yang rusak perlu diperbaiki\r\n* Selimut diperlukan untuk membantu para pengungsi memiliki tempat tidur yang hangat.", "reporter": "Angelina Ratna", "contact": "81239606488", "photo": "93aaf276277c940b456c1050a6fd9250.jpg", "status": "Belum Ditangani", "notes": "" }, "geometry": { "type": "Point", "coordinates": [ 120.000916, -8.650778 ] } },
{ "type": "Feature", "properties": { "region": "Borong Manggarai Timur", "location": "Kabupaten: Manggarai Timur \r\nKecamatan: Borong \r\nKelurahan:kotaNdora\r\nKampung : wejangkalo", "households": 2, "people": "_", "needs": "Berikut adalah teks laporan kebutuhan bencana dalam format daftar singkat dan jelas:\r\n1. Beras \r\n2. Minyak \r\n3. Kebutuhan pokok makanan \r\n4. Obat lambung \r\n5. Air minum", "reporter": "Fransiska Liu", "contact": "81238541338", "photo": "8713630d269f6b3d9fbc4afc6d643600.jpg", "status": "Belum Ditangani", "notes": "" }, "geometry": { "type": "Point", "coordinates": [ 120.604628, -8.81391 ] } },
{ "type": "Feature", "properties": { "region": "Borong Manggarai Timur", "location": "Kabupaten: Manggarai Timur \r\nKecamatan: Borong \r\nKelurahan:kotaNdora\r\nKampung : wejangkalo", "households": 2, "people": "_", "needs": "Berikut adalah teks laporan kebutuhan bencana dalam format daftar singkat dan jelas:\r\n1. Beras \r\n2. Minyak \r\n3. Kebutuhan pokok makanan \r\n4. Obat lambung \r\n5. Air minum", "reporter": "Fransiska Liu", "contact": "81238541338", "photo": "8713630d269f6b3d9fbc4afc6d643600.jpg", "status": "Belum Ditangani", "notes": "" }, "geometry": { "type": "Point", "coordinates": [ 120.604628, -8.81391 ] } },
{ "type": "Feature", "properties": { "region": "Manggarai", "location": "Kabupaten Manggarai NTT", "households": 1, "people": "75", "needs": "* 100 kg beras\r\n* 5 dos Indomie\r\n* 1 ikat telur", "reporter": "Yustina Iba Keraru", "contact": "+62 813-3923-7433", "photo": "531ad51ece89b7028983f9b0d8785e5f.jpg", "status": "Belum Ditangani", "notes": "" }, "geometry": { "type": "Point", "coordinates": [ 120.457813, -8.613312 ] } },
{ "type": "Feature", "properties": { "region": "Borong Manggarai Timur", "location": "Kabupaten: Manggarai Timur \r\nKecamatan: Borong \r\nKelurahan:kotaNdora\r\nKampung : wejangkalo", "households": 2, "people": "_", "needs": "Berikut adalah teks laporan kebutuhan bencana dalam format daftar singkat dan jelas:\r\n1. Beras \r\n2. Minyak \r\n3. Kebutuhan pokok makanan \r\n4. Obat lambung \r\n5. Air minum", "reporter": "Fransiska Liu", "contact": "81238541338", "photo": "", "status": "Belum Ditangani", "notes": "" }, "geometry": { "type": "Point", "coordinates": [ 120.604628, -8.81391 ] } },
{ "type": "Feature", "properties": { "region": "Wela, RT 002/RW 004,desa Goloworok Kecamatan Ruteng Kabupaten Manggarai Nusa Tenggara Timur.", "location": "Wela, RT 002/RW 004,desa Goloworok Kecamatan Ruteng Kabupaten Manggarai Nusa Tenggara Timur.", "households": 1, "people": "4", "needs": "* Beras 50 Kg\r\n* Telur\r\n* Mie\r\n* Minyak goreng\r\n* Gula\r\n* Rinso\r\n* Sabun mandi\r\n* Pepsodent\r\n* Biskuit\r\n* Garam\r\n* Ajinomoto\r\n* Terpal\r\n* Tali\r\n* Tenda\r\n* Tikar\r\n* Selimut", "reporter": "Febronia Megautami Nurani", "contact": "81337784496", "photo": "013e899e8f57f3ede74c3e8011e6ad5f.jpg", "status": "Belum Ditangani", "notes": "" }, "geometry": { "type": "Point", "coordinates": [ 120.344708, -8.573917 ] } },
{ "type": "Feature", "properties": { "region": "ruteng", "location": "waso namut gang vila yang sudah di rabat", "households": 7, "people": "-", "needs": "• Semen Pasir Besi\r\n• Makanan\r\n• lauk pauk\r\n• Air Bersih", "reporter": "cheril", "contact": "81236529266", "photo": "8300c19fe51e74bf82b48d5b54a76592.jpg", "status": "Belum Ditangani", "notes": "" }, "geometry": { "type": "Point", "coordinates": [ 120.450607, -8.628905 ] } },
{ "type": "Feature", "properties": { "region": "Maurole Ende", "location": "Kecamatan Maurole desa Maurole RT/RW:011/006\r\nKabupaten Ende Flores", "households": 2, "people": "10 orang", "needs": "• Beras\r\n• Sembako\r\n• Peralatan kebersihan\r\n• Belum ada posko", "reporter": "Mariano Dasanto Su’i", "contact": "081236142575 Mariano", "photo": "02ae671a805cbcef4aead0dfb2b26fa7.jpeg", "status": "Belum Ditangani", "notes": "" }, "geometry": { "type": "Point", "coordinates": [ 121.822357, -8.571912 ] } },
{ "type": "Feature", "properties": { "region": "Kabupaten Manggarai", "location": "Kabupaten Manggarai, Kecamatan Ruteng Desa Bulan, Dusun Nangka RT 008 RW 004. KOTER 2.", "households": 2, "people": "6", "needs": "Bata, semen, pasir", "reporter": "Maria Olga Jelimun", "contact": "81220758227", "photo": "714652de9b0dd220625bd2ae5a77c8d2.jpg", "status": "Belum Ditangani", "notes": "" }, "geometry": { "type": "Point", "coordinates": [ 120.357784, -8.627966 ] } },
{ "type": "Feature", "properties": { "region": "Kampung Bajar", "location": "Desa Bangka kuleng, kecamatan lamba Leda selatan, Manggarai Timur Ntt", "households": 329, "people": "Kurang lebih 800 an", "needs": "Butuh beras,sembako,air bersih dan obat obatan.", "reporter": "Yendriano Hario Trisno", "contact": "81237831686", "photo": "f3f6aef9f7d96bc63bf09cdc3f30db27.jpg", "status": "Belum Ditangani", "notes": "" }, "geometry": { "type": "Point", "coordinates": [ 120.514733, -8.580389 ] } },
{ "type": "Feature", "properties": { "region": "Kampung Bajar", "location": "Desa Bangka kuleng, kecamatan lamba Leda selatan, Manggarai Timur Ntt", "households": 329, "people": "Kurang lebih 800 an", "needs": "Butuh beras,sembako,air bersih dan obat obatan.", "reporter": "Yendriano Hario Trisno", "contact": "81237831686", "photo": "539a99631def87f3f5ac384491f597f7.jpg", "status": "Belum Ditangani", "notes": "" }, "geometry": { "type": "Point", "coordinates": [ 120.514733, -8.580389 ] } },
{ "type": "Feature", "properties": { "region": "Turetoro", "location": "Desa Waepana 1, Kecamatan So'a, Kabupaten Ngada, NTT", "households": 184, "people": "568 Q1", "needs": "1. Tenda\r\n2. Matriks\r\n3. Selimut\r\n4. Obat-obatan\r\n5. Beras\r\n6. Minyak goreng\r\n7. Telur ayam", "reporter": "Yohanes Raja", "contact": "83342329633", "photo": "08d6a658185ab835393fb218bf3cb0eb.jpg", "status": "Belum Ditangani", "notes": "" }, "geometry": { "type": "Point", "coordinates": [ 121.03855, -8.684292 ] } },
{ "type": "Feature", "properties": { "region": "Manggarai Barat", "location": "Desa Waka,Kecamatan Pacar", "households": 2, "people": "9", "needs": "Uang,selimut,leptop", "reporter": "NARSIANUS DASMAN", "contact": "82342313092", "photo": "c55171ae6c199b2c1f4aa405d0bae121.jpg", "status": "Belum Ditangani", "notes": "" }, "geometry": { "type": "Point", "coordinates": [ 120.2040862, -8.5412463 ] } },
{ "type": "Feature", "properties": { "region": "Nagekeo", "location": "Nagekeo kec.Aesesa desa Nggolombay", "households": 19, "people": "89", "needs": "", "reporter": "Fransiskus Xaverius Ndona", "contact": "81339826646", "photo": "355e62339fd64070c1659876d9007046.jpg", "status": "Belum Ditangani", "notes": "" }, "geometry": { "type": "Point", "coordinates": [ 121.286316, -8.690827 ] } },
{ "type": "Feature", "properties": { "region": "Nagekeo", "location": "Nagekeo kec.Aesesa desa Nggolombay", "households": 19, "people": "89", "needs": "", "reporter": "Fransiskus Xaverius Ndona", "contact": "81339826646", "photo": "7421967f111b5513404749fb30b013d1.jpg", "status": "Belum Ditangani", "notes": "" }, "geometry": { "type": "Point", "coordinates": [ 121.286316, -8.690827 ] } },
{ "type": "Feature", "properties": { "region": "Manggarai tenggah", "location": "Desa Golo Mendo Gendang Lenteng RT 003, RW 003 tepatnya di depan Greja", "households": 26, "people": "100", "needs": "Beras 100 kg terlur 50 kerat selimut pakaian pria dan wanita, pakaian anak2", "reporter": "Thomas Jehada", "contact": "823-4222-7150", "photo": "37e0784753428d75c15418a643fcf248.jpg", "status": "Belum Ditangani", "notes": "" }, "geometry": { "type": "Point", "coordinates": [ 120.479925, -8.59251 ] } },
{ "type": "Feature", "properties": { "region": "ruteng", "location": "ruteng waso namut gang vila rumah yang sudah di rabat", "households": 5, "people": "-", "needs": "beras, lauk pauk,air bersih obat obatan", "reporter": "cheril", "contact": "81236529266", "photo": "7443e3e69700e30f563ff2dbe17b6f45.jpg", "status": "Belum Ditangani", "notes": "" }, "geometry": { "type": "Point", "coordinates": [ 120.450623, -8.628915 ] } },
{ "type": "Feature", "properties": { "region": "Manggrai Timur, NTT", "location": "Kambe, Kel.Tanah Rata, Kec.Kota Komba, Kab.Manggarai Timur", "households": 1, "people": "5", "needs": "Sembako", "reporter": "Martinus Roja", "contact": "81237744878", "photo": "61203f5cfa8c6f550df9ea0c13248d8a.jpg", "status": "Belum Ditangani", "notes": "" }, "geometry": { "type": "Point", "coordinates": [ 120.659714, -8.809393 ] } },
{ "type": "Feature", "properties": { "region": "Lalong", "location": "Lalong\r\nDesa lalong\r\nKecamatan Wae Ri'i", "households": 3, "people": "12 orang", "needs": "Beras 150 kg \r\nSelimut 3\r\nUang untuk buat pondok sementara", "reporter": "Gabriel Saverius gega", "contact": "082144511834/085133702380", "photo": "1a714b75b0518595bb99934645eb0e3a.jpg", "status": "Belum Ditangani", "notes": "" }, "geometry": { "type": "Point", "coordinates": [ 120.462036, -8.609836 ] } },
{ "type": "Feature", "properties": { "region": "Pacar Manggarai Barat", "location": "Desa kombo", "households": 2, "people": "10", "needs": "", "reporter": "Yohanes", "contact": "Beras", "photo": "e16f831a4bcdeb054c12e1b5c03d3a19.jpeg", "status": "Belum Ditangani", "notes": "" }, "geometry": { "type": "Point", "coordinates": [ 120.189699, -8.485749 ] } },
{ "type": "Feature", "properties": { "region": "Lando, Desa Lando kecamatan Cibal kabupaten Manggarai", "location": "Lando, desa Lando, kecamatan cibal, kabupaten Manggarai, provinsi NTT", "households": 3, "people": "3", "needs": "Beras, selimut dan Bantuan lainnya", "reporter": "Fransiskus Demon", "contact": "81239638697", "photo": "e113bcf0acb012c11fba0652d8773a76.jpg", "status": "Belum Ditangani", "notes": "" }, "geometry": { "type": "Point", "coordinates": [ 120.498472, -8.533457 ] } },
{ "type": "Feature", "properties": { "region": "Ruteng", "location": "Jl. Bengawan, kel.satar Tacik.kab.manggarai", "households": 2, "people": "10", "needs": "Butuh semen, pasir dan batu bata", "reporter": "FILEMON BARU", "contact": "85343899577", "photo": "8a4bcce98d79f661df799b5738abf51b.jpg", "status": "Belum Ditangani", "notes": "" }, "geometry": { "type": "Point", "coordinates": [ 120.475404, -8.601803 ] } },
{ "type": "Feature", "properties": { "region": "Manggarai Barat", "location": "Desa Waka, Kecamatan Pacar", "households": 2, "people": "9", "needs": "Uang,Selimut,beras,lemari,Sprinbet,leptop", "reporter": "YERIMIAS ANDI", "contact": "82322182857", "photo": "6e0d109855265ac109a3c4dd1d9d09a1.jpg", "status": "Belum Ditangani", "notes": "" }, "geometry": { "type": "Point", "coordinates": [ 120.2040862, -8.5412463 ] } },
{ "type": "Feature", "properties": { "region": "Desa Nirmala, Kecamatan Golewa Selatan", "location": "Kampung Niba, Jalan Malanuza-Maumbawa, Desa Nirmala, Kecamatan Golewa Selatan, Kabupaten Ngada, Nusa Tenggara Timur", "households": 1, "people": "4", "needs": "Bahan bangunan untuk bangunan rumah yang telah roboh dan hancur akibat gempa serta kebutuhan pokok rumah tangga bagi kami yang terdampak gempa Flores. Kami sangat membutuhkan bantuan ini agar kami dapat kembali beraktivitas dan memulai kehidupan kami. Atas berkat dan bantuannya kami sampaikan Terimakasih. Doa kami menyertai seluruh relawan yang bertugas dan mau membantu kami.", "reporter": "Yohanes Lengi", "contact": "85333465458", "photo": "7ca223512a10546715a9983e7a28b558.jpeg", "status": "Belum Ditangani", "notes": "" }, "geometry": { "type": "Point", "coordinates": [ 121.112423, -8.880153 ] } },
{ "type": "Feature", "properties": { "region": "Kabupaten Manggarai,", "location": "Kabupaten Manggarai,Flores, NTT", "households": 1, "people": "5", "needs": "Kebutuhan makanan,obat-obatan dll", "reporter": "Rofinus Megor", "contact": "81337367804", "photo": "", "status": "Belum Ditangani", "notes": "" }, "geometry": { "type": "Point", "coordinates": [ 120.423911, -8.552881 ] } },
{ "type": "Feature", "properties": { "region": "Reo, Manggarai", "location": "kabupaten manggarai, kecamatan Reok, kelurahan baru", "households": 3, "people": "7", "needs": "Berikut adalah format teks laporan kebutuhan bencana yang telah dirapihkan menjadi daftar singkat dan jelas tanpa kalimat pembuka/penutup:\r\n\r\n• Beras\r\n• Air bersih\r\n• Obat", "reporter": "CAROLUS LUSI ALEXANDRO", "contact": "85253947377", "photo": "4a1948d27f5664f6f4a448690e087f12.jpg", "status": "Belum Ditangani", "notes": "" }, "geometry": { "type": "Point", "coordinates": [ 120.491322, -8.308919 ] } },
{ "type": "Feature", "properties": { "region": "Gou, desa wololika kec. Bajawa utara", "location": "Wilayah di daerah irisan gunung berapi inelika, kec bajawa utara, kab Ngada", "households": 260, "people": "1200 jiwa", "needs": "1. Terpal\r\n2. Beras\r\n3. Mie instan\r\n4. Obat obatan", "reporter": "Yonas Wego", "contact": "82247262727", "photo": "40413ea89e15e9aeaeed5b0101c6cf29.jpg", "status": "Belum Ditangani", "notes": "" }, "geometry": { "type": "Point", "coordinates": [ 121.020675, -8.716363 ] } },
{ "type": "Feature", "properties": { "region": "Desa Wajo Timur Kecamatan Keo Tengah", "location": "Witu", "households": 150, "people": "500", "needs": "• Beras\r\n• Obat-obatan\r\n• Selimut\r\n• Tenda\r\n• Air minum", "reporter": "Kristoforus Yusta Mua", "contact": "82213375246", "photo": "", "status": "Belum Ditangani", "notes": "" }, "geometry": { "type": "Point", "coordinates": [ 121.286254, -8.845763 ] } },
{ "type": "Feature", "properties": { "region": "Kedindi, Jalan Pelabuhan Reok", "location": "Samping Puskesmas Reo, Jalan Pelabuhan Kedindi, Kecamatan Reok, kabupaten manggarai, Provinsi Ntt", "households": 10, "people": "32", "needs": "", "reporter": "Yunita Farida Hauteas", "contact": "85239356086", "photo": "", "status": "Belum Ditangani", "notes": "" }, "geometry": { "type": "Point", "coordinates": [ 120.46189, -8.296313 ] } },
{ "type": "Feature", "properties": { "region": "kab. Manggarai", "location": "Maras Desa Belang Turi Kec ruteng kab. Manggarai. Flores NTT", "households": 3, "people": "0", "needs": "Butuh beras selimut dan tempat tinggal", "reporter": "Darius Dinda", "contact": "82339788298", "photo": "", "status": "Belum Ditangani", "notes": "" }, "geometry": { "type": "Point", "coordinates": [ 120.35206, -8.590046 ] } },
{ "type": "Feature", "properties": { "region": "Nagekeo", "location": "Desa Nagerawe Kecamatan Boawae Kabupaten Nagekeo", "households": 25, "people": "125", "needs": "Butuh beras 100 kg, obat obatan, penginapan dan selimut", "reporter": "Kristianus Rebo Ona", "contact": "81246734985", "photo": "68a271db1b7eda1af5d7f5b7bdcb8df9.jpg", "status": "Belum Ditangani", "notes": "" }, "geometry": { "type": "Point", "coordinates": [ 121.1239957, -8.6473532 ] } },
{ "type": "Feature", "properties": { "region": "kab. Manggarai", "location": "Maras, Desa Belang Turi Kec. Ruteng. Kab. Manggarai. Flores NTT", "households": 3, "people": "0", "needs": "Butuh Beras, selimut, tempat mengungsi. Dan Makanan", "reporter": "Darius Dinda", "contact": "82339788298", "photo": "940e853cf03480d7a568948ed0ad8f9f.jpg", "status": "Belum Ditangani", "notes": "" }, "geometry": { "type": "Point", "coordinates": [ 120.351562, -8.58986 ] } },
{ "type": "Feature", "properties": { "region": "kab. Manggarai", "location": "Maras, Desa Belang Turi Kec. Ruteng. Kab. Manggarai. Flores NTT", "households": 3, "people": "0", "needs": "Butuh Beras, selimut, tempat mengungsi. Dan Makanan", "reporter": "Darius Dinda", "contact": "82339788298", "photo": "0ffe8eded840f4faa150de16203522b2.jpg", "status": "Belum Ditangani", "notes": "" }, "geometry": { "type": "Point", "coordinates": [ 120.351562, -8.58986 ] } },
{ "type": "Feature", "properties": { "region": "Ende-Nangapanda -Watumite", "location": "Desa Watumite, Rt002/Rw003,Dusun Rokambake, Nangapanda, Ende", "households": 1, "people": "3", "needs": "Beras, selimut, obat pilek, semen untuk buat kembali rumah yang retak. Karena rumah kami retak", "reporter": "Kristiano Mere Mesa", "contact": "0821-4651-2401", "photo": "76918a00ddc68f828e095321f1dee34b.jpg", "status": "Belum Ditangani", "notes": "" }, "geometry": { "type": "Point", "coordinates": [ 121.496144, -8.708659 ] } },
{ "type": "Feature", "properties": { "region": "Kecamatan Reok, Senggapi, jalan Pelabuhan Reo, Kedindi", "location": "Jalan Pelabuhan Reok, Kedindi. Samping Puskesmas Reo. Kecamatan Reok, Kabupaten Manggarai, Propinsi NTT", "households": 10, "people": "32", "needs": "Beras, Air minum, telur, selimut, terpal, mie", "reporter": "Yunita Farida Hauteas", "contact": "85239356086", "photo": "af10a9fbc5c43f57de15d7a537e9dd26.jpg", "status": "Belum Ditangani", "notes": "" }, "geometry": { "type": "Point", "coordinates": [ 120.462775, -8.297815 ] } },
{ "type": "Feature", "properties": { "region": "Rewokoli Kabupaten Nagekeo", "location": "Rewokoli Rt029", "households": 62, "people": "131", "needs": "Beras, obat obatan, air mineral, selimut, perlengkapan mandi.", "reporter": "Emiliana Raymuna Bai", "contact": "+62 812-3650-6638", "photo": "d9c0164d19085451527f879ce1ab70dd.jpeg", "status": "Belum Ditangani", "notes": "" }, "geometry": { "type": "Point", "coordinates": [ 121.267907, -8.56666 ] } },
{ "type": "Feature", "properties": { "region": "Rewokoli Kabupaten Nagekeo", "location": "Rewokoli Rt029", "households": 62, "people": "131", "needs": "Beras, obat obatan, air mineral, selimut, perlengkapan mandi.", "reporter": "Emiliana Raymuna Bai", "contact": "+62 812-3650-6638", "photo": "54f3f077c0d8231146dd3601610fe9e6.jpeg", "status": "Belum Ditangani", "notes": "" }, "geometry": { "type": "Point", "coordinates": [ 121.267907, -8.56666 ] } },
{ "type": "Feature", "properties": { "region": "Rewokoli Kabupaten Nagekeo", "location": "Rewokoli Rt029", "households": 62, "people": "131", "needs": "Beras, obat obatan, air mineral, selimut, perlengkapan mandi.", "reporter": "Emiliana Raymuna Bai", "contact": "+62 812-3650-6638", "photo": "f3b957c21d5fa03ab62f60814bac4439.jpeg", "status": "Belum Ditangani", "notes": "" }, "geometry": { "type": "Point", "coordinates": [ 121.267907, -8.56666 ] } },
{ "type": "Feature", "properties": { "region": "Rewokoli Kabupaten Nagekeo", "location": "Rewokoli Rt029", "households": 62, "people": "131", "needs": "Beras, obat obatan, air mineral, selimut, perlengkapan mandi.", "reporter": "Emiliana Raymuna Bai", "contact": "+62 812-3650-6638", "photo": "73c733618f7f3bfcd539ba43a7965d28.jpeg", "status": "Belum Ditangani", "notes": "" }, "geometry": { "type": "Point", "coordinates": [ 121.267907, -8.56666 ] } },
{ "type": "Feature", "properties": { "region": "Manggarai", "location": "Pagal, Kec. Cibal\r\nKompleks Polsek Cibal", "households": 20, "people": "150", "needs": "Beras 50kg, Makanan siap saji, selimut, susu", "reporter": "Claudius Panber Awang", "contact": "85191429044", "photo": "731707f703fedbe2d8b8c01fb9edf3e9.jpg", "status": "Belum Ditangani", "notes": "" }, "geometry": { "type": "Point", "coordinates": [ 120.488952, -8.505078 ] } },
{ "type": "Feature", "properties": { "region": "Manggarai", "location": "Kab.Manggarai kec.Wae Ri'i  Jalan liang bua  Desa Golowatu\r\nDekat Gereja paroki Roh Kudus Ru'a", "households": 30, "people": "120", "needs": "Butuh beras 200 kg,selimut 15, telur 10 ikat, mie 20 dos,air aqua 50 dos,terpal 5 lembar,minyak goreng 25 liter,gula 50 kg,susu dancow 500 saschet, obat obatan, sabun 1 dos,rinso 10 kg,sikat dan pasta gigi, makanan ringan, pampers, susu bayi 6-12 bulan, biskuit bayi", "reporter": "Robertus susilo", "contact": "82347807683", "photo": "9c7d970ce7f736b4d32fe73345830aab.jpg", "status": "Belum Ditangani", "notes": "" }, "geometry": { "type": "Point", "coordinates": [ 120.445417, -8.569859 ] } },
{ "type": "Feature", "properties": { "region": "Manggarai", "location": "Kab.Manggarai kec.Wae Ri'i  Jalan liang bua  Desa Golowatu\r\nDekat Gereja paroki Roh Kudus Ru'a", "households": 30, "people": "120", "needs": "Butuh beras 200 kg,selimut 15, telur 10 ikat, mie 20 dos,air aqua 50 dos,terpal 5 lembar,minyak goreng 25 liter,gula 50 kg,susu dancow 500 saschet, obat obatan, sabun 1 dos,rinso 10 kg,sikat dan pasta gigi, makanan ringan, pampers, susu bayi 6-12 bulan, biskuit bayi", "reporter": "Robertus susilo", "contact": "82347807683", "photo": "89b2dfcb79bd1873bd89f1d913ec7c88.jpg", "status": "Belum Ditangani", "notes": "" }, "geometry": { "type": "Point", "coordinates": [ 120.445417, -8.569859 ] } },
{ "type": "Feature", "properties": { "region": "Manggarai Tengah", "location": "Kecamatan wae rii, Desa Bangka Kenda, RT/RW 011/004 di kaweng", "households": 50, "people": "200", "needs": "1.  Uang untuk meringankan perbaikan rumah rumah roboh\r\n2.  Beras 20 kg/KK (rumah roboh)", "reporter": "Damianus Eflantus Luhur", "contact": "+62 822-6639-5275", "photo": "c9fd5dce3edf867ff134a8478ab2fa87.jpg", "status": "Belum Ditangani", "notes": "" }, "geometry": { "type": "Point", "coordinates": [ 120.4574701, -8.5773489 ] } },
{ "type": "Feature", "properties": { "region": "Ruteng,Cancar,Rai", "location": "Rai", "households": 2, "people": "8", "needs": "butuh semen dan pasir", "reporter": "Fransiskus Saverius Erong", "contact": "81239908704", "photo": "10cce4c473861e14fa0a0c1088d67de8.jpg", "status": "Belum Ditangani", "notes": "" }, "geometry": { "type": "Point", "coordinates": [ 120.506172, -8.608927 ] } },
{ "type": "Feature", "properties": { "region": "Ruteng,Cancar,Rai", "location": "Rai", "households": 2, "people": "8", "needs": "butuh semen dan pasir", "reporter": "Fransiskus Saverius Erong", "contact": "81239908704", "photo": "828ec774adcb12e8e15c7af60599c3fd.jpg", "status": "Belum Ditangani", "notes": "" }, "geometry": { "type": "Point", "coordinates": [ 120.506172, -8.608927 ] } },
{ "type": "Feature", "properties": { "region": "KABUPATEN MANGGARAI", "location": "Desa Pong lengor kecamatan Rahong utara", "households": 3, "people": "7", "needs": "Beras 50 kg \r\nSelimut \r\nObat obatan\r\nSink\r\nSemen 50 sak", "reporter": "Marselinus erat", "contact": "85237068059", "photo": "0b6216c566e4a3a6ad4f4e0fb5f62ebb.jpg", "status": "Belum Ditangani", "notes": "" }, "geometry": { "type": "Point", "coordinates": [ 120.366039, -8.505634 ] } },
{ "type": "Feature", "properties": { "region": "Manggarai", "location": "Manggarai", "households": 1, "people": "2", "needs": "• Beras\r\n• Obat-obatan\r\n• Tenda", "reporter": "Elias Suwardi", "contact": "81232480874", "photo": "47dda4b3c37897a81874d3ce5aeb0736.jpg", "status": "Belum Ditangani", "notes": "" }, "geometry": { "type": "Point", "coordinates": [ 120.377451, -8.54863 ] } },
{ "type": "Feature", "properties": { "region": "Manggarai Ruteng flores", "location": "Waso Namut RT / Rw 010/003 Kelurahan waso kecamatan Langke rembong", "households": 2147483647, "people": "48 kepala Keluarga", "needs": "Sedikit laporn\r\n\r\nBerdasarkan kondisi yang terjadi di Kampung Waso Namut, RT 010/RW 003, gempa bumi pada tanggal 15 Agustus 2026 mengakibatkan sebagian rumah warga mengalami kerusakan parah, berupa retakan pada dinding hingga beberapa bagian bangunan runtuh. \r\n\r\nDemi menjaga keselamatan, seluruh warga untuk sementara waktu mengungsi dan mendirikan tenda darurat di depan rumah masing-masing sambil menunggu situasi kembali aman serta adanya penanganan lebih lanjut dari pihak terkait.\r\n\r\nKondisi ini membutuhkan perhatian dan bantuan dari pemerintah maupun pihak terkait untuk mendukung  percepatan pemulihan pascabencana.", "reporter": "Vitalis agung", "contact": "85238177507", "photo": "6932634f26a6c50cef5086895c2551ba.jpg", "status": "Belum Ditangani", "notes": "" }, "geometry": { "type": "Point", "coordinates": [ 120.4497587, -8.6288483 ] } },
{ "type": "Feature", "properties": { "region": "Kabupaten Manggarai", "location": "Desa Compang Dari Kecamatan Rahong Utara", "households": 27, "people": "105", "needs": "•  Beras 500 kg\r\n•  Tenda Darurat 27&quot;", "reporter": "Josy Jas", "contact": "81238734267", "photo": "88c75ffb06fb08f90a4aa6e27d58a636.jpg", "status": "Belum Ditangani", "notes": "" }, "geometry": { "type": "Point", "coordinates": [ 120.40514, -8.537748 ] } },
{ "type": "Feature", "properties": { "region": "Manggarai Tenga", "location": "Nanu, desa Lenda,kec.cibal barat, kabupaten Manggarai", "households": 3, "people": "9", "needs": "Bahan untuk bangunan(bata,semen,pasir), pakaian,beras, tempat untuk tidur (kasur, selimut, bantal,dll)", "reporter": "Yustina Isabela Dingur", "contact": "85338274473", "photo": "171dd84cf6db3a234bbe03b05f7a4990.jpg", "status": "Belum Ditangani", "notes": "" }, "geometry": { "type": "Point", "coordinates": [ 120.432515, -8.52258 ] } },
{ "type": "Feature", "properties": { "region": "Desa Takatunga, Kecamatan Golewa Selatan, Kabupaten Ngada", "location": "Dusun Tada dan Dusun Ngorabolo", "households": 13, "people": "67", "needs": "1. Beras\r\n2. Obat-obatan\r\n3. Pakaian", "reporter": "Agnes Bupu", "contact": "+62 857-9291-0936", "photo": "", "status": "Belum Ditangani", "notes": "" }, "geometry": { "type": "Point", "coordinates": [ 120.966659, -8.782031 ] } },
{ "type": "Feature", "properties": { "region": "Kab. Manggarai", "location": "Bonar, desa Pong Lengor, Kec. Rahong Utara, Kab. Manggarai.", "households": 2, "people": "7", "needs": "Butuh Beras 100 kg, Selimut, Spon, Material Bangunan: Semen 100 sak, Pasir 10 Ret, Bata Ringan 2.500 buah, Besi 100 Batang, tenda Tarpal?", "reporter": "YOHANES JUBION", "contact": "81353005480", "photo": "789c9c30ec86325249403f81eed2ee4d.jpg", "status": "Belum Ditangani", "notes": "" }, "geometry": { "type": "Point", "coordinates": [ 120.330758, -8.52431 ] } },
{ "type": "Feature", "properties": { "region": "Kab. Manggarai", "location": "Bonar, desa Pong Lengor, Kec. Rahong Utara, Kab. Manggarai.", "households": 2, "people": "7", "needs": "Butuh Beras 100 kg, Selimut, Spon, Material Bangunan: Semen 100 sak, Pasir 10 Ret, Bata Ringan 2.500 buah, Besi 100 Batang, tenda Tarpal?", "reporter": "YOHANES JUBION", "contact": "81353005480", "photo": "385db641da4510759acd82a799011e40.jpg", "status": "Belum Ditangani", "notes": "" }, "geometry": { "type": "Point", "coordinates": [ 120.330758, -8.52431 ] } },
{ "type": "Feature", "properties": { "region": "Leda", "location": "Leda, kel. Bangka Leda", "households": 3, "people": "13", "needs": "Butuh perbaikan, karena Rumah sudah retak, dan tidak bisa dihuni karena bagian sdh tidak kokoh lagi.", "reporter": "Oktavianus Candra kleruk", "contact": "81239536985", "photo": "9b233d0f679080befe4d8e978672f392.jpg", "status": "Belum Ditangani", "notes": "" }, "geometry": { "type": "Point", "coordinates": [ 120.444416, -8.618147 ] } },
{ "type": "Feature", "properties": { "region": "Leda", "location": "Leda, kel. Bangka Leda", "households": 3, "people": "13", "needs": "Butuh perbaikan, karena Rumah sudah retak, dan tidak bisa dihuni karena bagian sdh tidak kokoh lagi.", "reporter": "Oktavianus Candra kleruk", "contact": "81239536985", "photo": "2b7c66689e0e6c6b078a0cf314209a36.jpg", "status": "Belum Ditangani", "notes": "" }, "geometry": { "type": "Point", "coordinates": [ 120.444416, -8.618147 ] } },
{ "type": "Feature", "properties": { "region": "Ende", "location": "Jl.Ahmad Yani (Belakang  Dolog)\r\nkec: Ende Selatan\r\nkel : Tetandara\r\nRt/Rw : 003/004", "households": 4, "people": "8", "needs": "Beras,Minyak Goreng,Telur", "reporter": "Maria Ngura", "contact": "82342327583", "photo": "d398febf2c3165cb07bcd31818418cf2.jpeg", "status": "Belum Ditangani", "notes": "" }, "geometry": { "type": "Point", "coordinates": [ 121.66111, -8.869049 ] } },
{ "type": "Feature", "properties": { "region": "Nagekeo", "location": "Km1 Kel.Danga,Kec.Aesesa,Kab.Nagekeo", "households": 2, "people": "9", "needs": "Beras 100 Kg,Obat- obatan, Selimut", "reporter": "Maria Smersen Aga", "contact": "81236412580", "photo": "a5d734afe69a1eb9e84c9a3bde869b85.jpg", "status": "Belum Ditangani", "notes": "" }, "geometry": { "type": "Point", "coordinates": [ 121.272646, -8.557178 ] } },
{ "type": "Feature", "properties": { "region": "Nagekeo", "location": "Km1 Kel.Danga,Kec.Aesesa,Kab.Nagekeo", "households": 2, "people": "9", "needs": "Beras 100 Kg,Obat- obatan, Selimut", "reporter": "Maria Smersen Aga", "contact": "81236412580", "photo": "8dfa55999e646813de89fe92b412cb2b.jpg", "status": "Belum Ditangani", "notes": "" }, "geometry": { "type": "Point", "coordinates": [ 121.272646, -8.557178 ] } },
{ "type": "Feature", "properties": { "region": "Lewat", "location": "Lewat, Desa Lewat, Kecamatan Macang Pacar, Kabupaten Manggarai Barat", "households": 1, "people": "6", "needs": "Butuh Beras 50 Kg, telur, mie,  Butuh Selimut, Seprei, Butuh Peralatan Masak, Kursi, material pembuatan rumah baru", "reporter": "Kontantinus Jola", "contact": "85339177727", "photo": "4b00ff40ba966253e24623a17d0053d4.jpg", "status": "Belum Ditangani", "notes": "" }, "geometry": { "type": "Point", "coordinates": [ 120.272154, -8.434723 ] } },
{ "type": "Feature", "properties": { "region": "Manggarai", "location": "Woang, Kel pitak, kab. Manggarai", "households": 1, "people": "1", "needs": "Selimut dan beras", "reporter": "Ida Kopa", "contact": "81339229963", "photo": "6e816eff4b3d1326f6169ee23dc194cb.jpg", "status": "Belum Ditangani", "notes": "" }, "geometry": { "type": "Point", "coordinates": [ 120.523834, -8.494552 ] } },
{ "type": "Feature", "properties": { "region": "Compang mekar waerua", "location": "Wae rua dusun rasa datang compang mekar lamba leda", "households": 7, "people": "-", "needs": "Beras,obat obat obatnya, makanan ringan atau mie", "reporter": "Odilia sartika", "contact": "85337593023", "photo": "f8a0d37117c7bca2a292fc351b28f4ad.jpg", "status": "Belum Ditangani", "notes": "" }, "geometry": { "type": "Point", "coordinates": [ 120.550985, -8.449104 ] } },
{ "type": "Feature", "properties": { "region": "desa Ranggu , Manggarai Barat", "location": "sangat memperhatinkan", "households": 200, "people": "505 jiwa", "needs": "• 50kg beras\r\n• Obat-obat\r\n• Makanan bergizi", "reporter": "Wiliardo Bembot", "contact": "82147047836", "photo": "650052b80c4bb8c59acbd167932c26ac.jpg", "status": "Belum Ditangani", "notes": "" }, "geometry": { "type": "Point", "coordinates": [ 120.298576, -8.608024 ] } },
{ "type": "Feature", "properties": { "region": "KABUPATEN MANGGARAI", "location": "DESA PONG LENGOR\r\nKECAMATAN RAHONG UTARA", "households": 1, "people": "5", "needs": "Beras 50 kg\r\nSelimut \r\nTenda terpal\r\nSemen 50 sak", "reporter": "Roland Rampong", "contact": "85237068059", "photo": "", "status": "Belum Ditangani", "notes": "" }, "geometry": { "type": "Point", "coordinates": [ 120.350371, -8.504505 ] } },
{ "type": "Feature", "properties": { "region": "KABUPATEN MANGGARAI", "location": "Desa pong lengor kecamatan Rahong utara", "households": 1, "people": "5", "needs": "Beras 50 kg\r\nSelimut\r\nTenda terpal\r\nSemen 50 sak", "reporter": "Ferdinandus nambut", "contact": "85237068059", "photo": "6c677be615182eb463db3b2e695d9f28.jpg", "status": "Belum Ditangani", "notes": "" }, "geometry": { "type": "Point", "coordinates": [ 120.350371, -8.504505 ] } },
{ "type": "Feature", "properties": { "region": "Ende", "location": "Jl.Ahmad Yani \r\nKelurahan:Tetandara\r\nkec:Ende Selatan\r\nRt/Rw : 003/004", "households": 4, "people": "5", "needs": "Beras 50kg,Minyak Goreng,Telur.", "reporter": "Maria Ngura", "contact": "82236080724", "photo": "f0d7ccf6d43b496ca65c5b13eb663a76.png", "status": "Belum Ditangani", "notes": "" }, "geometry": { "type": "Point", "coordinates": [ 121.647835, -8.843392 ] } },
{ "type": "Feature", "properties": { "region": "Ende", "location": "Jl.Ahmad Yani \r\nKelurahan:Tetandara\r\nkec:Ende Selatan\r\nRt/Rw : 003/004", "households": 4, "people": "5", "needs": "Beras 50kg,Minyak Goreng,Telur.", "reporter": "Maria Ngura", "contact": "82236080724", "photo": "de3492faa2c2d2688fb28f930fd0804e.png", "status": "Belum Ditangani", "notes": "" }, "geometry": { "type": "Point", "coordinates": [ 121.647835, -8.843392 ] } },
{ "type": "Feature", "properties": { "region": "Ende", "location": "Jl.Ahmad Yani \r\nKelurahan:Tetandara\r\nkec:Ende Selatan\r\nRt/Rw : 003/004", "households": 4, "people": "5", "needs": "Beras 50kg,Minyak Goreng,Telur.", "reporter": "Maria Ngura", "contact": "82236080724", "photo": "e35f919066899b1ffa30ea3338a1ae6b.png", "status": "Belum Ditangani", "notes": "" }, "geometry": { "type": "Point", "coordinates": [ 121.647835, -8.843392 ] } },
{ "type": "Feature", "properties": { "region": "Sikka", "location": "Detuoja RT 010 RW 005 Desa Renggarasi kecamatan Tana Wawo Kabupaten Sikka provinsi Nusa Tenggara Timur", "households": 1, "people": "6", "needs": "Beras 100 kg, obat-obatan luka, selimut,kasur lantai, minyak goreng 20 liter,minyak tana 20 liter", "reporter": "Rosdiana", "contact": "81236862095", "photo": "ff0722639050ec3f3f6a12a59e6ea1f2.jpg", "status": "Belum Ditangani", "notes": "" }, "geometry": { "type": "Point", "coordinates": [ 121.975021, -8.722577 ] } },
{ "type": "Feature", "properties": { "region": "Sikka", "location": "Detuoja RT 010 RW 005 Desa Renggarasi kecamatan Tana Wawo Kabupaten Sikka provinsi Nusa Tenggara Timur", "households": 1, "people": "6", "needs": "Beras 100 kg, obat-obatan luka, selimut,kasur lantai, minyak goreng 20 liter,minyak tana 20 liter", "reporter": "Rosdiana", "contact": "81236862095", "photo": "d6c8451b59e772f112ab6bf2b447ebb0.jpg", "status": "Belum Ditangani", "notes": "" }, "geometry": { "type": "Point", "coordinates": [ 121.975021, -8.722577 ] } },
{ "type": "Feature", "properties": { "region": "Letajago RT 29 Kelurahan Danga Mbay Nagekeo", "location": "Letajago RT 29 Kelurahan Danga Kecamatan Aesesa MBAY", "households": 1, "people": "4", "needs": "Beras dan kebutuhan lainnya", "reporter": "Kasius Bhia", "contact": "81239211817", "photo": "991bae8eef9f5b6648af783a13f2cdfc.jpg", "status": "Belum Ditangani", "notes": "" }, "geometry": { "type": "Point", "coordinates": [ 121.258705, -8.587381 ] } },
{ "type": "Feature", "properties": { "region": "Letajago RT 29 Kelurahan Danga Mbay Nagekeo", "location": "Letajago RT 29 Kelurahan Danga Kecamatan Aesesa MBAY", "households": 1, "people": "4", "needs": "Beras dan kebutuhan lainnya", "reporter": "Kasius Bhia", "contact": "81239211817", "photo": "402df59612173a536a672eca26605736.jpg", "status": "Belum Ditangani", "notes": "" }, "geometry": { "type": "Point", "coordinates": [ 121.258705, -8.587381 ] } },
{ "type": "Feature", "properties": { "region": "KABUPATEN MANGGARAI", "location": "Desa pong lengor \r\nKecamatan Rahong Utara \r\nKab manggarai", "households": 1, "people": "6", "needs": "• Beras: 50 kg\r\n• Selimut\r\n• Zink\r\n• Semen\r\n• Obat-obatan\r\n• Tenda terpal", "reporter": "FRANSISKUS EDYSON JEBARU", "contact": "85237068059", "photo": "9f3e0adfb7ff2131287005b7d7e9c3b0.jpg", "status": "Belum Ditangani", "notes": "" }, "geometry": { "type": "Point", "coordinates": [ 120.350371, -8.504505 ] } },
{ "type": "Feature", "properties": { "region": "Manggarai Timur", "location": "Manggarai Timur \r\nDesa colol \r\nKec lamba Leda Timur", "households": 1, "people": "", "needs": "Beras selimut", "reporter": "Efrin Pandur", "contact": "82299424201", "photo": "d0affcb44732a7586df8238de0e4bc80.jpg", "status": "Belum Ditangani", "notes": "" }, "geometry": { "type": "Point", "coordinates": [ 120.701294, -8.587471 ] } },
{ "type": "Feature", "properties": { "region": "Laci kelurahan carep", "location": "Kantor lurah laci carep", "households": 4, "people": "18", "needs": "• Sembako", "reporter": "Klaudiana Nadia Kristiani", "contact": "82172506428", "photo": "", "status": "Belum Ditangani", "notes": "" }, "geometry": { "type": "Point", "coordinates": [ 120.487482, -8.615437 ] } },
{ "type": "Feature", "properties": { "region": "Nagekeo, Flores, NTT", "location": "RT 01,Wudu A, kelurahan Wolopogo, Boawae, Flores, NTT", "households": 16, "people": "73", "needs": "* Lampu emergensi\r\n* Kompor minyak tanah\r\n* Selimut\r\n* Beras (200 kg)", "reporter": "Yohanista Gualberta Wea Loa", "contact": "82144212334", "photo": "aa5523f431161bd57b05ad9983fc7e85.jpg", "status": "Belum Ditangani", "notes": "" }, "geometry": { "type": "Point", "coordinates": [ 121.257484, -8.670453 ] } },
{ "type": "Feature", "properties": { "region": "Nagekeo, Flores, NTT", "location": "RT 01,Wudu A, kelurahan Wolopogo, Boawae, Flores, NTT", "households": 16, "people": "73", "needs": "* Lampu emergensi\r\n* Kompor minyak tanah\r\n* Selimut\r\n* Beras (200 kg)", "reporter": "Yohanista Gualberta Wea Loa", "contact": "82144212334", "photo": "c4601ebe7aa41af8fc5c3c8e5d096579.jpg", "status": "Belum Ditangani", "notes": "" }, "geometry": { "type": "Point", "coordinates": [ 121.257484, -8.670453 ] } },
{ "type": "Feature", "properties": { "region": "Kabupaten Manggarai", "location": "Kecamatan Wae Rii\r\nDesa Poco", "households": 3, "people": "10", "needs": "Beras. selimut obat Tenda", "reporter": "Agustinus Sapeng", "contact": "82237947884", "photo": "7b470ca8dfdfeea3903dde3c18c12eb4.jpg", "status": "Belum Ditangani", "notes": "" }, "geometry": { "type": "Point", "coordinates": [ 120.491507, -8.544743 ] } },
{ "type": "Feature", "properties": { "region": "Kabupaten Manggarai", "location": "Kecamatan Wae Rii\r\nDesa Poco", "households": 3, "people": "10", "needs": "Beras. selimut obat Tenda", "reporter": "Agustinus Sapeng", "contact": "82237947884", "photo": "bafa3909f1f1b5fde68733367963ede0.jpg", "status": "Belum Ditangani", "notes": "" }, "geometry": { "type": "Point", "coordinates": [ 120.491507, -8.544743 ] } },
{ "type": "Feature", "properties": { "region": "Laja", "location": "Laja ,desa meler, kecamatan ruteng, kabupaten manggrai ,Nusa tenggara timur", "households": 2, "people": "4", "needs": "• Beras\r\n• Selimut\r\n• Obat-obatan\r\n• Obat batuk", "reporter": "Arianus sepi", "contact": "82124010370", "photo": "26d13aabe9199b33fd3d75a9f64ab766.jpg", "status": "Belum Ditangani", "notes": "" }, "geometry": { "type": "Point", "coordinates": [ 120.370669, -8.569937 ] } },
{ "type": "Feature", "properties": { "region": "manggarai timur", "location": "kec. Elar, Desa Compang Teo, Dusun Teo,RT 013, RW 003", "households": 80, "people": "351", "needs": "* Sembako\r\n* Pakayan", "reporter": "Alwi Ladi", "contact": "81353622580", "photo": "f816616385cf9b556db44fc60063a4ac.jpg", "status": "Belum Ditangani", "notes": "" }, "geometry": { "type": "Point", "coordinates": [ 120.748824, -8.516031 ] } },
{ "type": "Feature", "properties": { "region": "Desa Lalong", "location": "RT008/RW 004", "households": 96, "people": "384", "needs": "Beras dan sembako lainya\r\nTerpal", "reporter": "Marselinus misa", "contact": "81339696293", "photo": "3c08e6f13c28adfa390cf890eb7ffb3c.jpg", "status": "Belum Ditangani", "notes": "" }, "geometry": { "type": "Point", "coordinates": [ 120.440855, -8.57355 ] } },
{ "type": "Feature", "properties": { "region": "KABUPATEN MANGGARAI", "location": "DESA PONG LENGOR \r\nKECAMATAN RAHONG UTARA \r\nKABUPATEN MANGGARAI", "households": 2, "people": "5", "needs": "Berdasarkan laporan kebutuhan bencana, berikut adalah daftar bantuan yang dibutuhkan:\r\n1. Beras 50 kg\r\n2. Selimut\r\n3. Tenda terpal\r\n4. Semen 50 sak", "reporter": "Roland Rampong", "contact": "85237068059", "photo": "5ad0883894a18a422b7b570197dd17d2.jpg", "status": "Belum Ditangani", "notes": "" }, "geometry": { "type": "Point", "coordinates": [ 120.350371, -8.504505 ] } },
{ "type": "Feature", "properties": { "region": "KABUPATEN MANGGARAI", "location": "Desa pong lengor kecamatan Rahong utara", "households": 1, "people": "5", "needs": "1. Beras 50 kg\r\n2. Selimut\r\n3. Tenda terpal\r\n4. Semen\r\n5. Zink", "reporter": "ROLAND RAMPOBG", "contact": "85237068059", "photo": "c62cf316cce0050e3fb418457fb0669e.jpg", "status": "Belum Ditangani", "notes": "" }, "geometry": { "type": "Point", "coordinates": [ 120.350371, -8.504505 ] } },
{ "type": "Feature", "properties": { "region": "Manggarai Timur", "location": "Desa Colol Dusun Racang", "households": 100, "people": "200", "needs": "Beras 50 kg, selimut, obat, terpal,air, makanan cepat saji", "reporter": "Petrus Santus", "contact": "82237792349", "photo": "6f65e8b7554129291696ec5f4e359a11.jpg", "status": "Belum Ditangani", "notes": "" }, "geometry": { "type": "Point", "coordinates": [ 120.516958, -8.497639 ] } },
{ "type": "Feature", "properties": { "region": "Kabupaten Manggarai", "location": "Pa'ang carep kelurahan compang carep kecamatan Langke Rembong", "households": 1, "people": "3", "needs": "Beras dan bantuan lainx,", "reporter": "Flaviana Gaem", "contact": "82339368073", "photo": "", "status": "Belum Ditangani", "notes": "" }, "geometry": { "type": "Point", "coordinates": [ 120.602417, -8.528193 ] } },
{ "type": "Feature", "properties": { "region": "KABUPATEN MANGGARAI", "location": "Desa pong lengor", "households": 2, "people": "6", "needs": "1. Beras 50 kg\r\n2. Selimut\r\n3. Obat-obatan\r\n4. Tenda terpal\r\n5. Material semen\r\n6. Zink", "reporter": "ROLAND RAMPONG", "contact": "85237068059", "photo": "6c6547c3a151ef10e8c25729b1988981.jpg", "status": "Belum Ditangani", "notes": "" }, "geometry": { "type": "Point", "coordinates": [ 120.350371, -8.504505 ] } },
{ "type": "Feature", "properties": { "region": "carep ruteng manggarai", "location": "MANGGARAI", "households": 2, "people": "4", "needs": "BERAS,OBAT,SELIMUT,PAKAIAN,MIE INSTAN,OBAT OBATAN", "reporter": "evan joel", "contact": "89528014459", "photo": "b1ee6c2bb392a8233dd60e7951cec548.png", "status": "Belum Ditangani", "notes": "" }, "geometry": { "type": "Point", "coordinates": [ 120.487942, -8.617226 ] } },
{ "type": "Feature", "properties": { "region": "Dusun nengkem", "location": "Ras,RT 004 RW 002,Dusun Nengkem", "households": 46, "people": "194", "needs": "Beras,3880 kg,vitamin,mie instant,dll", "reporter": "Vensislaus usman", "contact": "81547452476", "photo": "3c9c179ca47a5c630dca1fcc61380f5e.jpg", "status": "Belum Ditangani", "notes": "" }, "geometry": { "type": "Point", "coordinates": [ 120.419756, -8.56039 ] } },
{ "type": "Feature", "properties": { "region": "Manggarai", "location": "Kabupaten Manggarai, Kecamatan Cibal Barat, Desa Wae Renca, dusun ngancar,kampung Karot Rt 003/Rw 002", "households": 18, "people": "65", "needs": "Butuh Beras", "reporter": "Ladislaus Hensa", "contact": "81239881900", "photo": "cca69045782cdbb6a2a3cb24c9f83d94.png", "status": "Belum Ditangani", "notes": "" }, "geometry": { "type": "Point", "coordinates": [ 120.459499, -8.426818 ] } },
{ "type": "Feature", "properties": { "region": "Redo", "location": "Kampung Redo, desa urang, kecamatan lelak, kabupaten Manggarai", "households": 30, "people": "135", "needs": "• Tenda\r\n• Obat-obatan", "reporter": "Roni Hormat", "contact": "82329518275", "photo": "3161d3597dec16c2ccdf3e0e313f9743.jpg", "status": "Belum Ditangani", "notes": "" }, "geometry": { "type": "Point", "coordinates": [ 120.287547, -8.652253 ] } },
{ "type": "Feature", "properties": { "region": "KABUPATEN MANGGARAI", "location": "Desa pong lengor kecamatan Rahong utara", "households": 2, "people": "6", "needs": "Bahan Kebutuhan:\r\n- Beras 50 kg\r\n- Selimut\r\n- Obat-obatan\r\n- Tenda terpal", "reporter": "Roland Rampong", "contact": "85237068059", "photo": "274be7564069c822e18136d999d0da1b.jpg", "status": "Belum Ditangani", "notes": "" }, "geometry": { "type": "Point", "coordinates": [ 120.350371, -8.504505 ] } },
{ "type": "Feature", "properties": { "region": "KABUPATEN MANGGARAI", "location": "Desa pong lengor kecamatan Rahong utara", "households": 2, "people": "6", "needs": "Bahan Kebutuhan:\r\n- Beras 50 kg\r\n- Selimut\r\n- Obat-obatan\r\n- Tenda terpal", "reporter": "Roland Rampong", "contact": "85237068059", "photo": "e81403976deaa672749a64f1fc51cd7e.jpg", "status": "Belum Ditangani", "notes": "" }, "geometry": { "type": "Point", "coordinates": [ 120.350371, -8.504505 ] } },
{ "type": "Feature", "properties": { "region": "Manggarai Barat", "location": "Desa Wae Mowol kecamatan lembor", "households": 80, "people": "500", "needs": "1.Beras : 8 ton \r\n2. Minyak Goreng : 1000 liter\r\n3. Sarana Pengungsian &amp; Pendukung\r\n4.Selimut : 160\r\n5.Makanan Siap Saji\r\n6.Pakaian : 500 pasang \r\n7. Peralatan Masak", "reporter": "Ignasius Jeminta", "contact": "82138044548", "photo": "8849c465e40571beedde5bac5c011da3.jpeg", "status": "Belum Ditangani", "notes": "" }, "geometry": { "type": "Point", "coordinates": [ 120.292899, -8.691089 ] } },
{ "type": "Feature", "properties": { "region": "Manggarai Barat", "location": "Desa Wae Mowol kecamatan lembor", "households": 80, "people": "500", "needs": "1.Beras : 8 ton \r\n2. Minyak Goreng : 1000 liter\r\n3. Sarana Pengungsian &amp; Pendukung\r\n4.Selimut : 160\r\n5.Makanan Siap Saji\r\n6.Pakaian : 500 pasang \r\n7. Peralatan Masak", "reporter": "Ignasius Jeminta", "contact": "82138044548", "photo": "3c9347c9c48ecbcd63d0c6597a8910c2.jpeg", "status": "Belum Ditangani", "notes": "" }, "geometry": { "type": "Point", "coordinates": [ 120.292899, -8.691089 ] } },
{ "type": "Feature", "properties": { "region": "Marilewa", "location": "Marilewa,RT/RW 005/000,Desa Tendakinde, Kecamatan Wolowae, Kabupaten Nagekeo", "households": 1, "people": "3", "needs": "Butuh beras 50 kg, Sembako dan selimut", "reporter": "Aurelius Mite Nena", "contact": "82141818459", "photo": "54a8f094eabd342d84b42241444f5943.jpg", "status": "Belum Ditangani", "notes": "" }, "geometry": { "type": "Point", "coordinates": [ 121.460552, -8.607239 ] } },
{ "type": "Feature", "properties": { "region": "Kab. Ngada, Kec. Riung Barat, Desa Benteng Tawa IV", "location": "Kab. Ngada, Kec Riung Barat, Desa Benteng Tawa IV, Dusun Mbazang", "households": 8, "people": "35", "needs": "1. Beras         8 kg\r\n2. Minyak        8 cirgen\r\n3. Rinso         8 dos\r\n4. Sabun mandi   8 dos\r\n5. Pempers bayi  5 pak\r\n6. Bawang        8 kg", "reporter": "Thomas Didimus Mbozang", "contact": "82137281795", "photo": "5e3145d45edbf5366cf7be1e3d473f5a.jpg", "status": "Belum Ditangani", "notes": "" }, "geometry": { "type": "Point", "coordinates": [ 120.660221, -8.579065 ] } },
{ "type": "Feature", "properties": { "region": "Nagekeo", "location": "Lego, RT 17, Rw00,Desa Aeramo kecamatan Aesesa kabupaten Nagekeo", "households": 1, "people": "3", "needs": "Beras 50 kg,selimut 3,tikar,3 dan obat", "reporter": "Adrianus Gore", "contact": "81238696642", "photo": "51d9d46aa5226d81039c6d4c4436f079.jpg", "status": "Belum Ditangani", "notes": "" }, "geometry": { "type": "Point", "coordinates": [ 121.244431, -8.66529 ] } },
{ "type": "Feature", "properties": { "region": "Desa Dimpong", "location": "dusun Wae Munta RT RW 008 004 Desa Dimpong", "households": 1, "people": "2", "needs": "Beras 50 kg ,Mie, Telur, Susu", "reporter": "Gradus Dapung", "contact": "82254931603", "photo": "a783eb483c3a9525e511c31a3058e387.jpg", "status": "Belum Ditangani", "notes": "" }, "geometry": { "type": "Point", "coordinates": [ 120.374256, -8.522523 ] } },
{ "type": "Feature", "properties": { "region": "Desa Dimpong", "location": "dusun Wae Munta RT RW 008 004 Desa Dimpong", "households": 1, "people": "2", "needs": "Beras 50 kg ,Mie, Telur, Susu", "reporter": "Gradus Dapung", "contact": "82254931603", "photo": "0f7fcc3041763b67f7a5816f4278e473.jpg", "status": "Belum Ditangani", "notes": "" }, "geometry": { "type": "Point", "coordinates": [ 120.374256, -8.522523 ] } },
{ "type": "Feature", "properties": { "region": "Manggarai Barat", "location": "Nobo, Desa Tondong Belang", "households": 1, "people": "2", "needs": "Beras, sembako, pakaian, selimut, kasur, peralatan dapur /rumah tangga, dan masih banyak lainnya,", "reporter": "Tiberius Prawira", "contact": "83852622320", "photo": "54fc4e458ee6ffbe2abc60c70cd6ba9d.png", "status": "Belum Ditangani", "notes": "" }, "geometry": { "type": "Point", "coordinates": [ 120.002415, -8.559027 ] } },
{ "type": "Feature", "properties": { "region": "KABUPATEN MANGGARAI", "location": "Desa pong Lengor kecamatan Rahong Utara", "households": 1, "people": "6", "needs": "• Beras 50 kg\r\n• Obat-obatan\r\n• Sembako\r\n• Selimut\r\n• Terpal\r\n• Tenda", "reporter": "ROLAND RAMPONG", "contact": "85237068059", "photo": "f6a8bbd0faa7ced2345598e661e14b0c.jpg", "status": "Belum Ditangani", "notes": "" }, "geometry": { "type": "Point", "coordinates": [ 120.350371, -8.504505 ] } },
{ "type": "Feature", "properties": { "region": "Marowaning Desa lengko namut", "location": "Marowaning desa lengko namut kecamatan elar manggarai timur", "households": 60, "people": "500", "needs": "100 kg beras,selimut dan kebutuhan lain", "reporter": "Angelina Sumiyati", "contact": "81338650975", "photo": "5dd89c4bccd9dc4586ef6a19cd1e1732.jpeg", "status": "Belum Ditangani", "notes": "" }, "geometry": { "type": "Point", "coordinates": [ 120.683438, -8.569891 ] } },
{ "type": "Feature", "properties": { "region": "Marowaning Desa lengko namut", "location": "Marowaning desa lengko namut kecamatan elar manggarai timur", "households": 60, "people": "500", "needs": "100 kg beras,selimut dan kebutuhan lain", "reporter": "Angelina Sumiyati", "contact": "81338650975", "photo": "a32036cc9a143569009ee4bc81ed7d50.jpeg", "status": "Belum Ditangani", "notes": "" }, "geometry": { "type": "Point", "coordinates": [ 120.683438, -8.569891 ] } },
{ "type": "Feature", "properties": { "region": "Marowaning Desa lengko namut", "location": "Marowaning desa lengko namut kecamatan elar manggarai timur", "households": 60, "people": "500", "needs": "100 kg beras,selimut dan kebutuhan lain", "reporter": "Angelina Sumiyati", "contact": "81338650975", "photo": "e6217c47637a836cbd8b5dc23a3c6086.jpeg", "status": "Belum Ditangani", "notes": "" }, "geometry": { "type": "Point", "coordinates": [ 120.683438, -8.569891 ] } },
{ "type": "Feature", "properties": { "region": "Desa Golo wuas kec wae rii kabupaten Manggarai", "location": "RT 007 dusun rembong", "households": 65, "people": "300", "needs": "Beras 500 kg, selimut, terpal, obat-obatan, gula, minyak goreng dan sembako lainnya", "reporter": "David Ombar", "contact": "81238339091", "photo": "1ec26acb3772b53e3cb2eb8706332046.jpg", "status": "Belum Ditangani", "notes": "" }, "geometry": { "type": "Point", "coordinates": [ 120.440813, -8.56348 ] } },
{ "type": "Feature", "properties": { "region": "Desa Golo wuas kec wae rii kabupaten Manggarai", "location": "RT 007 dusun rembong", "households": 65, "people": "300", "needs": "Beras 500 kg, selimut, terpal, obat-obatan, gula, minyak goreng dan sembako lainnya", "reporter": "David Ombar", "contact": "81238339091", "photo": "f07849c158e3723c421a149cc42d2aae.jpg", "status": "Belum Ditangani", "notes": "" }, "geometry": { "type": "Point", "coordinates": [ 120.440813, -8.56348 ] } },
{ "type": "Feature", "properties": { "region": "Desa Dimpong", "location": "dusun Wae Munta RT RW 008 004 Desa Dimpong", "households": 1, "people": "3", "needs": "Beras", "reporter": "Kongradus Talas", "contact": "-", "photo": "04b617360e75d94454cb9db84fea3b5c.jpg", "status": "Belum Ditangani", "notes": "" }, "geometry": { "type": "Point", "coordinates": [ 120.356036, -8.522523 ] } },
{ "type": "Feature", "properties": { "region": "Desa Dimpong", "location": "dusun Wae Munta RT RW 008 004 Desa Dimpong", "households": 1, "people": "3", "needs": "Beras", "reporter": "Kongradus Talas", "contact": "-", "photo": "610ef9b8a3495c2b68920c25ebfd015e.jpg", "status": "Belum Ditangani", "notes": "" }, "geometry": { "type": "Point", "coordinates": [ 120.356036, -8.522523 ] } },
{ "type": "Feature", "properties": { "region": "KABUPATEN MANGGARAI", "location": "Desa pong lengor kec Rahong Utara", "households": 2, "people": "8", "needs": "Berikut adalah daftar kebutuhan bencana yang singkat dan jelas:\r\n- Bantuan Beras: 50 kg\r\n- Selimut\r\n- Terpal", "reporter": "ROLAND RAMPONG", "contact": "85237068059", "photo": "f7753df66b102afbfcdb9c5f2c93d15d.jpg", "status": "Belum Ditangani", "notes": "" }, "geometry": { "type": "Point", "coordinates": [ 120.350371, -8.504505 ] } },
{ "type": "Feature", "properties": { "region": "Manggarai Barat", "location": "Nobo, Desa Tondong Belang, Kec.Mbeliling", "households": 2, "people": "4", "needs": "Kasur, beras, selimut,sembako,pakaian, dll", "reporter": "Tiberius Prawira", "contact": "83852622320", "photo": "4bee9b48d5ae57c647a4bff07ae1b388.png", "status": "Belum Ditangani", "notes": "" }, "geometry": { "type": "Point", "coordinates": [ 120.007123, -8.583125 ] } },
{ "type": "Feature", "properties": { "region": "KABUPATEN MANGGARAI", "location": "DESA PONG LENGOR KECAMATAN ROHONG UTARA", "households": 1, "people": "5", "needs": "* Beras 50 gram \r\n* Tenda", "reporter": "ROLAND RAMPONG", "contact": "ISIDORUS TAMPUNG", "photo": "3004100aebff9e155c87949772510dc5.jpg", "status": "Belum Ditangani", "notes": "" }, "geometry": { "type": "Point", "coordinates": [ 120.350371, -8.504505 ] } },
{ "type": "Feature", "properties": { "region": "Desa Dimpong", "location": "Wae Munta RT RW 008 004 Desa Dimpong", "households": 2, "people": "6 orang", "needs": "Beras, Mie, Susu", "reporter": "Wilfridus Ardianus Madu", "contact": "-", "photo": "08f5aa9c64291ec3fe54f23732dec954.jpg", "status": "Belum Ditangani", "notes": "" }, "geometry": { "type": "Point", "coordinates": [ 120.370846, -8.540884 ] } },
{ "type": "Feature", "properties": { "region": "Desa Dimpong", "location": "Wae Munta RT RW 008 004 Desa Dimpong", "households": 2, "people": "6 orang", "needs": "Beras, Mie, Susu", "reporter": "Wilfridus Ardianus Madu", "contact": "-", "photo": "a25d765ee03f9d4fd35d6cab5cd8fe46.jpg", "status": "Belum Ditangani", "notes": "" }, "geometry": { "type": "Point", "coordinates": [ 120.370846, -8.540884 ] } },
{ "type": "Feature", "properties": { "region": "Desa Dimpong", "location": "Wae Munta RT RW 008 004 Desa Dimpong", "households": 2, "people": "6 orang", "needs": "Beras, Mie, Susu", "reporter": "Wilfridus Ardianus Madu", "contact": "-", "photo": "dbde94ada80a582c860d7a24615b26df.jpg", "status": "Belum Ditangani", "notes": "" }, "geometry": { "type": "Point", "coordinates": [ 120.370846, -8.540884 ] } },
{ "type": "Feature", "properties": { "region": "Desa Dimpong", "location": "Wae Munta RT RW 008 004 Desa Dimpong", "households": 2, "people": "6 orang", "needs": "Beras, Mie, Susu", "reporter": "Wilfridus Ardianus Madu", "contact": "-", "photo": "dbde94ada80a582c860d7a24615b26df.jpg", "status": "Belum Ditangani", "notes": "" }, "geometry": { "type": "Point", "coordinates": [ 120.370846, -8.540884 ] } },
{ "type": "Feature", "properties": { "region": "Desa Dimpong", "location": "Wae Munta RT RW 008 004 Desa Dimpong", "households": 2, "people": "6 orang", "needs": "Beras, Mie, Susu", "reporter": "Wilfridus Ardianus Madu", "contact": "-", "photo": "d393acc1b3ba8bda5c5d642e46ad48b5.jpg", "status": "Belum Ditangani", "notes": "" }, "geometry": { "type": "Point", "coordinates": [ 120.370846, -8.540884 ] } },
{ "type": "Feature", "properties": { "region": "Desa Dimpong", "location": "Wae Munta RT RW 008 004 Desa Dimpong", "households": 2, "people": "6 orang", "needs": "Beras, Mie, Susu", "reporter": "Wilfridus Ardianus Madu", "contact": "-", "photo": "c6eef8a221173cc822f3ee6c3bb07feb.jpg", "status": "Belum Ditangani", "notes": "" }, "geometry": { "type": "Point", "coordinates": [ 120.370846, -8.540884 ] } },
{ "type": "Feature", "properties": { "region": "Desa Dimpong", "location": "Wae Munta RT RW 008 004 Desa Dimpong", "households": 2, "people": "6 orang", "needs": "Beras, Mie, Susu", "reporter": "Wilfridus Ardianus Madu", "contact": "-", "photo": "6c4b18e202afb438c6e0be5be238f807.jpg", "status": "Belum Ditangani", "notes": "" }, "geometry": { "type": "Point", "coordinates": [ 120.370846, -8.540884 ] } },
{ "type": "Feature", "properties": { "region": "DESA Golo wuas kec wae rii kabupaten Manggarai", "location": "Dusun Ntung RT 06", "households": 59, "people": "300", "needs": "Beras 500 kg, lauk pauk, gula, garam Vicin, minyak goreng, sabun cuci/mandi, obat-obatan, spon, terpal dan sembako lainnya", "reporter": "David Ombar", "contact": "81238339091", "photo": "5b25d9ac869aa08f9b4f4d4e658c3580.jpg", "status": "Belum Ditangani", "notes": "" }, "geometry": { "type": "Point", "coordinates": [ 120.438466, -8.562022 ] } },
{ "type": "Feature", "properties": { "region": "DESA Golo wuas kec wae rii kabupaten Manggarai", "location": "Dusun Ntung RT 06", "households": 59, "people": "300", "needs": "Beras 500 kg, lauk pauk, gula, garam Vicin, minyak goreng, sabun cuci/mandi, obat-obatan, spon, terpal dan sembako lainnya", "reporter": "David Ombar", "contact": "81238339091", "photo": "ea352edd333df633b2187b7267e68f13.jpg", "status": "Belum Ditangani", "notes": "" }, "geometry": { "type": "Point", "coordinates": [ 120.438466, -8.562022 ] } },
{ "type": "Feature", "properties": { "region": "Maumere", "location": "Kabupaten Sikka, Kecamatan Nita, Desa Nirangkliung, RT.006/RW.003", "households": 19, "people": "215", "needs": "Beras 100 KG, dan obat kalau biaa tambah beras.", "reporter": "Kolekta Bona", "contact": "85113085024", "photo": "d3ae6ec3eee352aad0f6475542b3123a.jpg", "status": "Belum Ditangani", "notes": "" }, "geometry": { "type": "Point", "coordinates": [ 122.089691, -8.621906 ] } },
{ "type": "Feature", "properties": { "region": "Elar(Marowaning)", "location": "Marowaning, desa Lenkoh Namut, Kec. Elar, Kab. Manggarai Timur", "households": 6, "people": "6", "needs": "Kami butuh bantuan semacam sembako, maupun bantuan lain lainnya", "reporter": "Paulus Van Erikson", "contact": "8213741899", "photo": "", "status": "Belum Ditangani", "notes": "" }, "geometry": { "type": "Point", "coordinates": [ 120.692612, -8.517257 ] } },
{ "type": "Feature", "properties": { "region": "Ende", "location": "Jalan trans flores", "households": 1, "people": "5", "needs": "- Beras 50 kg", "reporter": "Valentinus Gerald", "contact": "81380376009", "photo": "89b725bc53295fb9e527a82d259aa1d0.jpg", "status": "Belum Ditangani", "notes": "" }, "geometry": { "type": "Point", "coordinates": [ 120.492606, -8.617689 ] } },
{ "type": "Feature", "properties": { "region": "Karot golocuru", "location": "Kel Karot  Rt 034 RW 004", "households": 2, "people": "6", "needs": "• Bahan pokok: Beras, 50 kg", "reporter": "Stefanis Don", "contact": "81398182539", "photo": "eeaf7d48459dc5a8e4f51cf24992114c.jpg", "status": "Belum Ditangani", "notes": "" }, "geometry": { "type": "Point", "coordinates": [ 120.468414, -8.589404 ] } },
{ "type": "Feature", "properties": { "region": "Manggarai Nusa Tenggara Timur", "location": "Alamat Ndehes RT/RW 003/002 Desa Buar Kecamatan Rahong Utara kabupaten Manggarai Provinsi Nusa tenggara Timur", "households": 5, "people": "5", "needs": "Butuh dana pemulihan rumah", "reporter": "Elisabet gambul", "contact": "81239844078", "photo": "dcef797396c3b2585f467b78c8d470de.jpg", "status": "Belum Ditangani", "notes": "" }, "geometry": { "type": "Point", "coordinates": [ 120.384836, -8.526 ] } },
{ "type": "Feature", "properties": { "region": "Kabupaten Manggarai timur", "location": "Prof ntt Kabupaten Manggarai timur kecamatan elar desa haju ngendong", "households": 24, "people": "98 jiwa", "needs": "* Sembako\r\n* Obat obatan untuk bayi dan balita\r\n* Jaringan internet\r\n* Lampu untuk penerangan", "reporter": "Paulus Kadur", "contact": "82187993357", "photo": "1aac03c72b64fd6f8f1bf3968797741f.jpg", "status": "Belum Ditangani", "notes": "" }, "geometry": { "type": "Point", "coordinates": [ 120.736892, -8.547833 ] } },
{ "type": "Feature", "properties": { "region": "Kabupaten Manggarai timur", "location": "Prof ntt Kabupaten Manggarai timur kecamatan elar desa haju ngendong", "households": 24, "people": "98 jiwa", "needs": "* Sembako\r\n* Obat obatan untuk bayi dan balita\r\n* Jaringan internet\r\n* Lampu untuk penerangan", "reporter": "Paulus Kadur", "contact": "82187993357", "photo": "d984d9209cdd4962e6e19df1dd9d7064.jpg", "status": "Belum Ditangani", "notes": "" }, "geometry": { "type": "Point", "coordinates": [ 120.736892, -8.547833 ] } },
{ "type": "Feature", "properties": { "region": "Kabupaten Manggarai", "location": "RT:005 RW 002, Dusun Ndelok, Desa Pong Lengor, Kecamatan Rahong Utara, Kabupaten Manggarai, Nusa tenggara Timur", "households": 9, "people": "20", "needs": "Butuh beras 50-100kg, Selimut, Pakayan", "reporter": "Angelus Aprianus Kejuru", "contact": "82246933330", "photo": "97e8cbbd97297a8a7e91fa03f88bcc89.jpg", "status": "Belum Ditangani", "notes": "" }, "geometry": { "type": "Point", "coordinates": [ 120.374108, -8.548614 ] } },
{ "type": "Feature", "properties": { "region": "Kabupaten Manggarai", "location": "Kecamatan Wae Rii\r\nDesa Poco", "households": 5, "people": "30", "needs": "Beras, Selimut, Obat obatan tenda", "reporter": "Agustinus Sapeng", "contact": "82237947884", "photo": "38177974ccbd635a53463a7901efae46.jpg", "status": "Belum Ditangani", "notes": "" }, "geometry": { "type": "Point", "coordinates": [ 120.489053, -8.5477 ] } },
{ "type": "Feature", "properties": { "region": "Karot Golocuru", "location": "Karot rt 034 RW 004", "households": 1, "people": "5", "needs": "Beras: 50 kg", "reporter": "Remigius Jangkar", "contact": "82256931072", "photo": "4496b851ebeaed766fe456bc472d3281.jpg", "status": "Belum Ditangani", "notes": "" }, "geometry": { "type": "Point", "coordinates": [ 120.46836, -8.589229 ] } },
{ "type": "Feature", "properties": { "region": "Kampung Maumere", "location": "Dibelakang toko Titian mas,RT 017/RW 005, kelurahan Bangka nekang kecamatan Langke Rembong kabupaten Manggarai provinsi Nusa tenggara Timur", "households": 1, "people": "6", "needs": "Beras, selimut,sabun dan obat-obatan", "reporter": "Yeremias Leta", "contact": "82350672593", "photo": "7dfe2bc55f4df6ad6caed337d1f0899b.jpeg", "status": "Belum Ditangani", "notes": "" }, "geometry": { "type": "Point", "coordinates": [ 120.463539, -8.612966 ] } },
{ "type": "Feature", "properties": { "region": "Kabupaten Manggarai", "location": "Kecamatan Wae Rii\r\nDesa Poco", "households": 6, "people": "23", "needs": "- Beras\r\n- Selimut\r\n- Tenda\r\n- Obat-obatan", "reporter": "Agustinus Sapeng", "contact": "82237947884", "photo": "a9112aa5fd2be6ad64dd919a25bfaaa7.jpg", "status": "Belum Ditangani", "notes": "" }, "geometry": { "type": "Point", "coordinates": [ 120.490197, -8.54627 ] } },
{ "type": "Feature", "properties": { "region": "Manggarai Barat", "location": "Paurundang Desa Watu Manggar", "households": 1, "people": "4", "needs": "Butuh beras 100 kg, selimut dan pakaian", "reporter": "Siprianus Jehardianto", "contact": "81236584962", "photo": "c59829ab5da55f2e13c70b036b191c66.jpg", "status": "Belum Ditangani", "notes": "" }, "geometry": { "type": "Point", "coordinates": [ 120.19158, -8.415572 ] } },
{ "type": "Feature", "properties": { "region": "Kabupaten Ngada", "location": "Wangka selatan, Kecamatan Riung , Kabupaten Ngada", "households": 1, "people": "5", "needs": "Beras ,sembako dan selimut karena kami di daerah dingin kalau tidur di luar?", "reporter": "VINSENSIA RANDE", "contact": "85143237599", "photo": "", "status": "Belum Ditangani", "notes": "" }, "geometry": { "type": "Point", "coordinates": [ 121.071224, -8.515273 ] } },
{ "type": "Feature", "properties": { "region": "Lembor, Manggarai Barat, NTT", "location": "Maras, desa wae Kanta, Lembor, Manggarai Barat, NTT", "households": 1, "people": "2", "needs": "Butuh bantuan dana untuk perbaikan rumah korban gempa di Flores", "reporter": "Helendriana Apriani Gambu", "contact": "85182415581", "photo": "", "status": "Belum Ditangani", "notes": "" }, "geometry": { "type": "Point", "coordinates": [ 120.094299, -8.571176 ] } },
{ "type": "Feature", "properties": { "region": "Desa Golo Wuas kecamatan wae rii kabupaten Manggarai", "location": "RT 004 dusun ntung", "households": 32, "people": "89", "needs": "Beras 500 kg, selimut, terpal, obat-obatan, gula, minyak goreng, susu dan sembako lainnya", "reporter": "David Ombar", "contact": "81238339091", "photo": "54cbb97c5131461a5b8c7391b511d916.jpg", "status": "Belum Ditangani", "notes": "" }, "geometry": { "type": "Point", "coordinates": [ 120.438044, -8.560307 ] } },
{ "type": "Feature", "properties": { "region": "Kel golo Ru,u kecamatan kuwus kab Manggarai Barat", "location": "Kampung lamas Kel Golo Ru,u kecamatan kuwus kab Manggarai Barat", "households": 200, "people": "505 jiwa", "needs": "Beras 1000000 kg. minyak 50 liter. selimut 1 Pace 300.tenda 150.", "reporter": "ANJELUS FRISCO SARMIN", "contact": "81917431159", "photo": "4ddd043d42165098ce55b4d391e3170d.jpg", "status": "Belum Ditangani", "notes": "" }, "geometry": { "type": "Point", "coordinates": [ 120.26245, -8.584312 ] } },
{ "type": "Feature", "properties": { "region": "Kabupaten Ngada", "location": "Wangka selatan, Kecamatan Riung, Kabupaten Ngada", "households": 1, "people": "5", "needs": "Sembako,dan selimut karena daerah dingin kalau tidur di luar?", "reporter": "Vinsensia Rande", "contact": "85143237599", "photo": "6ec340bb3199cc735525c15224f07314.jpg", "status": "Belum Ditangani", "notes": "" }, "geometry": { "type": "Point", "coordinates": [ 121.056461, -8.556557 ] } },
{ "type": "Feature", "properties": { "region": "Mberawang", "location": "Mberawang Desa Tanjung Boleng kecamatan Boleng", "households": 5, "people": "3", "needs": "Semen dan peralatan dan perlengkapan bangunan untuk memperbaiki rumah yang runtuh", "reporter": "Cresenzia", "contact": "+62 813-3959-9151", "photo": "", "status": "Belum Ditangani", "notes": "" }, "geometry": { "type": "Point", "coordinates": [ 119.994773, -8.46645 ] } },
{ "type": "Feature", "properties": { "region": "Kabupaten Manggarai Barat", "location": "Dusun Kolong Desa Lewat Kecamatan Macang Pacar", "households": 1, "people": "4", "needs": "Semen, Pasir, Batako", "reporter": "Salomon Sudiman", "contact": "8132702300", "photo": "a9df81b04a9712435156c97be77cb0e6.jpg", "status": "Belum Ditangani", "notes": "" }, "geometry": { "type": "Point", "coordinates": [ 120.27247, -8.435037 ] } },
{ "type": "Feature", "properties": { "region": "Lembor, Manggarai Barat, NTT", "location": "MARAS, DESA WAE KANTA, KECAMATAN LEMBOR, KABUPATEN MANGGARAI BARAT, PROVINSI NUSA TENGGARA TIMUR.", "households": 1, "people": "2", "needs": "Butuh bantuan dana untuk perbaikan rumah korban gempa di Flores, kerusakan 75%", "reporter": "Helendriana Apriani Gambu", "contact": "85182415581", "photo": "764181278a12fc9bb2a2ca721a5014ac.jpg", "status": "Belum Ditangani", "notes": "" }, "geometry": { "type": "Point", "coordinates": [ 120.094299, -8.571176 ] } },
{ "type": "Feature", "properties": { "region": "Mberawang", "location": "Tanjung Boleng kampung Mberawang", "households": 4, "people": "4", "needs": "Semen dan perlengkapan bangunan untuk memperbaiki bagian rumah yang runtuh", "reporter": "Cresenzia", "contact": "+62 813-3959-9151", "photo": "200fdd855e250ac95690edf7287ddab8.jpeg", "status": "Belum Ditangani", "notes": "" }, "geometry": { "type": "Point", "coordinates": [ 119.993248, -8.46476 ] } },
{ "type": "Feature", "properties": { "region": "Ende utara,potu", "location": "Potu jalan Woloare", "households": 4, "people": "1", "needs": "Obat-obatan", "reporter": "Irma Nage", "contact": "81239069603", "photo": "", "status": "Belum Ditangani", "notes": "" }, "geometry": { "type": "Point", "coordinates": [ 121.643462, -8.832151 ] } },
{ "type": "Feature", "properties": { "region": "Manggarai Barat", "location": "Paurundang Desa Watu Manggar kecamatan macang pacar", "households": 1, "people": "3", "needs": "Butuh beras 100 kg, selimut dan pakaian", "reporter": "Siprianus Jehardianto", "contact": "81236584962", "photo": "ad9b3310dfad142b5726baf61a4e045e.jpg", "status": "Belum Ditangani", "notes": "" }, "geometry": { "type": "Point", "coordinates": [ 120.189963, -8.41643 ] } },
{ "type": "Feature", "properties": { "region": "Manggarai", "location": "Wae Belang, Kec. Ruteng, Kabupaten Manggarai, Nusa Tenggara Tim.", "households": 2, "people": "6", "needs": "- Beras: 100 kg\r\n- Selimut: 5\r\n- Pakaian: 12 pasang\r\n- Tenda: 1 buah", "reporter": "Yohanes suwanto banggut", "contact": "81284828584", "photo": "72c8c974796e23c953cf8e8067cc4863.jpg", "status": "Belum Ditangani", "notes": "" }, "geometry": { "type": "Point", "coordinates": [ 120.377737, -8.582665 ] } },
{ "type": "Feature", "properties": { "region": "Desa Buti", "location": "Terjadih gempa", "households": 1, "people": "Tidak ada", "needs": "Obat*tan", "reporter": "Selesius Radung", "contact": "82266395245", "photo": "", "status": "Belum Ditangani", "notes": "" }, "geometry": { "type": "Point", "coordinates": [ 120.424492, -8.575439 ] } },
{ "type": "Feature", "properties": { "region": "Manggarai Barat", "location": "Paurundang,Desa Watu Manggar kecamatan macang pacar", "households": 1, "people": "4", "needs": "Butuh beras 100 kg, selimut dan pakaian", "reporter": "Siprianus Jehardianto", "contact": "81236584962", "photo": "f6b5de5c71574b44a8d67aa4d8ef35dd.jpg", "status": "Belum Ditangani", "notes": "" }, "geometry": { "type": "Point", "coordinates": [ 120.190039, -8.416231 ] } },
{ "type": "Feature", "properties": { "region": "DESA Golo wuas kec wae rii kabupaten Manggarai", "location": "RT 003 Dusun ngantok", "households": 63, "people": "210", "needs": "Beras 300 kg, selimut, terpal, obat-obatan dan sembako lainnya", "reporter": "David Ombar", "contact": "81238339091", "photo": "db675ccfae839a7079f7cf92b496e306.jpg", "status": "Belum Ditangani", "notes": "" }, "geometry": { "type": "Point", "coordinates": [ 120.437048, -8.560793 ] } },
{ "type": "Feature", "properties": { "region": "DESA Golo wuas kec wae rii kabupaten Manggarai", "location": "RT 003 Dusun ngantok", "households": 63, "people": "210", "needs": "Beras 300 kg, selimut, terpal, obat-obatan dan sembako lainnya", "reporter": "David Ombar", "contact": "81238339091", "photo": "039621ab2d93814c5c97f009b7902b26.jpg", "status": "Belum Ditangani", "notes": "" }, "geometry": { "type": "Point", "coordinates": [ 120.437048, -8.560793 ] } },
{ "type": "Feature", "properties": { "region": "Manggarai", "location": "Beokina,desa Golo mangkok,kec.Rahong Utara", "households": 1, "people": "5", "needs": "Beras,dan kebutuhan pokok lainnya", "reporter": "Angelina skolastika jenita", "contact": "81237063882", "photo": "55fff56295e779f28ebce0587f3ac052.jpg", "status": "Belum Ditangani", "notes": "" }, "geometry": { "type": "Point", "coordinates": [ 120.415649, -8.537118 ] } },
{ "type": "Feature", "properties": { "region": "Maras, desa belang turi", "location": "Maras, desa belang turi kec,Ruteng kabupaten Manggarai tengah provinsi NTT", "households": 200, "people": "10", "needs": "Butuh beras 500 kg, selimut", "reporter": "Fridolinus Maret Cain", "contact": "85739510981", "photo": "621a17f4ad6397c5830c886f01f15cba.jpg", "status": "Belum Ditangani", "notes": "" }, "geometry": { "type": "Point", "coordinates": [ 120.348943, -8.59405 ] } },
{ "type": "Feature", "properties": { "region": "Kecamatan Kuwus", "location": "Desa Pangga, Kecamatan Kuwus, Kabupaten Manggarai Barat.", "households": 4, "people": "15", "needs": "Beras 100 Kg, dan kebutuhan pangan lainnya", "reporter": "Patrisius Jagom", "contact": "82192760061", "photo": "75832aa505371706f78720f795fd57af.jpg", "status": "Belum Ditangani", "notes": "" }, "geometry": { "type": "Point", "coordinates": [ 120.289982, -8.545497 ] } },
{ "type": "Feature", "properties": { "region": "Nagekeo", "location": "Kotakeo, Kec. Nangaroro", "households": 150, "people": "973", "needs": "- Obat-obatan P3K\r\n- Mie\r\n- Telur\r\n- Sayur\r\n- Bumbu\r\n- Tenda sementara\r\n- Beras", "reporter": "Nia Lada Gale", "contact": "82197119754", "photo": "3a01e50eb20c10581c9d7dc055b83b70.jpeg", "status": "Belum Ditangani", "notes": "" }, "geometry": { "type": "Point", "coordinates": [ 121.271878, -8.814394 ] } },
{ "type": "Feature", "properties": { "region": "Kabupaten Manggarai Barat", "location": "Dahang, Desa Pangga, Kec. Kuwus, Kabupaten Manggarai Barat", "households": 3, "people": "10", "needs": "Beras 100, lauk pauk, selimut,tenda,tempat tidur,pakaian", "reporter": "Ronaldus Harianto", "contact": "81339725982", "photo": "1bf0a2a07b009ef9988af765e2ab0e62.jpg", "status": "Belum Ditangani", "notes": "" }, "geometry": { "type": "Point", "coordinates": [ 120.290068, -8.545618 ] } },
{ "type": "Feature", "properties": { "region": "Rangga, desa pong majok, kec. Lembor kabupaten Manggarai Barat", "location": "Rangga, desa pong majok, kec. Lembor kab manggarai barat, NTT", "households": 1, "people": "6", "needs": "Butuh beras, selimut, dan obat2an", "reporter": "Yustina Ngaju", "contact": "81236042729", "photo": "542086272fd422991a1fde2bb0511772.jpg", "status": "Belum Ditangani", "notes": "" }, "geometry": { "type": "Point", "coordinates": [ 120.247985, -8.680338 ] } },
{ "type": "Feature", "properties": { "region": "Desa Wudi Kecamatan Cibal Kabupaten Manggarai Nusa Tenggara Timur", "location": "Desa Wudi Dusun Beawelu Kecamatan Cibal Kabupaten Manggarai", "households": 15, "people": "100", "needs": "Beras 200 Kg\r\nSembako, Tenda Camp,Kasur,Selimut", "reporter": "Albertus Cakrawan Agung", "contact": "82144209364", "photo": "517cbf0b92e9a91e4ef4f7c5ae76460d.jpg", "status": "Belum Ditangani", "notes": "" }, "geometry": { "type": "Point", "coordinates": [ 120.505407, -8.529307 ] } },
{ "type": "Feature", "properties": { "region": "Kecamatan Kuwus", "location": "Desa Pangga, Kecamatan Kuwus, Kabupaten Manggarai Barat.", "households": 4, "people": "15", "needs": "Beras 100 Kg, dan kebutuhan pangan lainnya", "reporter": "Patrisius Jagom", "contact": "82192760061", "photo": "44c39eebd0b264bb0925385411c26bfe.jpg", "status": "Belum Ditangani", "notes": "" }, "geometry": { "type": "Point", "coordinates": [ 120.289982, -8.545497 ] } },
{ "type": "Feature", "properties": { "region": "Kabupaten Ngada", "location": "Kecamatan wolomeze desa nginamanu selatan", "households": 20, "people": "80", "needs": "- Beras\r\n- Bahan makanan lain\r\n- Bahan bangunan", "reporter": "Yohanes Yosef solu Wawo", "contact": "82147003658", "photo": "", "status": "Belum Ditangani", "notes": "" }, "geometry": { "type": "Point", "coordinates": [ 121.043758, -8.659607 ] } },
{ "type": "Feature", "properties": { "region": "Rua", "location": "Rt03rw01", "households": 35, "people": "400", "needs": "Sembako beras dan lainya", "reporter": "Tadeus kabung", "contact": "85337141147", "photo": "c6c6d7ac944482a17308a1a923e1580b.jpg", "status": "Belum Ditangani", "notes": "" }, "geometry": { "type": "Point", "coordinates": [ 120.444389, -8.566571 ] } },
{ "type": "Feature", "properties": { "region": "Kec. Cibal Barat Kab Manggarai", "location": "Nanu, Desa Lenda", "households": 60, "people": "180", "needs": "• Beras\r\n• BBM (bensin)\r\n• Tenda posko darurat\r\n• Obat-obatan\r\n• Pakaian", "reporter": "Servasius Parut", "contact": "82311902676", "photo": "6e419da50bb39cc3c70b3229f9ed4432.jpg", "status": "Belum Ditangani", "notes": "" }, "geometry": { "type": "Point", "coordinates": [ 120.449468, -8.502717 ] } },
{ "type": "Feature", "properties": { "region": "Rua", "location": "Rt03rw01", "households": 35, "people": "400", "needs": "Sembako beras dan lainya", "reporter": "Tadeus kabung", "contact": "85337141147", "photo": "4bcb0ad2d1d38b6af5309b3bce6e614d.jpg", "status": "Belum Ditangani", "notes": "" }, "geometry": { "type": "Point", "coordinates": [ 120.444389, -8.566571 ] } },
{ "type": "Feature", "properties": { "region": "Kec. Cibal Barat Kab Manggarai", "location": "Nanu, Desa Lenda", "households": 60, "people": "180", "needs": "• Beras\r\n• BBM (bensin)\r\n• Tenda posko darurat\r\n• Obat-obatan\r\n• Pakaian", "reporter": "Servasius Parut", "contact": "82311902676", "photo": "7d77b0cf6574eb64c9ac7c6e151ff22f.jpg", "status": "Belum Ditangani", "notes": "" }, "geometry": { "type": "Point", "coordinates": [ 120.449468, -8.502717 ] } },
{ "type": "Feature", "properties": { "region": "Manggarai", "location": "Kampung ratung kel.pagal cibal Manggarai NTT", "households": 30, "people": "100", "needs": "Beras 100 kg, selimut, terpal, popok, sembako", "reporter": "ROFINUS PAHAR", "contact": "81337705500", "photo": "ab3bec9fd2ef9161b8febf3394c891e1.jpg", "status": "Belum Ditangani", "notes": "" }, "geometry": { "type": "Point", "coordinates": [ 120.459251, -8.524006 ] } },
{ "type": "Feature", "properties": { "region": "Kabupaten Ngada", "location": "Kecepatan wolomeze desa nginamanu selatan", "households": 20, "people": "80", "needs": "- Bahan makanan\r\n  - Beras\r\n  - Bahan makanan lain", "reporter": "Yohanes Yosef solu Wawo", "contact": "82147003658", "photo": "3250dd828ab9b198d23b05263f696064.jpg", "status": "Belum Ditangani", "notes": "" }, "geometry": { "type": "Point", "coordinates": [ 121.043758, -8.659607 ] } },
{ "type": "Feature", "properties": { "region": "desa rehak,kampung manges manggrai barat", "location": "ada beberapa rumah yang runtuh untuk korban belum tau jumlah", "households": -10, "people": "banyak", "needs": "- Obat\r\n- Beras\r\n- Bahan makan pokok lainnya", "reporter": "aldo arman", "contact": "+62 82147502167", "photo": "9da6c8a30e5995f59ddbf597d28ff192.jpeg", "status": "Belum Ditangani", "notes": "" }, "geometry": { "type": "Point", "coordinates": [ 120.268922, -8.627837 ] } },
{ "type": "Feature", "properties": { "region": "Nagekeo", "location": "Kotakeo Dua, Kec. Nangaroro", "households": 61, "people": "950", "needs": "Berikut adalah kebutuhan bencana dalam format daftar singkat dan jelas:\r\n\r\n• **Makanan:** Beras, Mie, telur\r\n• **Minuman:** Minyak\r\n• **Sarana Kesehatan:** P3K\r\n• **Penginapan:** Tenda sementara\r\n• **Pakaian:** Selimut", "reporter": "Nia Lada Gale", "contact": "82236176149", "photo": "eba4df3c4fa21bcd11c93ec5eb19f473.jpeg", "status": "Belum Ditangani", "notes": "" }, "geometry": { "type": "Point", "coordinates": [ 121.262633, -8.801533 ] } },
{ "type": "Feature", "properties": { "region": "Flores manggarai", "location": "Kecanataan ruteng, kabupaten manggarai. Desa ponglale", "households": 400, "people": "800", "needs": "* Beras\r\n* Selimut\r\n* Indomie\r\n* Susu\r\n* Baju\r\n* Minyak goreng", "reporter": "Oktaviano", "contact": "81945730636", "photo": "2abde132fb3826e1357cbe3a54871bd4.jpeg", "status": "Belum Ditangani", "notes": "" }, "geometry": { "type": "Point", "coordinates": [ 120.351929, -8.578912 ] } },
{ "type": "Feature", "properties": { "region": "Nggawang desa Ponglale .kec. Ruteng", "location": "Jln.cancar gowowelu , nggawang desa pong lael", "households": 9, "people": "Sebulan orang", "needs": "Kebutuhan beras 50 kg ,minyak goreng ,bahan makanan", "reporter": "Efrinus Agung", "contact": "83899890168", "photo": "75975cc77310808a770d85f42a7da431.jpg", "status": "Belum Ditangani", "notes": "" }, "geometry": { "type": "Point", "coordinates": [ 120.362582, -8.580587 ] } },
{ "type": "Feature", "properties": { "region": "Manggarai-NTT", "location": "Rongkam,RT.004/RW.002 Desa Bangka Ruang Kecamatan Rahong Utara kab Manggarai.", "households": 1, "people": "8", "needs": "Beras 50kg,Telur 3 papan dan bantuan lainnya.", "reporter": "Anselmus Jandu", "contact": "82144522538", "photo": "b2e9729ba31750c6bb7343fe244e986c.jpg", "status": "Belum Ditangani", "notes": "" }, "geometry": { "type": "Point", "coordinates": [ 120.384082, -8.506695 ] } },
{ "type": "Feature", "properties": { "region": "Nagekeo", "location": "Desa Kotakeo, Kec. Nangaroro", "households": 525, "people": "1231", "needs": "Bahan makanan pokok mie, tempe, telur, minyak, bawang, beras,air minum", "reporter": "Nia Lada Gale", "contact": "82197119754", "photo": "492a6ef617fd83ea6928ec772a957e06.jpeg", "status": "Belum Ditangani", "notes": "" }, "geometry": { "type": "Point", "coordinates": [ 121.25934, -8.803039 ] } },
{ "type": "Feature", "properties": { "region": "Kuwus Barat Manggarai Barat", "location": "Nao, Desa kolang, kecamatan kuwus Barat kabupaten Manggarai Barat", "households": 2, "people": "4 orang", "needs": "Butuh Terpal untuk buat tenda darurat", "reporter": "Maria sryanti", "contact": "81236292212", "photo": "", "status": "Belum Ditangani", "notes": "" }, "geometry": { "type": "Point", "coordinates": [ 120.217896, -8.627975 ] } },
{ "type": "Feature", "properties": { "region": "Kabupaten Manggarai", "location": "Provinsi: Nusa tenggara Timur \r\nKabupaten: Manggarai \r\nKecamatan:rahong Utara\r\nDesa     :compang dari", "households": 2, "people": "6", "needs": "Kami butuh sembako,uang,", "reporter": "Vandi Gadin", "contact": "85189240816", "photo": "524e9fcbc08df5f2ebfeae604be928dd.jpg", "status": "Belum Ditangani", "notes": "" }, "geometry": { "type": "Point", "coordinates": [ 120.843544, -8.636447 ] } },
{ "type": "Feature", "properties": { "region": "Ruteng- Flores", "location": "Cancar Kelurahan Wae Belang", "households": 2, "people": "6", "needs": "Butuh Sembako", "reporter": "Elias Mujur", "contact": "85847174027", "photo": "4b49790be060ed12f6ef86d44d238b42.jpg", "status": "Belum Ditangani", "notes": "" }, "geometry": { "type": "Point", "coordinates": [ 120.767212, -8.585293 ] } },
{ "type": "Feature", "properties": { "region": "Desa Golo wuas", "location": "Dusun Ntung RT 02", "households": 61, "people": "259", "needs": "Beras 300 Kg, terpal, selimut, bantal kepala, kasur, obat-obatan dan sembako lainnya", "reporter": "David Ombar", "contact": "81238339091", "photo": "6355915365c490498314c1fa98d18615.jpg", "status": "Belum Ditangani", "notes": "" }, "geometry": { "type": "Point", "coordinates": [ 120.438557, -8.5604 ] } },
{ "type": "Feature", "properties": { "region": "Manggarai Barat", "location": "Paurundang, watu Manggar, macang Pacar", "households": 1, "people": "4", "needs": "Beras 100 Kg, pakaian, obat-obatan", "reporter": "Blasius Luga", "contact": "82144216546", "photo": "4e962a21baa0c820311eb78666a4b6cd.jpg", "status": "Belum Ditangani", "notes": "" }, "geometry": { "type": "Point", "coordinates": [ 120.190301, -8.415847 ] } },
{ "type": "Feature", "properties": { "region": "Manggarai Barat", "location": "Paurundang, watu Manggar, macang Pacar", "households": 1, "people": "4", "needs": "Beras 100 Kg, pakaian, obat-obatan", "reporter": "Blasius Luga", "contact": "82144216546", "photo": "edd861ee96069cc11c98c54d3a7ca37b.jpg", "status": "Belum Ditangani", "notes": "" }, "geometry": { "type": "Point", "coordinates": [ 120.190301, -8.415847 ] } },
{ "type": "Feature", "properties": { "region": "Ruteng, Kabupaten Manggarai", "location": "Jalan lavender, RT033/RW010,Kel. Pau, Kec.Langke Rembong, Kab. Manggarai, Nusa Tenggara Timur", "households": 1, "people": "6", "needs": "Beras, Sembako, obat-obatan", "reporter": "Maksimilianus Agung", "contact": "81237011420", "photo": "71cd446281991edc42f9f8e7f230c146.jpg", "status": "Belum Ditangani", "notes": "" }, "geometry": { "type": "Point", "coordinates": [ 120.450264, -8.616694 ] } },
{ "type": "Feature", "properties": { "region": "Kabupaten Manggarai", "location": "Provinsi: Nusa tenggara Timur \r\nKabupaten: Manggarai \r\nKecamatan: rahong Utara \r\nDesa.    : Compang dari", "households": 6, "people": "6", "needs": "Sembako,obat,", "reporter": "Alfonsus mas", "contact": "87777435534", "photo": "8697fe822d0da3f5063668dbb5325bf4.jpg", "status": "Belum Ditangani", "notes": "" }, "geometry": { "type": "Point", "coordinates": [ 120.843544, -8.636447 ] } },
{ "type": "Feature", "properties": { "region": "Manggarai-NTT", "location": "Rongkam,RT.004/RW.002 Desa Bangka Ruang Kec.Rahong Utara Kab.Manggarai", "households": 1, "people": "3", "needs": "Beras 100 kg,Telur 3 papan,Selimut dan pakaian,material Pasir 3 Ret,Semen 50 Sak,Besi 20 btg,dan uang Tunai Rp.50,000,000.", "reporter": "Saverius Damat", "contact": "82144522538", "photo": "004aee697fb33577f5d0df5aa7c1f6e4.jpg", "status": "Belum Ditangani", "notes": "" }, "geometry": { "type": "Point", "coordinates": [ 120.384115, -8.506707 ] } },
{ "type": "Feature", "properties": { "region": "Kabupaten Manggarai", "location": "Provinsi: Nusa tenggara Timur \r\nKabupaten: Manggarai \r\nKecamatan: rahong Utara \r\nDesa.    : Compang dari", "households": 6, "people": "6", "needs": "Sembako,obat,", "reporter": "Alfonsus mas", "contact": "87777435534", "photo": "71045f516e8d4d7ab8e1622323ecb139.jpg", "status": "Belum Ditangani", "notes": "" }, "geometry": { "type": "Point", "coordinates": [ 120.843544, -8.636447 ] } },
{ "type": "Feature", "properties": { "region": "Manggarai Barat", "location": "Watu Manggar, macang Pacar", "households": 2, "people": "4", "needs": "Beras 100 kg,obat-obatan, Pakaian", "reporter": "Blasius Luga", "contact": "82144216546", "photo": "", "status": "Belum Ditangani", "notes": "" }, "geometry": { "type": "Point", "coordinates": [ 120.190301, -8.415847 ] } },
{ "type": "Feature", "properties": { "region": "Mangarai", "location": "Golopau, rt 008 rw 005 dusun cimpar", "households": 1, "people": "5", "needs": "Sembako", "reporter": "Bonevasius afrin", "contact": "81338695860", "photo": "7caceacef0bd7bf5637124af5895f4cc.jpg", "status": "Belum Ditangani", "notes": "" }, "geometry": { "type": "Point", "coordinates": [ 120.439516, -8.442277 ] } },
{ "type": "Feature", "properties": { "region": "Mangarai", "location": "Cimpar, rt 009 rw 005, dusun cimpar, desa wae renca", "households": 1, "people": "4", "needs": "Beras 50 kg, selimut, sembako", "reporter": "Maksimus Nimus", "contact": "81338695860", "photo": "3942bc4f8bb3c4ec16e80f1eb1081714.jpg", "status": "Belum Ditangani", "notes": "" }, "geometry": { "type": "Point", "coordinates": [ 120.435585, -8.443036 ] } },
{ "type": "Feature", "properties": { "region": "Kampung Dahang", "location": "Desa Pangga Kecamatan Kuwus Kab Manggarai Barat", "households": 17, "people": "60", "needs": "Beras,Pakaian,Selimut,Sembako dan kebutuhan dasar lainnya", "reporter": "Mikael Kolinsatrio", "contact": "81339698647", "photo": "", "status": "Belum Ditangani", "notes": "" }, "geometry": { "type": "Point", "coordinates": [ 120.30879, -8.550297 ] } },
{ "type": "Feature", "properties": { "region": "Manggarai Barat", "location": "Desa. wajur, kec. Kuwus barat, kab.manggrai barat", "households": 6, "people": "6", "needs": "Sembako,pakaian,", "reporter": "Maria imakulata", "contact": "0812-4689-1128", "photo": "ac2d6f51e0a8e9755815c6a235908072.jpg", "status": "Belum Ditangani", "notes": "" }, "geometry": { "type": "Point", "coordinates": [ 120.260747, -8.535577 ] } },
{ "type": "Feature", "properties": { "region": "Kampung Dahang", "location": "Kampung Dahang, Desa Pangga,Kecamatan Kuwus, Kabupaten Manggarai Barat", "households": 17, "people": "60", "needs": "Beras,Sembako,Pakaian dan kebutuhan Rumah tangga lainnya", "reporter": "Mikael Kolinsatrio", "contact": "81339698647", "photo": "9705d41c4df5a53c9d7126445120e424.jpg", "status": "Belum Ditangani", "notes": "" }, "geometry": { "type": "Point", "coordinates": [ 120.327759, -8.616835 ] } },
{ "type": "Feature", "properties": { "region": "Ende Flores", "location": "Rewarangga- Ende flores nusa tenggara timur", "households": 1, "people": "5", "needs": "Butuh beras 50 kg", "reporter": "Kristina Pada", "contact": "82146246403", "photo": "", "status": "Belum Ditangani", "notes": "" }, "geometry": { "type": "Point", "coordinates": [ 121.681252, -8.812304 ] } },
{ "type": "Feature", "properties": { "region": "Kabupaten manggarai", "location": "Cimpar, desa wae renca kecamatan Cibal barat", "households": 1, "people": "4", "needs": "* Sembako", "reporter": "Maksimus Nimus", "contact": "81337695860", "photo": "be8b97fe011f3844dadd46298d27ded7.jpg", "status": "Belum Ditangani", "notes": "" }, "geometry": { "type": "Point", "coordinates": [ 120.46701, -8.524895 ] } },
{ "type": "Feature", "properties": { "region": "Kabupaten Manggarai", "location": "Kecamatan Wae Rii\r\nDesa Poco", "households": 6, "people": "25", "needs": "• Beras\r\n• Selimut\r\n• Tenda\r\n• Obat-obatan", "reporter": "Agustinus Sapeng", "contact": "82237947884", "photo": "faa70f326f6b999d16874e3722c3234f.jpg", "status": "Belum Ditangani", "notes": "" }, "geometry": { "type": "Point", "coordinates": [ 120.484695, -8.551665 ] } },
{ "type": "Feature", "properties": { "region": "Kabupaten Manggarai", "location": "Gumbang, Desa Riung, Kecamatan Cibal-Kabupaten Manggarai", "households": 2, "people": "7", "needs": "* Beras", "reporter": "Petrus Mamat", "contact": "85337336531", "photo": "0da1100cb212ff5711a62c25bfa686b6.jpg", "status": "Belum Ditangani", "notes": "" }, "geometry": { "type": "Point", "coordinates": [ 120.450524, -8.439264 ] } },
{ "type": "Feature", "properties": { "region": "Nagekeo NTT", "location": "Desa Degalea,kecamatan Nangaroro", "households": 30, "people": "100", "needs": "Beras,selimut,pakayan,obat-obatan\r\nDan peralatan dapur", "reporter": "Alfonsus Aja", "contact": "81337268791", "photo": "a8c5efa4540cdba4a29a98b623790d3e.jpg", "status": "Belum Ditangani", "notes": "" }, "geometry": { "type": "Point", "coordinates": [ 121.30636, -8.800122 ] } },
{ "type": "Feature", "properties": { "region": "Kabupaten Manggarai", "location": "Gumbang, Desa Riung, Kecamatan Cibal-Kabupaten Manggarai", "households": 2, "people": "7", "needs": "Beras, dan lain-lain", "reporter": "Petrus Mamat", "contact": "85337336531", "photo": "cb51ea4e09827bcfb4360b74433d2a07.jpg", "status": "Belum Ditangani", "notes": "" }, "geometry": { "type": "Point", "coordinates": [ 120.450524, -8.439264 ] } },
{ "type": "Feature", "properties": { "region": "Kabupaten Manggarai", "location": "Gumbang, Desa Riung, Kecamatan Cibal-Kabupaten Manggarai", "households": 2, "people": "7", "needs": "Beras, dan lain-lain", "reporter": "Petrus Mamat", "contact": "85337336531", "photo": "7a34014c17a724f88abbead3fc6e2dd8.jpg", "status": "Belum Ditangani", "notes": "" }, "geometry": { "type": "Point", "coordinates": [ 120.450524, -8.439264 ] } },
{ "type": "Feature", "properties": { "region": "Reo, Reok, Manggarai, NTT", "location": "Kelurahan Reo, Kecamatan Reok, Kabupaten Manggarai, Nusa Tenggara Timur.", "households": 6000, "people": "15 orang", "needs": "Beras, mie, telur, dan aqua", "reporter": "Jihan Yasir Nur Jalilah", "contact": "82139712806", "photo": "dfa4826a723be108eba514e294121527.jpg", "status": "Belum Ditangani", "notes": "" }, "geometry": { "type": "Point", "coordinates": [ 120.486202, -8.310738 ] } },
{ "type": "Feature", "properties": { "region": "Melo", "location": "Kerusakan rumah", "households": 3, "people": "12", "needs": "Uang", "reporter": "Hilarius Oman", "contact": "82186726577", "photo": "", "status": "Belum Ditangani", "notes": "" }, "geometry": { "type": "Point", "coordinates": [ 120.532687, -8.511464 ] } },
{ "type": "Feature", "properties": { "region": "Jabupaten Manggarai", "location": "Kecamatan Wae Rii\r\nDesa Poco", "households": 6, "people": "25", "needs": "* Beras\r\n* Selimut\r\n* Obat-obatan\r\n* Tenda", "reporter": "Agustinus Sapeng", "contact": "82237947884", "photo": "d32f881a3867129812e0ef1e37b49737.jpg", "status": "Belum Ditangani", "notes": "" }, "geometry": { "type": "Point", "coordinates": [ 120.48843, -8.549925 ] } },
{ "type": "Feature", "properties": { "region": "Leong,Desa pocong,manggarai Timur", "location": "", "households": 5, "people": "", "needs": "Bantuan beras,selimut,perabotan dapur", "reporter": "GASPAR MUS", "contact": "82111815228", "photo": "", "status": "Belum Ditangani", "notes": "" }, "geometry": { "type": "Point", "coordinates": [ 120.553413, -8.508498 ] } },
{ "type": "Feature", "properties": { "region": "Desa Golo Wuas Kecamatan Wae Rii", "location": "Dusun Ntung RT 05", "households": 50, "people": "300", "needs": "Beras: 250 Kg\r\nSembako lainnya", "reporter": "David Ombar", "contact": "81238339091", "photo": "7905bd46db7b451fa005916d12053cc0.jpg", "status": "Belum Ditangani", "notes": "" }, "geometry": { "type": "Point", "coordinates": [ 120.438716, -8.560699 ] } },
{ "type": "Feature", "properties": { "region": "Cekalikang", "location": "Kelurahan Bangka Leleng, Kecamatan Lamba Leda Selatan, Kabupaten Manggarai Timur", "households": 120, "people": "300", "needs": "Obat-obatan, vitamin, makanan siap saji, sanitasi, tenda", "reporter": "Arlina", "contact": "82236088926", "photo": "9eede4854fd1ff5f7bd840c1c36c592b.jpeg", "status": "Belum Ditangani", "notes": "" }, "geometry": { "type": "Point", "coordinates": [ 120.561647, -8.598005 ] } },
{ "type": "Feature", "properties": { "region": "Kabupaten Manggarai", "location": "Desa Compang Cibal/Kecamatan Cibal Barat/Kabupaten Manggarai", "households": 2, "people": "6 Orang", "needs": "Beras Dan Bahan Bangunan", "reporter": "Octaviana Ndau", "contact": "81239615448", "photo": "a12dc68a43693cba58a63b77a7ab4cf1.jpg", "status": "Belum Ditangani", "notes": "" }, "geometry": { "type": "Point", "coordinates": [ 120.4680278, -8.493241 ] } },
{ "type": "Feature", "properties": { "region": "Desa wudi", "location": "Desa wudi, kec. cibal kabupaten manggarai", "households": 1, "people": "5 orang", "needs": "kami butuh sembako dan bahan makanan lain, dan kebutuhan rumah yang sudah rusak", "reporter": "Hendrikus Jeko", "contact": "81772378468", "photo": "03d706b10eaeb649deabd5a6d26e56da.jpg", "status": "Belum Ditangani", "notes": "" }, "geometry": { "type": "Point", "coordinates": [ 120.475104, -8.555443 ] } },
{ "type": "Feature", "properties": { "region": "Aeramo", "location": "Malaleji, RT 31, Desa Aeramo, Kabupaten Nagekeo", "households": 1, "people": "3", "needs": "1. Beras: 50 kg\r\n2. Obat-obatan\r\n3. Peralatan masak\r\n   a. Sayur\r\n   b. Lauk pauk", "reporter": "Konterius Nai", "contact": "82339548596", "photo": "bf86146ae4904fdc976ffde4749fdf90.jpg", "status": "Belum Ditangani", "notes": "" }, "geometry": { "type": "Point", "coordinates": [ 120.761719, -8.565593 ] } },
{ "type": "Feature", "properties": { "region": "Arubara", "location": "Arubara, Rt 001Rw001, Kelurahan Tetandara, Kecamatan Ende Selatan, Kabupaten Ende", "households": 2, "people": "7", "needs": "", "reporter": "Nurlin Djunaidin", "contact": "8999971231", "photo": "18ae3fa53ccde959e90d30cca25750d5.jpg", "status": "Belum Ditangani", "notes": "" }, "geometry": { "type": "Point", "coordinates": [ 121.661342, -8.864893 ] } },
{ "type": "Feature", "properties": { "region": "Manggarai", "location": "Lenteng,Desa compang dari,kecamatan rahong utara,kabupaten manggarai", "households": 396, "people": "1280", "needs": "• Makanan (beras)\r\n• Obat-obatan\r\n• Kemah pengungsi", "reporter": "Ferdinandus hamur", "contact": "87787471465", "photo": "", "status": "Belum Ditangani", "notes": "" }, "geometry": { "type": "Point", "coordinates": [ 120.393553, -8.548966 ] } },
{ "type": "Feature", "properties": { "region": "Karot golocuru", "location": "karot rt034 018rw", "households": 1, "people": "4", "needs": "• Beras 50kg", "reporter": "Agustinus Jemarut", "contact": "81238260193", "photo": "b5dfbfb64064be0581b65d44a071ee2e.jpg", "status": "Belum Ditangani", "notes": "" }, "geometry": { "type": "Point", "coordinates": [ 120.467813, -8.589626 ] } },
{ "type": "Feature", "properties": { "region": "Nenu, Desa paanleelng, kabupaten manggarai timur", "location": "Nenu, Desa paanleelng, kabupaten manggarai timur", "households": 2, "people": "7", "needs": "- Beras 50 kg\r\n- Obat-obatan", "reporter": "Ignasius sion", "contact": "82144108370", "photo": "2b895aed8859ea40c0036e0b3a74b5b6.png", "status": "Belum Ditangani", "notes": "" }, "geometry": { "type": "Point", "coordinates": [ 120.6956429, -8.7124761 ] } },
{ "type": "Feature", "properties": { "region": "Desa Nagerawe, kecamatan boawae , kabupaten nagekeo", "location": "RT 03 RW 02, Desa Nagerawe, kecamatan boawae , kabupaten nagekeo", "households": 5, "people": "Tidak ada korban jiwa", "needs": "Butuh beras", "reporter": "Lexianus Rebo Ona", "contact": "81286509628", "photo": "ad8fbfdf2f2ea64ec5487e8d9dc758bc.jpeg", "status": "Belum Ditangani", "notes": "" }, "geometry": { "type": "Point", "coordinates": [ 121.130791, -8.661589 ] } },
{ "type": "Feature", "properties": { "region": "Penginanga olalpe", "location": "Kabupaten Nagekeo,kecamatan Aesesa,kelurahan lape,rt003", "households": 2, "people": "6", "needs": "Sembako,beras,minyak,telur,mie,tembok rumah jebol.untuk sementara tidur di luar rumah", "reporter": "Yonatan lata", "contact": "82236316582", "photo": "11811b0fe09285c90dc1c85a045899f4.jpg", "status": "Belum Ditangani", "notes": "" }, "geometry": { "type": "Point", "coordinates": [ 120.668335, -8.543278 ] } },
{ "type": "Feature", "properties": { "region": "Penginanga olalpe", "location": "Kabupaten Nagekeo,kecamatan Aesesa,kelurahan lape,rt003", "households": 2, "people": "6", "needs": "Sembako,beras,minyak,telur,mie,tembok rumah jebol.untuk sementara tidur di luar rumah", "reporter": "Yonatan lata", "contact": "82236316582", "photo": "5b217a27e6516c69364384b7fe356ff3.jpg", "status": "Belum Ditangani", "notes": "" }, "geometry": { "type": "Point", "coordinates": [ 120.668335, -8.543278 ] } },
{ "type": "Feature", "properties": { "region": "Karot,Golo Rokat", "location": "Kelurahan Karot \r\nKecamatan Langke Rembong \r\nKabupaten Manggarai \r\nProvinsi Nusa Tenggara Timur", "households": 1, "people": "4", "needs": "Sembako dan Selimut", "reporter": "Anselmus Ocan Egot", "contact": "81236869614", "photo": "989e4fef3f74a44673ab6223a00716a7.jpg", "status": "Belum Ditangani", "notes": "" }, "geometry": { "type": "Point", "coordinates": [ 120.454559, -8.610846 ] } },
{ "type": "Feature", "properties": { "region": "Manggarai", "location": "Desa Bangka Ara", "households": 180, "people": "600", "needs": "Butuh beras 100 kg,selimut ukuran besar 3 lembar, terpal 5 lembar, air mineral 10 dos", "reporter": "Sebastianus Gaga", "contact": "85238890385", "photo": "57ff78e0243d4e53700b7850e6b65186.jpg", "status": "Belum Ditangani", "notes": "" }, "geometry": { "type": "Point", "coordinates": [ 120.441431, -8.491088 ] } },
{ "type": "Feature", "properties": { "region": "Bolawolon", "location": "Kangae-Tanaduen-rt/RW/014/05", "households": 2, "people": "4", "needs": "Beras", "reporter": "Yoseph Emanuel", "contact": "85134430267", "photo": "8efb8cb5d4d09ca1fe3d2e8019249a02.jpg", "status": "Belum Ditangani", "notes": "" }, "geometry": { "type": "Point", "coordinates": [ 120.565338, -8.525634 ] } },
{ "type": "Feature", "properties": { "region": "Pau, Desa Bangka Ajang", "location": "Dusun Pau, RT 007/RW 008,rumah di Lapangan Pau, samping rumah adat, atas nama keluarga besar Bapak Alfons Danggu", "households": 10, "people": "30 orang yang tidak punya tempat tinggal", "needs": "Butuh beras 100 kg, pakayan dan air minum, obat-obatan ( banyak korban yang sakit seperti demam)\r\ntempat tinggal seperti tenda untuk tidur,khususnya 10 kk yang tidak memiliki tempat tinggal sama sekali", "reporter": "IRENE MARITA TEME", "contact": "81339052379", "photo": "86ab92a5c51f9136656ba270a55f9491.jpg", "status": "Belum Ditangani", "notes": "" }, "geometry": { "type": "Point", "coordinates": [ 120.406873, -8.527139 ] } },
{ "type": "Feature", "properties": { "region": "Maumere", "location": "MAUMERE KELURAHAN:NANGAMETING,KECAMATAN:ALOK TIMUR,GANG 4", "households": 1, "people": "4", "needs": "Butuh beras dan mie", "reporter": "Kosmas Damianus Dulle", "contact": "81238834562", "photo": "e6b34538fb7a7a4ef19c4d3dc2664819.jpg", "status": "Belum Ditangani", "notes": "" }, "geometry": { "type": "Point", "coordinates": [ 122.240688, -8.647608 ] } },
{ "type": "Feature", "properties": { "region": "Maumere", "location": "MAUMERE KELURAHAN:NANGAMETING,KECAMATAN:ALOK TIMUR,GANG 4", "households": 1, "people": "4", "needs": "Butuh beras dan mie", "reporter": "Kosmas Damianus Dulle", "contact": "81238834562", "photo": "b103d28a40700368cc26b7cfb8f065c8.jpg", "status": "Belum Ditangani", "notes": "" }, "geometry": { "type": "Point", "coordinates": [ 122.240688, -8.647608 ] } },
{ "type": "Feature", "properties": { "region": "Flores Ende", "location": "Maukaro-Kamubheka", "households": 90, "people": "200", "needs": "Bangunan rumah dan lain&quot;", "reporter": "TINO JR", "contact": "82194401547", "photo": "f616f4a6a72c51726a3b773d559e5063.jpg", "status": "Belum Ditangani", "notes": "" }, "geometry": { "type": "Point", "coordinates": [ 121.679077, -8.660294 ] } },
{ "type": "Feature", "properties": { "region": "Provinsi Nusa Tenggara Timur, Kab. Manggarai Timur, Kec. Congkar, Desa Rana Mese", "location": "Kab. Manggarai Timur, Kec,Congkar, Desa Rana Mese, Dusun wangkar, RT/RW:002/004", "households": 2, "people": "6 orang", "needs": "", "reporter": "Florianus Aber", "contact": "81336630534", "photo": "2ec7794a328ea76c8002af13c2d288c3.jpg", "status": "Belum Ditangani", "notes": "" }, "geometry": { "type": "Point", "coordinates": [ 120.676609, -8.544876 ] } },
{ "type": "Feature", "properties": { "region": "Manggarai tengang", "location": "Desa wudi kecamatan cibal", "households": 7, "people": "7", "needs": "", "reporter": "Remigius ahyar", "contact": "81215749722", "photo": "8a9c5d4df35f49a9728a562cfade18c3.jpg", "status": "Belum Ditangani", "notes": "" }, "geometry": { "type": "Point", "coordinates": [ 120.46649, -8.604565 ] } },
{ "type": "Feature", "properties": { "region": "Kabupaten Manggarai", "location": "Dusun beawelu Desa Wudi kecamatan cibal kabupaten Manggarai", "households": 5, "people": "5", "needs": "Butuh beras dan selimut", "reporter": "Adrianus Sensi", "contact": "82144211229", "photo": "36ab1819b460af28603e2f73c771bf7f.jpg", "status": "Belum Ditangani", "notes": "" }, "geometry": { "type": "Point", "coordinates": [ 120.857849, -8.800015 ] } },
{ "type": "Feature", "properties": { "region": "Kabupaten Manggarai", "location": "Dusun beawelu Desa Wudi kecamatan cibal kabupaten Manggarai", "households": 5, "people": "5", "needs": "Butuh beras dan selimut", "reporter": "Adrianus Sensi", "contact": "82144211229", "photo": "5f4d6694ecb8d536190f04c690201e7c.jpg", "status": "Belum Ditangani", "notes": "" }, "geometry": { "type": "Point", "coordinates": [ 120.857849, -8.800015 ] } },
{ "type": "Feature", "properties": { "region": "Kab. Ende", "location": "Desa Ngalupolo, Kecamatan Ndona, Kab. Ende.", "households": 300, "people": "700", "needs": "Beras, minyak goreng, vitamin, pakaian layak pakai, buku untuk anak SD dan SMP dan selimut.", "reporter": "Br. Kristianus Riberu,SVD", "contact": "81384041554", "photo": "cb15bfc40a871e5cf5de9b4fefe30f36.jpg", "status": "Belum Ditangani", "notes": "" }, "geometry": { "type": "Point", "coordinates": [ 121.738414, -8.873148 ] } },
{ "type": "Feature", "properties": { "region": "Kelurahan Mbay I, Kec. Aesesa Kab..Nagekeo", "location": "Kajulaki,  RT 017/RW 000 Kelurahan Mbay I, Kec. Aesesa Kab..Nagekeo", "households": 12, "people": "48", "needs": "Butuh beras 50 kg, pembalut 6 pack, susu anak usia 1-5 tahun, telur 5 rak", "reporter": "Emilia Kamung Hambu", "contact": "82123640829", "photo": "9fcea383eb8c1d078beec6509ca94335.jpg", "status": "Belum Ditangani", "notes": "" }, "geometry": { "type": "Point", "coordinates": [ 121.2655191, -8.5482106 ] } },
{ "type": "Feature", "properties": { "region": "Kabupaten Manggarai", "location": "Kelurahan Bangka Leda - Watu Rutuk", "households": 2, "people": "8", "needs": "Beras 50kg, vitamin", "reporter": "Agustinus Jeman", "contact": "+62 813-3865-6075", "photo": "854c043e8ba3d7cbf5a7b099d72a5d0f.jpg", "status": "Belum Ditangani", "notes": "" }, "geometry": { "type": "Point", "coordinates": [ 120.44556, -8.62807 ] } },
{ "type": "Feature", "properties": { "region": "Maumere, Bolawolon", "location": "Bolawolon, Rt 014,Rw:005", "households": 2, "people": "6", "needs": "Beras", "reporter": "Maria Jesika Novianti Wua", "contact": "81338876283", "photo": "6e156c449d88ae1a246971935fbb27c6.jpg", "status": "Belum Ditangani", "notes": "" }, "geometry": { "type": "Point", "coordinates": [ 122.277832, -8.655907 ] } },
{ "type": "Feature", "properties": { "region": "Maumere, Bolawolon", "location": "Bolawolon, Rt 014,Rw:005", "households": 2, "people": "6", "needs": "Beras", "reporter": "Maria Jesika Novianti Wua", "contact": "81338876283", "photo": "5a437feba894a7d0138e898ff7744e94.jpg", "status": "Belum Ditangani", "notes": "" }, "geometry": { "type": "Point", "coordinates": [ 122.277832, -8.655907 ] } },
{ "type": "Feature", "properties": { "region": "Kamubheka", "location": "Kamubheka", "households": 1, "people": "5", "needs": "Beras 50kg, obat-obat, pakayan dan sembako", "reporter": "Adnasius Rinaldi mite", "contact": "82122045440", "photo": "3d6c8eaa83ce583cfdf92d4c4d345536.jpg", "status": "Belum Ditangani", "notes": "" }, "geometry": { "type": "Point", "coordinates": [ 121.48984, -8.662533 ] } },
{ "type": "Feature", "properties": { "region": "Kaca", "location": "Kaca,RT 05, Desa Surunumbeng kecamatan Lembor, kabupaten Manggarai Barat", "households": 1, "people": "", "needs": "Material perbaikan rumah", "reporter": "Yulius Eka Endang", "contact": "81375157317", "photo": "61cfdca7e3adb5de113b27d4b7d35f07.jpg", "status": "Belum Ditangani", "notes": "" }, "geometry": { "type": "Point", "coordinates": [ 120.22731008, -8.75073206 ] } },
{ "type": "Feature", "properties": { "region": "Kabupaten Manggarai", "location": "Desa Wudi, kecamatan cibal, kabupaten Manggarai Provinsi NTT", "households": 6, "people": "7", "needs": "Butuh bantuan beras, tenda darurat dan bantuan untuk kebersihan material", "reporter": "Wilhelmus Agung", "contact": "82322164332", "photo": "e087e897fb8e155f6c324a9c5929ef57.jpg", "status": "Belum Ditangani", "notes": "" }, "geometry": { "type": "Point", "coordinates": [ 120.717773, -8.473417 ] } },
{ "type": "Feature", "properties": { "region": "Kabupaten Manggarai", "location": "Desa Wudi, kecamatan cibal, kabupaten Manggarai Provinsi NTT", "households": 6, "people": "7", "needs": "Butuh bantuan beras, tenda darurat dan bantuan untuk kebersihan material", "reporter": "Wilhelmus Agung", "contact": "82322164332", "photo": "68d771a94a3804c2961fda26e5d71d67.jpg", "status": "Belum Ditangani", "notes": "" }, "geometry": { "type": "Point", "coordinates": [ 120.717773, -8.473417 ] } },
{ "type": "Feature", "properties": { "region": "Manggari ruteng", "location": "Kecamatan Ruteng, Desa Kakor", "households": 20, "people": "80", "needs": "Besar 50 kg, obat obatan, sangan pangan, pakaian", "reporter": "Paulus flores", "contact": "81337536640", "photo": "049739333fd61a0fb02e47395d96e03f.jpg", "status": "Belum Ditangani", "notes": "" }, "geometry": { "type": "Point", "coordinates": [ 120.406671, -8.579556 ] } },
{ "type": "Feature", "properties": { "region": "Kabupaten Sikka, Maumere", "location": "Maumere", "households": 5, "people": "18", "needs": "Beras 30kg, sabun,kaos kaki anak-anak dan orang dewasa", "reporter": "Karin", "contact": "81529737433", "photo": "ea53493039c36467352abf7c6fbd3802.jpg", "status": "Belum Ditangani", "notes": "" }, "geometry": { "type": "Point", "coordinates": [ 122.207939, -8.635517 ] } },
{ "type": "Feature", "properties": { "region": "Manggarai", "location": "Kabupaten Manggarai,\r\nDusun Ka Sama,RT/RW: 012/04 Kelurahan  Wali kecamatan Langke", "households": 2, "people": "10", "needs": "Beras 50 kg, pampers bayi, sabun, tenda dan perbaikan rumah rusak berat", "reporter": "Edilburga Nunur", "contact": "85253069254", "photo": "fa1098ffe96831387d4c56bc25e50a28.jpeg", "status": "Belum Ditangani", "notes": "" }, "geometry": { "type": "Point", "coordinates": [ 120.456682, -8.619074 ] } },
{ "type": "Feature", "properties": { "region": "MBAY, NAGEKEO", "location": "Watukesu, RT 021,Kelurahan Danga, Kecamatan Aesesa, Kabupaten Nagekeo", "households": 1, "people": "4", "needs": "Berikut adalah daftar kebutuhan bencana:\r\n\r\n• Beras\r\n• Makanan kaleng bergizi\r\n• Pakaian\r\n• Air mineral\r\n• Alat mandi wc", "reporter": "VINSENSIUS D CLEOPHAS", "contact": "8123718847", "photo": "39af019dd541045566748df5be3f93de.jpg", "status": "Belum Ditangani", "notes": "" }, "geometry": { "type": "Point", "coordinates": [ 121.2787206, -8.5652162 ] } },
{ "type": "Feature", "properties": { "region": "BOAWAE RATONGAMOBO", "location": "KABUPATEN NAGEKEO", "households": 2, "people": "4", "needs": "Butuh beras 50 kg", "reporter": "MARSELINUS CEME WOGA", "contact": "85238988268", "photo": "984b9c107e60f02eb0244576cc928820.jpg", "status": "Belum Ditangani", "notes": "" }, "geometry": { "type": "Point", "coordinates": [ 121.280712, -8.692694 ] } },
{ "type": "Feature", "properties": { "region": "RT 05 kelurahan Rega kecamatan Boawae kabupaten Nagekeo", "location": "Rumah Bapak Antonius Meo RT 05 Kelurahan Rega Kecamatan Boawae Kabupaten Nagekeo", "households": 2, "people": "10", "needs": "Beras, telur, pempers , selimut,terpal, minyak goreng, mie, pakaian, tikar, air minum", "reporter": "Elentrudis Bupu Kale", "contact": "85330635389", "photo": "c4b2620359bc5bc298b3ac22b6f17b97.jpg", "status": "Belum Ditangani", "notes": "" }, "geometry": { "type": "Point", "coordinates": [ 121.190834, -8.779498 ] } },
{ "type": "Feature", "properties": { "region": "Desa Momol, Kec Ndoso,  Kabupaten Manggarai Barat", "location": "Desa Momol, Kec Ndoso, Kabupaten Manggarai Barat, Nusa Tenggara Timur", "households": 400, "people": "900", "needs": "obat-obatan, beras, sembako", "reporter": "Kornelia Novasari", "contact": "81238787936", "photo": "", "status": "Belum Ditangani", "notes": "" }, "geometry": { "type": "Point", "coordinates": [ 120.323013, -8.49641 ] } },
{ "type": "Feature", "properties": { "region": "Maumere", "location": "Nawuteu, Rt. 012, RE. 006, Kolisia B, Magepanda, Sikka, Flores, NTT", "households": 1, "people": "5", "needs": "Perbaikan Kerusakan Rumah, Konsumsi", "reporter": "Yuventus Frengkianus Kaju", "contact": "85340542166", "photo": "92f2b6672c2a861c793da173ab59507a.jpeg", "status": "Belum Ditangani", "notes": "" }, "geometry": { "type": "Point", "coordinates": [ 122.077979, -8.546881 ] } },
{ "type": "Feature", "properties": { "region": "Ende", "location": "Jl. Ahmad Yani, RT 005/ RW 003, kelurahan Tetandara, Ende Selatan \r\nCukup dekat dengan area bandara, area pantai dan gunung", "households": 2259, "people": "8051", "needs": "1. Tenda\r\n2. Obat-obatan\r\n3. Selimut\r\n4. Terpal / alas tidur\r\n5. Sembako\r\n6. Kursi roda (untuk penyandang disabilitas)", "reporter": "Felisita Winanda Oka", "contact": "Mersi Iju +62 822 66043860 (salah satu anggota yan", "photo": "", "status": "Belum Ditangani", "notes": "" }, "geometry": { "type": "Point", "coordinates": [ 121.653891, -8.850853 ] } },
{ "type": "Feature", "properties": { "region": "Desa Ngera, Nagekeo, NTT", "location": "Dusun 4, RT 7, Desa Ngera, Kecamatan Keo Tengah, Kabupaten Nagekeo, Nusa Tenggara Timur", "households": 70, "people": "200", "needs": "Beras, obat-obatan, selimut, pakayan,", "reporter": "Rikardus Mbusa", "contact": "82146001813", "photo": "f8aa7f3e73c859ab4a73da1685ca8690.jpg", "status": "Belum Ditangani", "notes": "" }, "geometry": { "type": "Point", "coordinates": [ 121.251381, -8.870056 ] } },
{ "type": "Feature", "properties": { "region": "Kabupaten Sikka, Maumere", "location": "Desa Egon Gahar, Kec. Mapitara, Kabupaten Sikka", "households": 321, "people": "2217", "needs": "Beras 16050 KG, Selimut 2217 pcs, Sabun mandi 250 dos, mie instan 350 dos, obat-obatan. biskuit bayi 100 dos,", "reporter": "Arnoldus Aliando Bewat", "contact": "82247901286", "photo": "0367e2aeb1f00c63f2820421946d2c21.jpg", "status": "Belum Ditangani", "notes": "" }, "geometry": { "type": "Point", "coordinates": [ 122.241996, -8.677692 ] } },
{ "type": "Feature", "properties": { "region": "Manggarai Timur", "location": "Laci, desa bangka arus, kab. Manggarai Timur, Ntt", "households": 10, "people": "65", "needs": "Makan dan sayur sayuran", "reporter": "Efrit sulisti amadi", "contact": "8525392466", "photo": "f5ab8c3a2f1d9fd41545297407fe74bd.jpg", "status": "Belum Ditangani", "notes": "" }, "geometry": { "type": "Point", "coordinates": [ 120.594721, -8.533155 ] } },
{ "type": "Feature", "properties": { "region": "Kabupaten Sikka", "location": "Sinde Kabor, RT. 08, RW.02, Kelurahan Kota Uneng, Kecamatan Alok Kabupaten Sikka", "households": 6, "people": "16", "needs": "Butuh Beras 50 kg, Sarimi 1 Dos, Obat luka", "reporter": "Fransiskus Ndoje", "contact": "082 257 712 077", "photo": "9ce4b7ff3eff2281b62bf7b8b454a3b2.jpg", "status": "Belum Ditangani", "notes": "" }, "geometry": { "type": "Point", "coordinates": [ 122.213891, -8.609922 ] } },
{ "type": "Feature", "properties": { "region": "NUSA TENGGARA TIMUR", "location": "Desa Bangka Arus, Kecamatan Lamba Leda timur, Kabupaten Manggarai Timur", "households": 121, "people": "484 jiwa", "needs": "Butuh beras 50 KG, Air Minum Mineral, Masker dan Mi Instan", "reporter": "HERMINUS SURYANTO", "contact": "82235769605", "photo": "82fb9aa4549c3d1f08f3b5fe4c008e25.jpg", "status": "Belum Ditangani", "notes": "" }, "geometry": { "type": "Point", "coordinates": [ 120.595594, -8.532609 ] } },
{ "type": "Feature", "properties": { "region": "Desa. Aeramo, kec. Aesesa, kab. Nagekeo", "location": "Aeramo, malaharo", "households": 400, "people": "4000", "needs": "Beras, selimut dan bahan makan lain yaa", "reporter": "Fransisco", "contact": "81339621823", "photo": "ba89017d44505ffc949bfc064fb5be2b.jpg", "status": "Belum Ditangani", "notes": "" }, "geometry": { "type": "Point", "coordinates": [ 121.332182, -8.581767 ] } },
{ "type": "Feature", "properties": { "region": "Desa. Aeramo, kec. Aesesa, kab. Nagekeo", "location": "Desa. Aeromo jalur malagaro", "households": 400, "people": "4000", "needs": "Beras 500 kg, selimut dan bahan makanan lainya", "reporter": "Fransisco", "contact": "81339621823", "photo": "622b9fe741f1394e4d6966d55501d474.jpg", "status": "Belum Ditangani", "notes": "" }, "geometry": { "type": "Point", "coordinates": [ 121.332182, -8.581767 ] } },
{ "type": "Feature", "properties": { "region": "Desa. Aeramo, kec. Aesesa, kab. Nagekeo", "location": "Desa. Aeromo jalur malagaro", "households": 400, "people": "4000", "needs": "Beras 500 kg, selimut dan bahan makanan lainya", "reporter": "Fransisco", "contact": "81339621823", "photo": "200889156ec4763de0f14e69b359e990.jpg", "status": "Belum Ditangani", "notes": "" }, "geometry": { "type": "Point", "coordinates": [ 121.332182, -8.581767 ] } },
{ "type": "Feature", "properties": { "region": "Desa. Aeramo, kec. Aesesa, kab. Nagekeo", "location": "Desa. Aeromo jalur malagaro", "households": 400, "people": "4000", "needs": "Beras 500 kg, selimut dan bahan makanan lainya", "reporter": "Fransisco", "contact": "81339621823", "photo": "200889156ec4763de0f14e69b359e990.jpg", "status": "Belum Ditangani", "notes": "" }, "geometry": { "type": "Point", "coordinates": [ 121.332182, -8.581767 ] } },
{ "type": "Feature", "properties": { "region": "Desa. Aeramo, kec. Aesesa, kab. Nagekeo", "location": "Desa. Aeromo jalur malagaro", "households": 400, "people": "4000", "needs": "Beras 500 kg, selimut dan bahan makanan lainya", "reporter": "Fransisco", "contact": "81339621823", "photo": "200889156ec4763de0f14e69b359e990.jpg", "status": "Belum Ditangani", "notes": "" }, "geometry": { "type": "Point", "coordinates": [ 121.332182, -8.581767 ] } },
{ "type": "Feature", "properties": { "region": "Desa. Aeramo, kec. Aesesa, kab. Nagekeo", "location": "Desa. Aeromo jalur malagaro", "households": 400, "people": "4000", "needs": "Beras 500 kg, selimut dan bahan makanan lainya", "reporter": "Fransisco", "contact": "81339621823", "photo": "200889156ec4763de0f14e69b359e990.jpg", "status": "Belum Ditangani", "notes": "" }, "geometry": { "type": "Point", "coordinates": [ 121.332182, -8.581767 ] } },
{ "type": "Feature", "properties": { "region": "Desa. Aeramo, kec. Aesesa, kab. Nagekeo", "location": "Desa. Aeromo jalur malagaro", "households": 400, "people": "4000", "needs": "Beras 500 kg, selimut dan bahan makanan lainya", "reporter": "Fransisco", "contact": "81339621823", "photo": "200889156ec4763de0f14e69b359e990.jpg", "status": "Belum Ditangani", "notes": "" }, "geometry": { "type": "Point", "coordinates": [ 121.332182, -8.581767 ] } },
{ "type": "Feature", "properties": { "region": "Desa. Aeramo, kec. Aesesa, kab. Nagekeo", "location": "Desa. Aeromo jalur malagaro", "households": 400, "people": "4000", "needs": "Beras 500 kg, selimut dan bahan makanan lainya", "reporter": "Fransisco", "contact": "81339621823", "photo": "46afcd2ab3a715da275d01858c079f4e.jpg", "status": "Belum Ditangani", "notes": "" }, "geometry": { "type": "Point", "coordinates": [ 121.332182, -8.581767 ] } },
{ "type": "Feature", "properties": { "region": "Desa. Aeramo, kec. Aesesa, kab. Nagekeo", "location": "Desa. Aeromo jalur malagaro", "households": 400, "people": "4000", "needs": "Beras 500 kg, selimut dan bahan makanan lainya", "reporter": "Fransisco", "contact": "81339621823", "photo": "efc72f9a7f992c1d9c9cf643feb6c58f.jpg", "status": "Belum Ditangani", "notes": "" }, "geometry": { "type": "Point", "coordinates": [ 121.332182, -8.581767 ] } },
{ "type": "Feature", "properties": { "region": "Desa. Aeramo, kec. Aesesa, kab. Nagekeo", "location": "Desa. Aeromo jalur malagaro", "households": 400, "people": "4000", "needs": "Beras 500 kg, selimut dan bahan makanan lainya", "reporter": "Fransisco", "contact": "81339621823", "photo": "9d607e46b60e6db5b03f84fe1b1ccf43.jpg", "status": "Belum Ditangani", "notes": "" }, "geometry": { "type": "Point", "coordinates": [ 121.332182, -8.581767 ] } },
{ "type": "Feature", "properties": { "region": "Desa. Aeramo, kec. Aesesa, kab. Nagekeo", "location": "Desa. Aeromo jalur malagaro", "households": 400, "people": "4000", "needs": "Beras 500 kg, selimut dan bahan makanan lainya", "reporter": "Fransisco", "contact": "81339621823", "photo": "fa9ceec3e5491bde03c5045bb4e8757c.jpg", "status": "Belum Ditangani", "notes": "" }, "geometry": { "type": "Point", "coordinates": [ 121.332182, -8.581767 ] } },
{ "type": "Feature", "properties": { "region": "Desa. Aeramo, kec. Aesesa, kab. Nagekeo", "location": "Desa. Aeromo jalur malagaro", "households": 400, "people": "4000", "needs": "Beras 500 kg, selimut dan bahan makanan lainya", "reporter": "Fransisco", "contact": "81339621823", "photo": "664fc57eefd286318e313df7af39f837.jpg", "status": "Belum Ditangani", "notes": "" }, "geometry": { "type": "Point", "coordinates": [ 121.332182, -8.581767 ] } },
{ "type": "Feature", "properties": { "region": "Desa. Aeramo, kec. Aesesa, kab. Nagekeo", "location": "Desa. Aeromo jalur malagaro", "households": 400, "people": "4000", "needs": "Beras 500 kg, selimut dan bahan makanan lainya", "reporter": "Fransisco", "contact": "81339621823", "photo": "35ddcb816a87e6c89af736138cc1a2bd.jpg", "status": "Belum Ditangani", "notes": "" }, "geometry": { "type": "Point", "coordinates": [ 121.332182, -8.581767 ] } },
{ "type": "Feature", "properties": { "region": "Desa. Aeramo, kec. Aesesa, kab. Nagekeo", "location": "Desa. Aeromo jalur malagaro", "households": 400, "people": "4000", "needs": "Beras 500 kg, selimut dan bahan makanan lainya", "reporter": "Fransisco", "contact": "81339621823", "photo": "f561f2ce058bf02aceed5c0a2d168f7f.jpg", "status": "Belum Ditangani", "notes": "" }, "geometry": { "type": "Point", "coordinates": [ 121.332182, -8.581767 ] } },
{ "type": "Feature", "properties": { "region": "Manggarai", "location": "Desa kentol, kecamatan cibal, kabupaten manggarai", "households": 90, "people": "Hampir 500", "needs": "1. Beras\r\n2. Pakayan (tidak jelas, mungkin:jamban portable)\r\n3. Obat-obatan\r\n4. Susu bayi\r\n5. Sayur-sayuran dan bahan makanan lainnya", "reporter": "Kristo", "contact": "0813-3921-1819", "photo": "f32e1e5d41b269236b5b46c4f1dc1f45.jpg", "status": "Belum Ditangani", "notes": "" }, "geometry": { "type": "Point", "coordinates": [ 120.4632, -8.477659 ] } },
{ "type": "Feature", "properties": { "region": "Flores Manggarai Timur Ntt desa buti kecamatan congkar", "location": "Manggarai Timur, kecamatan cengkareng, desa Buti. NTT", "households": 205, "people": "1222  jiwa", "needs": "• Sembako\r\n• Selimut\r\n• Obat-obatan\r\n• Tenda", "reporter": "Yosefina Nirma Wati", "contact": "+62 821-1335-8590", "photo": "5fcf96a6d51f998ebbdb1bf4d4b8b0d8.jpg", "status": "Belum Ditangani", "notes": "" }, "geometry": { "type": "Point", "coordinates": [ 120.660963, -8.866967 ] } },
{ "type": "Feature", "properties": { "region": "Manggarai Barat provinsi NTT", "location": "Desa Manong kecamatan pacar kabupaten Manggarai Barat provinsi NTT", "households": 2147483647, "people": "4 orang", "needs": "1. Beras, 50 kg\r\n2. Selimut\r\n3. Obat-obatan", "reporter": "Siprianus Janggur", "contact": "81246303485", "photo": "d853760e6b99ca8e0efa16848af6d0ed.jpg", "status": "Belum Ditangani", "notes": "" }, "geometry": { "type": "Point", "coordinates": [ 120.437622, -8.559942 ] } },
{ "type": "Feature", "properties": { "region": "Desa Compang Teber, Rana Mese Manggarai Timur", "location": "Di desa Teber, masuk pedalaman pedesaan", "households": 380, "people": "1404", "needs": "Butuh bantuan sayur mayur karena disini tda ada sayur maupun ikan dan buah, disini pun listrik sngt susah dan jaringan tda ada", "reporter": "Maria Aldania Federika M. Pedo", "contact": "81238357794", "photo": "d36bf56189e68fce1ed2232676fce44a.jpg", "status": "Belum Ditangani", "notes": "" }, "geometry": { "type": "Point", "coordinates": [ 120.704041, -8.567442 ] } },
{ "type": "Feature", "properties": { "region": "Desa Compang Teber, Rana Mese Manggarai Timur", "location": "Di desa Teber, masuk pedalaman pedesaan", "households": 380, "people": "1404", "needs": "Butuh bantuan sayur mayur karena disini tda ada sayur maupun ikan dan buah, disini pun listrik sngt susah dan jaringan tda ada", "reporter": "Maria Aldania Federika M. Pedo", "contact": "81238357794", "photo": "10072b7d2c9f1d936341cdf7c531d980.jpg", "status": "Belum Ditangani", "notes": "" }, "geometry": { "type": "Point", "coordinates": [ 120.704041, -8.567442 ] } },
{ "type": "Feature", "properties": { "region": "Kumba Kel. Satar Tacik", "location": "Kumba Kelurahan Satar Tacik Kec. Langke Rembong Kabupaten Manggarai NTT", "households": 1, "people": "5 Orang", "needs": "Butuh Beras 100 Kg\r\nBaham Sembako Dll", "reporter": "Matias Tampur", "contact": "+62 852-3844-2451", "photo": "6d4bb3bc985221e9a4039c524176d1d8.jpg", "status": "Belum Ditangani", "notes": "" }, "geometry": { "type": "Point", "coordinates": [ 120.476932, -8.604053 ] } },
{ "type": "Feature", "properties": { "region": "Nusa tenggara Timur", "location": "Desa ubedolumolo 1 kec Bajawa kab ngada", "households": 300, "people": "1000", "needs": "Butuh beras, selimut, tikar, bantal, senter", "reporter": "Andi", "contact": "081 238 713 878", "photo": "117a650846d39e6fecacc0f82323f346.jpg", "status": "Belum Ditangani", "notes": "" }, "geometry": { "type": "Point", "coordinates": [ 120.971649, -8.792878 ] } },
{ "type": "Feature", "properties": { "region": "Nangadhero", "location": "Desa Nangadhero, Kabupaten Nagekeo, provinsi NTT", "households": 479, "people": "1827", "needs": "Sandang\r\nPangan\r\nPapan", "reporter": "Fitriyani", "contact": "85602855407", "photo": "e04536ad0a3eac174fec16128d55c20c.jpg", "status": "Belum Ditangani", "notes": "" }, "geometry": { "type": "Point", "coordinates": [ 121.331062, -8.566344 ] } },
{ "type": "Feature", "properties": { "region": "Manggarai", "location": "Roku, RT/RW :006/003, Dusun : Pangkas, Desa : Pong Murung, Kec. : Ruteng", "households": 1, "people": "3", "needs": "Beras 50 Kg, Gula : 30 Kg, Minyak Goreng 10 liter. Semen 50 sak, Pasir 30 ret", "reporter": "Longginus Daput", "contact": "82266143003", "photo": "", "status": "Belum Ditangani", "notes": "" }, "geometry": { "type": "Point", "coordinates": [ 120.404043, -8.598345 ] } },
{ "type": "Feature", "properties": { "region": "Nagekeo", "location": "Umarawi,Aeramo, Mbay, Nagekeo", "households": 1, "people": "5", "needs": "• Beras\r\n• Tikar\r\n• Selimut\r\n• Obat-obatan", "reporter": "Sirenstiana Goo", "contact": "81239927826", "photo": "898b44c86ad6d3a013d699b2a385a441.jpg", "status": "Belum Ditangani", "notes": "" }, "geometry": { "type": "Point", "coordinates": [ 121.327887, -8.578441 ] } },
{ "type": "Feature", "properties": { "region": "Kabupaten manggarai", "location": "Jalan. Golo curu,kelurahan karot, kecamatan Langke Rembong, kabupaten manggarai", "households": 8, "people": "35", "needs": "Beras dan terpal", "reporter": "Ryan kondo", "contact": "85343598325", "photo": "482c5e1c590c0396bd95d26f5d3627c1.jpg", "status": "Belum Ditangani", "notes": "" }, "geometry": { "type": "Point", "coordinates": [ 120.459137, -8.603766 ] } },
{ "type": "Feature", "properties": { "region": "Kabupaten Manggarai", "location": "Ting, Desa Satar Ngkeling Kabupaten Manggarai\r\nNusa Tenggara Timur", "households": 2, "people": "7 orang", "needs": "Beras 100 kg\r\nObat obatan\r\nSembako dll", "reporter": "Marianus Dakar", "contact": "82138791906", "photo": "5bb241ee17fe6711259b9d5028ebfac8.jpg", "status": "Belum Ditangani", "notes": "" }, "geometry": { "type": "Point", "coordinates": [ 120.467962, -8.556471 ] } },
{ "type": "Feature", "properties": { "region": "Ledu", "location": "Ledu desa latung kecamatan cibal barat nusa tenggara timur", "households": 6, "people": "6", "needs": "", "reporter": "RISALDUS ELTARI", "contact": "81345247428", "photo": "", "status": "Belum Ditangani", "notes": "" }, "geometry": { "type": "Point", "coordinates": [ 120.468521, -8.548607 ] } },
{ "type": "Feature", "properties": { "region": "Ledu desa latung kecamatan cibal barat", "location": "Ledu desa latung kecamatan cibal barat ntt", "households": 6, "people": "6", "needs": "Butuh beras dan kebutuhan untuk tidur", "reporter": "RISALDUS ELTARI", "contact": "81345247428", "photo": "ad24566e05a313dc37b4969f5722c4d3.jpg", "status": "Belum Ditangani", "notes": "" }, "geometry": { "type": "Point", "coordinates": [ 120.468521, -8.548607 ] } },
{ "type": "Feature", "properties": { "region": "Lekebai", "location": "Nualolo,Rt. 010/ Rw 05 Desa Bhera, kecamatan mego kabupaten Sikka", "households": 1, "people": "3", "needs": "Butuh beras", "reporter": "Icha seda", "contact": "81236763997", "photo": "", "status": "Belum Ditangani", "notes": "" }, "geometry": { "type": "Point", "coordinates": [ 122.078533, -8.726291 ] } },
{ "type": "Feature", "properties": { "region": "MANGGARAI", "location": "KAKOR, DESA KAKOR, KEC RUTENG,KAB MANGGARAI", "households": 900, "people": "1500", "needs": "• Beras\r\n• Telur\r\n• Mi instan", "reporter": "KAYETANUS WAKELAU", "contact": "81242609588", "photo": "f784fa3598e52db00f8b887d024b7844.jpg", "status": "Belum Ditangani", "notes": "" }, "geometry": { "type": "Point", "coordinates": [ 120.400372, -8.579735 ] } },
{ "type": "Feature", "properties": { "region": "Desa wudi", "location": "desa wudi kecamatan cibal", "households": 1, "people": "5 orang", "needs": "butuh sembako", "reporter": "Yustinus Rengo", "contact": "81277190172", "photo": "b61516f2f81e7f516ab84a8d76582afc.jpg", "status": "Belum Ditangani", "notes": "" }, "geometry": { "type": "Point", "coordinates": [ 120.476195, -8.55614 ] } },
{ "type": "Feature", "properties": { "region": "Manggarai", "location": "Kab. Manggarai, Kec. Ruteng, Desa Belang Turi, Dusun Pa'ang Maras, Rt 016, Rw 008.", "households": 24, "people": "84", "needs": "* Makanan:\r\n  * Beras\r\n  * Mie\r\n  * Kebutuhan pokok lainnya", "reporter": "Gersi", "contact": "81246889953", "photo": "ff2d9c9c5da5376183dc816868d25782.jpg", "status": "Belum Ditangani", "notes": "" }, "geometry": { "type": "Point", "coordinates": [ 120.362617, -8.582119 ] } },
{ "type": "Feature", "properties": { "region": "Manggarai", "location": "Kab. Manggarai, Kec. Ruteng, Desa Belang Turi, Dusun Pa'ang Maras, Rt 016, Rw 008.", "households": 24, "people": "84", "needs": "* Makanan:\r\n  * Beras\r\n  * Mie\r\n  * Kebutuhan pokok lainnya", "reporter": "Gersi", "contact": "81246889953", "photo": "d4dc893a219010ee660f732ba8d22ad5.jpg", "status": "Belum Ditangani", "notes": "" }, "geometry": { "type": "Point", "coordinates": [ 120.362617, -8.582119 ] } },
{ "type": "Feature", "properties": { "region": "Kab manggarai", "location": "Kabupaten manggarai.desa belang turi.kec.ruteng", "households": 5, "people": "15", "needs": "Sembako", "reporter": "Rupertus gomarus", "contact": "81246018384", "photo": "42bd4db5665d31bbd949b2f42804ef91.jpg", "status": "Belum Ditangani", "notes": "" }, "geometry": { "type": "Point", "coordinates": [ 120.348872, -8.583263 ] } },
{ "type": "Feature", "properties": { "region": "Flores Manggarai Timur", "location": "gereja GPdI Gloria pota, pota kec sambi Rampas, Manggarai Timur, Nusa Tenggara Timur.", "households": 1, "people": "Sekitar 10 orang", "needs": "Beras kurang lebih 50 kg, telur mie, minyak goreng, obat-obatan luka berdarah ringan maupun keseleo", "reporter": "Carel Bako", "contact": "081353907457,082144211915", "photo": "d12c9b015868a07f8d5464eb85e6813d.jpg", "status": "Belum Ditangani", "notes": "" }, "geometry": { "type": "Point", "coordinates": [ 120.751585, -8.351834 ] } },
{ "type": "Feature", "properties": { "region": "Manggarai tengah, Desa compang dalo,SKB Randong", "location": "Beradah di bawah dataran tinggi dan di kelilingi oleh pengunungan", "households": 1, "people": "6", "needs": "Sabun,beras,selimut,piring sendok dan lain lain", "reporter": "AJIRIL HENING YUSINTHA SUAN", "contact": "81239568339", "photo": "a6b7139d1a0f747246aedd5d6dfd625f.jpg", "status": "Belum Ditangani", "notes": "" }, "geometry": { "type": "Point", "coordinates": [ 120.387225, -8.599965 ] } },
{ "type": "Feature", "properties": { "region": "Manggarai tengah, Desa compang dalo,SKB Randong", "location": "Beradah di bawah dataran tinggi dan di kelilingi oleh pengunungan", "households": 1, "people": "6", "needs": "Sabun,beras,selimut,piring sendok dan lain lain", "reporter": "AJIRIL HENING YUSINTHA SUAN", "contact": "81239568339", "photo": "e61fa4fcfcd437d5ded410498462cd87.jpg", "status": "Belum Ditangani", "notes": "" }, "geometry": { "type": "Point", "coordinates": [ 120.387225, -8.599965 ] } },
{ "type": "Feature", "properties": { "region": "Kecamatan kuwus. Kbp manggarai barat", "location": "Kec kuwus, Kb manggarai barat nusa tenggara timur", "households": 5, "people": "5", "needs": "Beras selimut\r\n  Kami berharap bantuan dari bpk cepat sampai di tempat kami.. \r\nKami sangat berharap bantuan dari pemerentah", "reporter": "Frmprianus kakut", "contact": "82247896627", "photo": "724aa3dc6705d73fe3183aefede7bbac.jpg", "status": "Belum Ditangani", "notes": "" }, "geometry": { "type": "Point", "coordinates": [ 120.452994, -8.570926 ] } },
{ "type": "Feature", "properties": { "region": "Kecamatan kuwus. Kbp manggarai barat", "location": "Kec kuwus, Kb manggarai barat nusa tenggara timur", "households": 5, "people": "5", "needs": "Beras selimut\r\n  Kami berharap bantuan dari bpk cepat sampai di tempat kami.. \r\nKami sangat berharap bantuan dari pemerentah", "reporter": "Frmprianus kakut", "contact": "82247896627", "photo": "d2de7f1de818ffcd283fd2b71dbf2668.jpg", "status": "Belum Ditangani", "notes": "" }, "geometry": { "type": "Point", "coordinates": [ 120.452994, -8.570926 ] } },
{ "type": "Feature", "properties": { "region": "Kabupaten manggarai.kecamatan ruteng.Desa belang turi", "location": "Kabupaten manggarai.kecamatan ruteng.desa.belang turi", "households": 23, "people": "60 jiwa", "needs": "* Beras\r\n* Makanan cepat saji", "reporter": "Krispinus banggur", "contact": "81237754013", "photo": "140bdcc31e8fdd1b17e58fa406e05256.jpg", "status": "Belum Ditangani", "notes": "" }, "geometry": { "type": "Point", "coordinates": [ 120.344172, -8.596816 ] } },
{ "type": "Feature", "properties": { "region": "Kabupaten manggarai.kecamatan ruteng.Desa belang turi", "location": "Kabupaten manggarai.kecamatan ruteng.desa.belang turi", "households": 23, "people": "60 jiwa", "needs": "* Beras\r\n* Makanan cepat saji", "reporter": "Krispinus banggur", "contact": "81237754013", "photo": "140bdcc31e8fdd1b17e58fa406e05256.jpg", "status": "Belum Ditangani", "notes": "" }, "geometry": { "type": "Point", "coordinates": [ 120.344172, -8.596816 ] } },
{ "type": "Feature", "properties": { "region": "Kabupaten manggarai.kecamatan ruteng.Desa belang turi", "location": "Kabupaten manggarai.kecamatan ruteng.desa.belang turi", "households": 23, "people": "60 jiwa", "needs": "* Beras\r\n* Makanan cepat saji", "reporter": "Krispinus banggur", "contact": "81237754013", "photo": "", "status": "Belum Ditangani", "notes": "" }, "geometry": { "type": "Point", "coordinates": [ 120.344172, -8.596816 ] } },
{ "type": "Feature", "properties": { "region": "Mbay", "location": "Desa labolewa kecamatan Aesesa", "households": 3, "people": "20", "needs": "Beras dan dana", "reporter": "Paskalis Zakarias Besa", "contact": "82213120032", "photo": "", "status": "Belum Ditangani", "notes": "" }, "geometry": { "type": "Point", "coordinates": [ 121.266407, -8.575429 ] } },
{ "type": "Feature", "properties": { "region": "Nitung Lea", "location": "Desa Nitung Lea kecamatan palue", "households": 100, "people": "Ada banyak", "needs": "Kebutuhan pokok", "reporter": "Miko Tongge", "contact": "82236924589", "photo": "738f04e0c8b6ffe82db0d52ac29d434e.jpg", "status": "Belum Ditangani", "notes": "" }, "geometry": { "type": "Point", "coordinates": [ 121.711655, -8.335954 ] } },
{ "type": "Feature", "properties": { "region": "Desa Sama", "location": "Sama, desa Sama, kec.Kuwus. Kab.Manggarai Barat.", "households": 2, "people": "7", "needs": "beras 100 kg, selimut 3 pcs, obat luka", "reporter": "Benediktus Kapa", "contact": "81239448017", "photo": "f30fe0683c71c6a343c5a59b20d942f9.jpg", "status": "Belum Ditangani", "notes": "" }, "geometry": { "type": "Point", "coordinates": [ 120.335999, -8.554643 ] } },
{ "type": "Feature", "properties": { "region": "Desa Sama", "location": "Sama, desa Sama, kec.Kuwus. Kab.Manggarai Barat.", "households": 2, "people": "7", "needs": "beras 100 kg, selimut 3 pcs, obat luka", "reporter": "Benediktus Kapa", "contact": "81239448017", "photo": "1a96b3a796100e4844ea1f3d2dcc15f3.jpg", "status": "Belum Ditangani", "notes": "" }, "geometry": { "type": "Point", "coordinates": [ 120.335999, -8.554643 ] } },
{ "type": "Feature", "properties": { "region": "Desa Sama", "location": "Sama, desa Sama, kec.Kuwus. Kab.Manggarai Barat.", "households": 2, "people": "7", "needs": "beras 100 kg, selimut 3 pcs, obat luka", "reporter": "Benediktus Kapa", "contact": "81239448017", "photo": "d28bb49ea1915d881f5a73eb58e0cf85.jpg", "status": "Belum Ditangani", "notes": "" }, "geometry": { "type": "Point", "coordinates": [ 120.335999, -8.554643 ] } },
{ "type": "Feature", "properties": { "region": "Desa Pinggang  , kecamatan cibal", "location": "Pinggang, desa pinggang, kecamatan cibal , Dusun Pinggang", "households": 2, "people": "8 jiwa", "needs": "Beras 200 kg, telur, dan obat-obatan", "reporter": "Siska", "contact": "81239098475", "photo": "a1b450f848ebfc703c0b6733d3040f46.jpg", "status": "Belum Ditangani", "notes": "" }, "geometry": { "type": "Point", "coordinates": [ 120.534796, -8.489023 ] } },
{ "type": "Feature", "properties": { "region": "Nagekeo", "location": "Desa Woedoa-kecamatan nangaroro-kabupaten nagekeo-flores-NTT", "households": 1, "people": "4", "needs": "Airbersih-gempa-selimut-pakayan-beras-obat obatan-mi dan telur", "reporter": "Aloisius lando wangge", "contact": "81239193851", "photo": "cb0e86b7f9405e4e16b372cc98ad8bb9.jpg", "status": "Belum Ditangani", "notes": "" }, "geometry": { "type": "Point", "coordinates": [ 121.352377, -8.785193 ] } },
{ "type": "Feature", "properties": { "region": "Manggarai Tengah, Desa Compang Dalo, SKB Randong", "location": "Berada pada dataran tinggi dengan banyak persawahan,kecamatan ruteng, desa compang Dalo...", "households": 1, "people": "6", "needs": "* Belum disebutkan secara tertulis, tetapi kemungkinan ada bahan pokok makanan seperti beras sebagai kebutuhan dasar dan juga barang-barang kebutuhan pokok sehari-hari seperti sabun dan selimut diikuti dengan barang-barang kecil seperti piring dan gelas.", "reporter": "Braiyen Rohi", "contact": "85337339483", "photo": "7df65e5ed4fc8bfc6424c786d6f65a9f.jpg", "status": "Belum Ditangani", "notes": "" }, "geometry": { "type": "Point", "coordinates": [ 120.38774, -8.60026 ] } },
{ "type": "Feature", "properties": { "region": "Nagekeo", "location": "Desa Woedoa-kecamatan nangaroro-kabupaten nagekeo-flores-NTT", "households": 1, "people": "4", "needs": "Airbersih-gempa-selimut-pakayan-beras-obat obatan-mi dan telur", "reporter": "Aloisius lando wangge", "contact": "81239193851", "photo": "85f13ea3b9fff15f9664b18c49ab70d4.jpg", "status": "Belum Ditangani", "notes": "" }, "geometry": { "type": "Point", "coordinates": [ 121.352377, -8.785193 ] } },
{ "type": "Feature", "properties": { "region": "Manggarai Tengah, Desa Compang Dalo, SKB Randong", "location": "Berada pada dataran tinggi dengan banyak persawahan,kecamatan ruteng, desa compang Dalo...", "households": 1, "people": "6", "needs": "* Belum disebutkan secara tertulis, tetapi kemungkinan ada bahan pokok makanan seperti beras sebagai kebutuhan dasar dan juga barang-barang kebutuhan pokok sehari-hari seperti sabun dan selimut diikuti dengan barang-barang kecil seperti piring dan gelas.", "reporter": "Braiyen Rohi", "contact": "85337339483", "photo": "7c6963983ffcb02dd2a72a0c24521b5c.jpg", "status": "Belum Ditangani", "notes": "" }, "geometry": { "type": "Point", "coordinates": [ 120.38774, -8.60026 ] } },
{ "type": "Feature", "properties": { "region": "Palue", "location": "Jl. Vander Velden, Mudemi", "households": 3, "people": "10", "needs": "Beras 50kg, Obat obatan.", "reporter": "Emanuel Evaristus Enga", "contact": "82145542231", "photo": "", "status": "Belum Ditangani", "notes": "" }, "geometry": { "type": "Point", "coordinates": [ 121.725888, -8.299443 ] } },
{ "type": "Feature", "properties": { "region": "Desa beamese kecamatan cibal", "location": "Desa beamese, dusun teber (kampung bengkok) kecamatan cibal", "households": 2, "people": "8", "needs": "• Beras 200kg\r\n• Air minum\r\n• Telur\r\n• Obat-obatan", "reporter": "Vivilia  vasta sutanti", "contact": "81355769807", "photo": "55fe3ff844ccf4463f6cde0e324dd262.jpg", "status": "Belum Ditangani", "notes": "" }, "geometry": { "type": "Point", "coordinates": [ 120.492472, -8.490391 ] } },
{ "type": "Feature", "properties": { "region": "Mbay-Dhawe", "location": "NTT, NAGEKEO, MBAY, DHAWE", "households": 2, "people": "7 orang", "needs": "Beras, telur atau lauk seadanya, selimut, pakian, tikar", "reporter": "Heribertus Jena", "contact": "+62 888-4608-892", "photo": "", "status": "Belum Ditangani", "notes": "" }, "geometry": { "type": "Point", "coordinates": [ 121.201734, -8.605452 ] } },
{ "type": "Feature", "properties": { "region": "Desa beamese kecamatan cibal", "location": "Desa beamese,dusun teber (bengkong) kecamatan cibal", "households": 2, "people": "8 jiwa", "needs": "Beras 200kg,telur,air minum,obat", "reporter": "Vivilia", "contact": "81238625605", "photo": "45c4e4e5af1ba8581110bc7c8f984bd2.jpg", "status": "Belum Ditangani", "notes": "" }, "geometry": { "type": "Point", "coordinates": [ 120.492472, -8.490391 ] } },
{ "type": "Feature", "properties": { "region": "Desa pinggang kec Cibal kab manggarai", "location": "Desa pinggang dusun pinggang  kec cibal kab Manggarai NTT", "households": 8, "people": "25", "needs": "Butuh beras 100 kg,telur 10 rak dan selimut dan air minum dan obat&quot;an", "reporter": "FERDINANDUS JUMAN", "contact": "82352757046", "photo": "082c7b80d8ee315d0a53de197ea9b455.jpg", "status": "Belum Ditangani", "notes": "" }, "geometry": { "type": "Point", "coordinates": [ 120.50869, -8.50306 ] } },
{ "type": "Feature", "properties": { "region": "Desa Golo Wuas kecamatan Wae Rii", "location": "Desa Golo Wuas Kec Wae Rii Kabupaten Manggarai", "households": 314, "people": "1.300 jiwa", "needs": "Kebutuhan tenda,beras 1 ton,obat-obatan", "reporter": "Helena Kindung", "contact": "82247118618", "photo": "4f9d922e0da8bf11fc6df02c302433e7.jpeg", "status": "Belum Ditangani", "notes": "" }, "geometry": { "type": "Point", "coordinates": [ 120.543823, -8.484314 ] } },
{ "type": "Feature", "properties": { "region": "Desa Golo Wuas kecamatan Wae Rii", "location": "Desa Golo Wuas Kec Wae Rii Kabupaten Manggarai", "households": 314, "people": "1.300 jiwa", "needs": "Kebutuhan tenda,beras 1 ton,obat-obatan", "reporter": "Helena Kindung", "contact": "82247118618", "photo": "1117847d5ceb43f65f0870991f9a659f.jpeg", "status": "Belum Ditangani", "notes": "" }, "geometry": { "type": "Point", "coordinates": [ 120.543823, -8.484314 ] } },
{ "type": "Feature", "properties": { "region": "Desa Golo Wuas kecamatan Wae Rii", "location": "Desa Golo Wuas Kec Wae Rii Kabupaten Manggarai", "households": 314, "people": "1.300 jiwa", "needs": "Kebutuhan tenda,beras 1 ton,obat-obatan", "reporter": "Helena Kindung", "contact": "82247118618", "photo": "eca669cb98a609cd663f0440c8eac176.jpeg", "status": "Belum Ditangani", "notes": "" }, "geometry": { "type": "Point", "coordinates": [ 120.543823, -8.484314 ] } },
{ "type": "Feature", "properties": { "region": "Warloka pesisir", "location": "Warloka pesisir", "households": 4, "people": "4", "needs": "Berikut hasil rapihannya:\r\n• Beras\r\n• Makanan\r\n• Obat-obatan", "reporter": "Winda sari", "contact": "85335750001", "photo": "a17689fb81b28cc65c7f138b78f4ddc2.jpg", "status": "Belum Ditangani", "notes": "" }, "geometry": { "type": "Point", "coordinates": [ 119.886658, -8.49227 ] } },
{ "type": "Feature", "properties": { "region": "Desa Golo Wuas kecamatan Wae Rii", "location": "Desa Golo Wuas Kec Wae Rii Kabupaten Manggarai", "households": 314, "people": "1.300 jiwa", "needs": "Kebutuhan tenda,beras 1 ton,obat-obatan", "reporter": "Helena Kindung", "contact": "82247118618", "photo": "8c251c4e9ee69ccad1351934c966c1af.jpeg", "status": "Belum Ditangani", "notes": "" }, "geometry": { "type": "Point", "coordinates": [ 120.543823, -8.484314 ] } },
{ "type": "Feature", "properties": { "region": "kabupaten sikka", "location": "Kongas RT 05 RW 02 dusun kongas desa wogalirit kecamatan doreng kabupaten sikka NTT", "households": 1, "people": "4", "needs": "Beras,dan makanan ringan serta selimut dan tenda", "reporter": "Hendrika Febrianti Cyntia", "contact": "82147427025", "photo": "c6ef96614bc9f4cb26b551456d3caf65.jpg", "status": "Belum Ditangani", "notes": "" }, "geometry": { "type": "Point", "coordinates": [ 122.150459, -8.654165 ] } },
{ "type": "Feature", "properties": { "region": "kabupaten sikka", "location": "Kongas RT 05 RW 02 dusun kongas desa wogalirit kecamatan doreng kabupaten sikka NTT", "households": 1, "people": "4", "needs": "Beras,dan makanan ringan serta selimut dan tenda", "reporter": "Hendrika Febrianti Cyntia", "contact": "82147427025", "photo": "2bec708e35bdd464f2655cad80a0e41d.jpg", "status": "Belum Ditangani", "notes": "" }, "geometry": { "type": "Point", "coordinates": [ 122.150459, -8.654165 ] } },
{ "type": "Feature", "properties": { "region": "Mbay-Dhawe", "location": "NTT, Nagekeo, Mbay, Dhawe", "households": 2, "people": "7 orang", "needs": "Beras, obat obatan luka,mie dan telur atau lauk seadanya, air mineral, selimut, tikar,", "reporter": "Donatus jago", "contact": "+62 812-4658-3963", "photo": "", "status": "Belum Ditangani", "notes": "" }, "geometry": { "type": "Point", "coordinates": [ 121.201734, -8.605452 ] } },
{ "type": "Feature", "properties": { "region": "Ende", "location": "Jl. Adi Sucipto, IPPI, Kel. Tetandara kec, Ende selatan, kab. Ende", "households": 2, "people": "9", "needs": "Butuh beras, selimut, lauk pauk, dll", "reporter": "Abdurrahman Ubaidillah", "contact": "82236461983", "photo": "65b1df4108ef6948d55ea6d7fca98338.jpg", "status": "Belum Ditangani", "notes": "" }, "geometry": { "type": "Point", "coordinates": [ 121.650238, -8.890771 ] } },
{ "type": "Feature", "properties": { "region": "Kabupaten Manggarai", "location": "Cibal", "households": 10, "people": "43", "needs": "Sembako, obat, penerangan, selimut, peralatan mandi.", "reporter": "Karmilianus Kurniawan", "contact": "81385871290", "photo": "93914ded422f6fe14205e5d9380e5856.jpg", "status": "Belum Ditangani", "notes": "" }, "geometry": { "type": "Point", "coordinates": [ 120.460281, -8.522584 ] } },
{ "type": "Feature", "properties": { "region": "Manggarai Barat NTT", "location": "Roe,Desa Cunca Lolos ,Kecamatan Mbeliling,Kabupaten Manggarai Barat,NTT", "households": 192, "people": "631", "needs": "- 9,6 Ton beras untuk 192 Kk\r\n- Obat-obatan 1 paket\r\n- Selimut 631 lembar\r\n- Tenda Darurat 50 buah", "reporter": "Bonefasius Hariyanto", "contact": "81236818210", "photo": "9a32cd19755022b8f497866461f2cd7a.jpg", "status": "Belum Ditangani", "notes": "" }, "geometry": { "type": "Point", "coordinates": [ 120.009509, -8.59011 ] } },
{ "type": "Feature", "properties": { "region": "Waelengga", "location": "Provinsi NTT, kecamatan Kota Komba , kabupaten Manggarai Timur , kelurahan Watunggene", "households": 1, "people": "6", "needs": "Butuh beras,uang kos ,,minyak ,uang print", "reporter": "Melania Angela Moi", "contact": "81246214033", "photo": "fa4a6af3803ce24bb705653fb8a6695e.jpg", "status": "Belum Ditangani", "notes": "" }, "geometry": { "type": "Point", "coordinates": [ 120.790558, -8.823648 ] } },
{ "type": "Feature", "properties": { "region": "Flores Manggarai Tengah", "location": "Flores , Manggarai Tengah kec lelak desa urang kampung Gencor", "households": 2, "people": "5", "needs": "Beras , selimut dan lain2", "reporter": "Rudy", "contact": "81393440039", "photo": "396c89cf6dcbea69fe408107f01847cf.jpg", "status": "Belum Ditangani", "notes": "" }, "geometry": { "type": "Point", "coordinates": [ 120.292194, -8.644427 ] } },
{ "type": "Feature", "properties": { "region": "Ruteng, Kab. Manggarai", "location": "Rangkat, Redong. Kel. Watu. Rt 023/ Rw 005. Gang 1. Depot air Minum Armada", "households": 1, "people": "5", "needs": "Logistik makanan, dan material bangunan", "reporter": "Sofianus Janggur", "contact": "87867223755", "photo": "f94bb787735cd896024b6e97cf05bd3a.jpg", "status": "Belum Ditangani", "notes": "" }, "geometry": { "type": "Point", "coordinates": [ 120.473386, -8.618176 ] } },
{ "type": "Feature", "properties": { "region": "Ruteng, Kab. Manggarai", "location": "Rangkat, Redong. Kel. Watu. Rt 023/ Rw 005. Gang 1. Depot air Minum Armada", "households": 1, "people": "5", "needs": "Logistik makanan, dan material bangunan", "reporter": "Sofianus Janggur", "contact": "87867223755", "photo": "44f113a2def0f3258621112ef99a598e.jpg", "status": "Belum Ditangani", "notes": "" }, "geometry": { "type": "Point", "coordinates": [ 120.473386, -8.618176 ] } },
{ "type": "Feature", "properties": { "region": "Manggarai", "location": "Cibal", "households": 10, "people": "43", "needs": "Sembako, selimut, obat, peralatan mandi, penerangan.", "reporter": "Klaudensia Cindy Dimur", "contact": "81218581556", "photo": "b8d546758b93dfc35d7f82653231df0a.jpg", "status": "Belum Ditangani", "notes": "" }, "geometry": { "type": "Point", "coordinates": [ 120.50494, -8.472326 ] } },
{ "type": "Feature", "properties": { "region": "Watunggene,manggarai timur", "location": "Desa Watunggene, Kecamatan Kota Komba, Kabupaten Manggarai Timur, Provinsi Nusa Tenggara Timur.", "households": 1, "people": "5", "needs": "Kami mahasiswa butuh beras,makanan", "reporter": "Felisia meltiana kolong", "contact": "82271551394", "photo": "71d23a3200a544e5a9094575fe098a2a.jpg", "status": "Belum Ditangani", "notes": "" }, "geometry": { "type": "Point", "coordinates": [ 120.7416, -8.836 ] } },
{ "type": "Feature", "properties": { "region": "Kampung Dahang Desa Pangga Kecamatan Kuwus Kabupaten Manggarai Barat", "location": "Desa Pangga Kecamatan Kuwus Kabupaten Manggarai Baratb NTT", "households": 8, "people": "24", "needs": "Beras,Pakaian Layak Pakai,Sembako, dan lainya", "reporter": "Mikael Kolinsatrio", "contact": "81339698647", "photo": "e4f2486b2a517bbafb5fb8c5fc815e17.jpeg", "status": "Belum Ditangani", "notes": "" }, "geometry": { "type": "Point", "coordinates": [ 120.277286, -8.534303 ] } },
{ "type": "Feature", "properties": { "region": "Kelurahan Olakile", "location": "Lingkungan wolowawo", "households": 80, "people": "1000", "needs": "1. Beas\r\n2. Obat-obatan\r\n3. Selimut\r\n4. Sembako lainnya", "reporter": "Maria Guadalupe Bali", "contact": "81237956544", "photo": "b9e58ce50922c231df90757489736ed2.jpg", "status": "Belum Ditangani", "notes": "" }, "geometry": { "type": "Point", "coordinates": [ 121.160773, -8.718934 ] } },
{ "type": "Feature", "properties": { "region": "Kelurahan Olakile", "location": "Lingkungan wolowawo", "households": 80, "people": "1000", "needs": "1. Beas\r\n2. Obat-obatan\r\n3. Selimut\r\n4. Sembako lainnya", "reporter": "Maria Guadalupe Bali", "contact": "81237956544", "photo": "da73ca67c56fbb03191e70cd13076b7c.jpg", "status": "Belum Ditangani", "notes": "" }, "geometry": { "type": "Point", "coordinates": [ 121.160773, -8.718934 ] } },
{ "type": "Feature", "properties": { "region": "Kelurahan Olakile", "location": "Lingkungan wolowawo", "households": 80, "people": "1000", "needs": "1. Beas\r\n2. Obat-obatan\r\n3. Selimut\r\n4. Sembako lainnya", "reporter": "Maria Guadalupe Bali", "contact": "81237956544", "photo": "b5df53c2be38fcec979b53f7f659514b.jpg", "status": "Belum Ditangani", "notes": "" }, "geometry": { "type": "Point", "coordinates": [ 121.160773, -8.718934 ] } },
{ "type": "Feature", "properties": { "region": "Ruteng, Maggarai", "location": "Ruteng, Kecamatan Langke Rembong, Kabupaten Manggarai, Provinsi Nusa Tenggara Timur", "households": 1, "people": "0", "needs": "-", "reporter": "Florensia Nufaria Tasyani", "contact": "81246643923", "photo": "325a0e9dbc364ca616dc1cdaf9e8bdcc.jpeg", "status": "Belum Ditangani", "notes": "" }, "geometry": { "type": "Point", "coordinates": [ 120.447537, -8.621857 ] } }
]
}
